id_curso;nome_curso;Link;eixos_tematicos;certificador;conteudista;carga_horaria;disponibilidade_dias;tipo_oferta;apresentacao;publico_alvo;conteudo_programatico;data_lancamento;Acessibilidade;Observacao
615;Acessibilidade na Comunicação;https://www.escolavirtual.gov.br/curso/615;Comunicação;Enap;Ministério dos Direitos Humanos e Cidadania;30;30;Curso Aberto;Neste curso, você irá compreender o conceito biopsicossocial e as terminologias ligadas às pessoas com deficiência. Entrará em contato com a legislação, compreenderá como utilizar recursos e técnicas que melhoram a acessibilidade, além de ver exemplos práticos de comunicação acessível, tanto em eventos presenciais como em conteúdo web e impresso. Inscreva-se agora e tenha oportunidade de compreender como a comunicação pode ser mais acessível e democrática para todos!;Servidores públicos, trabalhadores do setor privado, estudantes e população geral. Curso aberto, gratuito e com certificado, qualquer pessoa pode se inscrever.;"Módulo 1: Conceito biopsicossocial, terminologia e demografia da pessoa com deficiência;Módulo 2: Legislação e atribuições dos gestores na comunicação acessível;Módulo 3: Recursos e técnicas de acessibilidade na comunicação;Módulo 4: Exemplos e práticas de comunicação acessível.";21/11/2021;;
1347;Comunicação Assertiva: Oratória, Retórica e Técnicas de Apresentação;https://www.escolavirtual.gov.br/curso/1347;Comunicação;Enap;Secretaria Especial da Receita Federal do Brasil;50;30;Curso Aberto;Neste curso, você vai compreender e aplicar os princípios da comunicação assertiva em diferentes contextos culturais, utilizando elementos e estratégias de retórica e oratória para formular argumentos eficazes e engajar o público-alvo.;Gestores públicos, servidores públicos e todo cidadão interessado na temática. Curso aberto, gratuito e com certificado.;Módulo 1 - Fundamentos da comunicação assertivaMódulo 2 - Linguagem e contextos culturaisMódulo 3 - Retórica e oratóriaMódulo 4 - Linguagem corporal e medo de falar em públicoMódulo 5 - Formulação de argumentos e engajamento do públicoMódulo 6 - Comunicação escrita assertiva;25/02/2025;;
463;Comunicação não violenta;https://www.escolavirtual.gov.br/curso/463;Comunicação;Enap;Secretaria Especial da Receita Federal do Brasil;20;30;Curso Aberto;O que você entende por Comunicação Não Violenta (CNV)? Quer conhecer sobre este assunto? Este curso apresenta os principais conceitos e pilares para a realização de uma comunicação mais assertiva e empática. Há dicas importantes para o aperfeiçoamento pessoal que você não pode deixar de conhecer. Faça sua inscrição e saiba mais!;Agentes públicos que atuam na concepção, no desenvolvimento, na execução e na avaliação de soluções de capacitação para desenvolvimento de competências. Curso aberto, gratuito e com certificado, qualquer pessoa pode se inscrever.;"Módulo 1: Introdução;Módulo 2: Observar;Módulo 3: Sentir;Módulo 4: Reconhecer;Módulo 5: Pedir;Módulo 6: Na prática";21/06/2022;;
60716;Curso Básico - CANVA;https://moodle.ebserh.gov.br/course/view.php?id=60716;Comunicação;3EC ;EBSERH;2;0;Curso Aberto;Um dos objetivos do Curso Básico CANVA é conhecer a ferramenta de edição de imagens CANVA e estimular o senso criativo dos estudantes/colaboradores.; Todos os colaboradores da Rede Ebserh, incluindo seus residentes e estagiários.;Um dos objetivos do Curso Básico CANVA é conhecer a ferramenta de edição de imagens CANVA e estimular o senso criativo dos estudantes/colaboradores.;;;
1241;Eixo 1 - Expressando ideias e conceitos Programa - Comunicação;https://www.escolavirtual.gov.br/curso/1241;Comunicação;Enap;Enap - Escola Nacional de Administração Pública;105;365;Curso Aberto;Para desenvolver a competência de comunicação entre servidores públicos, é essencial identificar o contexto da comunicação, compreendendo o ambiente organizacional e o papel que o servidor desempenha, assim como as particularidades do interlocutor.;Desenvolvida com foco em servidoras e servidores públicos em geral. Trilha de aprendizagem aberta, gratuita e com certificado. Qualquer pessoa pode se inscrever.;Expressando ideias e conceitos;23/10/2024;;
1240;Eixo 2 - Escutar de forma efetiva Programa - Comunicação;https://www.escolavirtual.gov.br/curso/1240;Comunicação;Enap;Enap - Escola Nacional de Administração Pública;80;365;Curso Aberto;A escuta efetiva, fundamental para uma comunicação eficiente, requer que o servidor atue com inteligência emocional, sabendo gerenciar suas próprias emoções e responder de forma equilibrada e adequada às interações.;Desenvolvida com foco em servidoras e servidores públicos em geral. Trilha de aprendizagem aberta, gratuita e com certificado. Qualquer pessoa pode se inscrever.;Escutar de forma efetiva;23/10/2024;;
1239;Eixo 3 - Interagir de forma produtiva Programa - Comunicação;https://www.escolavirtual.gov.br/curso/1239/;Comunicação;Enap;Enap - Escola Nacional de Administração Pública;59;365;Curso Aberto;Para desenvolver a competência de comunicação, é essencial interagir de forma produtiva, o que inclui cultivar relações interpessoais saudáveis e respeitar a diversidade.;Desenvolvida com foco em servidoras e servidores públicos em geral. Trilha de aprendizagem aberta, gratuita e com certificado. Qualquer pessoa pode se inscrever.;Interagir de forma produtiva;23/10/2024;;
41;eMAG Conteudista;https://www.escolavirtual.gov.br/curso/41;Comunicação;Enap;Ministério da Fazenda;20;30;Curso Aberto;O curso é baseado no Modelo de Acessibilidade em Governo Eletrônico (e-MAG). Esse modelo norteia o desenvolvimento e a adaptação dos conteúdos digitais do governo federal para que sejam acessíveis a todas as pessoas. A proposta do curso é fornecer noções básicas de acessibilidade na Web para as pessoas que trabalhem com inclusão de conteúdos em sites e portais.;Servidores públicos federais que atuem no desenvolvimento de sites. Curso aberto, gratuito e com certificado, qualquer pessoa pode se inscrever.;1 Acessibilidade na Web 1.1 Tipos de deficiências1.2 Uso de Tecnologias Assistivas 2 Diretrizes de acessibilidade 2.1 Desenvolvimento de conteúdos acessíveis na Web2.2 Avaliação de acessibilidade2.3 Apresentação de recursos e ferramentas;14/04/2015;;
674;Eventos Virtuais: da Gestão à Execução;https://www.escolavirtual.gov.br/curso/674;Comunicação;Enap;Enap - Escola Nacional de Administração Pública;20;30;Curso Aberto;Quer se destacar no mundo digital e tornar sua empresa reconhecida? Então chegou a hora de aprender a lidar com os eventos virtuais. Neste curso você compreenderá como elaborar um evento e colocá-lo em prática. Aprenderá as técnicas mais atuais do mercado e ainda terá acesso a muitas dicas para fazer os seus eventos se tornarem um sucesso. Inscreva-se agora!;Agentes públicos, empresários, autônomos e profissionais de eventos. Curso aberto, gratuito e com certificado, qualquer pessoa pode se inscrever.;"Módulo 1: Introdução a Eventos Virtuais (tipologia e classificação de eventos);Módulo 2: Planejamento e Organização de Evento;Módulo 3: Gestão de eventos;Módulo 4: Ferramentas, aplicativos e plataformas para eventos virtuais e híbridos.";23/12/2021;;
675;Ferramentas de Gestão no Teletrabalho (PDP);https://www.escolavirtual.gov.br/curso/675;Comunicação;Enap;Enap - Escola Nacional de Administração Pública;13;30;Curso Aberto;O teletrabalho é uma realidade cada vez mais presente no dia a dia. Por isso, estar atento às ferramentas que podem aumentar a produtividade e diminuir cargas desnecessárias de trabalho é essencial. Neste curso, você vai conhecer as melhores ferramentas para reuniões online, trabalho em equipe e análise de dados. Melhore a sua vida conhecendo ferramentas úteis que vão facilitar o trabalho remoto.;Agentes públicos, empresários, profissionais autônomos e pessoas interessadas em desenvolver habilidades na utilização de ferramentas úteis para o contexto do teletrabalho. Curso aberto, gratuito e com certificado, qualquer pessoa pode se inscrever.;"Módulo 1: Traduzindo o Mundo da Tecnologia;Módulo 2: Melhores Ferramentas para Reuniões Online;Módulo 3: Melhores Ferramentas para Produtividade no Trabalho;Módulo 4: Melhores Ferramentas para o Trabalho Remoto em Equipe;Módulo 5: Melhores Ferramentas para Monitoramento e Análise de Dados.";07/01/2022;;
853;Formação de Mediadores de Leitura;https://www.escolavirtual.gov.br/curso/853;Comunicação;Enap;Ministério da Cultura;20;30;Curso Aberto;Neste curso, você vai aprender a atuar como mediador da leitura em espaços educativos, reconhecendo a leitura como uma prática social e cultural. Além disso, conhecerá as competências essenciais para tornar-se um mediador e para elaborar projetos de leitura com foco na formação de leitores proficientes.;Servidores públicos, educadores, bibliotecários, agentes do setor público e da sociedade civil, interessados na temática.;"Módulo 1: Leitura: prática sociocultural e interfaces. – Introdução;Módulo 2: Ler e mediar: a leitura na cultura oral e grafocêntrica;Módulo 3: A mediação literária na formação do leitor;Módulo 4: Construindo projetos de leitura em diferentes espaços.";29/01/2024;;
598;ForPDI - Plano de Desenvolvimento institucional IES;https://www.escolavirtual.gov.br/curso/598;Comunicação;Enap;Escola Superior de Redes - ESR / Rede Nacional de Pesquisa - RNP;20;30;Curso Aberto;O curso possui como foco apresentar o modelo ForPDI, assim como demonstrar seu uso e benefícios. Apresenta seus conceitos, as principais ferramentas estratégicas que podem ser utilizadas para a elaboração do PDI, o processo de elaboração e a plataforma ForPDI.;Colaboradores das instituições federais de ensino superior, envolvidos direta e/ou indiretamente na elaboração do plano de desenvolvimento institucional. Curso aberto, gratuito e com certificado, qualquer pessoa pode se inscrever.;"Módulo 1: Princípio e conceitos;Módulo 2: Principais ferramentas estratégicas que podem ser utilizadas para a elaboração do PDI;Módulo 3: Processo de Elaboração do PDI;Módulo 4: A Plataforma ForPDI.";24/08/2021;;
769;Fotografia e Audiovisual para Produção de Janelas de Libras;https://www.escolavirtual.gov.br/curso/769;Comunicação;Enap;Enap - Escola Nacional de Administração Pública;20;30;Curso Aberto;Como incluir janela de interpretação de LIBRAS em materiais audiovisuais? Essa e outras perguntas são respondidas neste curso, que vai lhe ensinar, de forma simples e objetiva, normas, conceitos e práticas relacionadas às técnicas de captação e produção de vídeos para aplicação de janelas de interpretação da Língua Brasileira de Sinais - LIBRAS.;Servidores públicos e cidadãos interessados no tema. Curso aberto, gratuito e com certificado, qualquer pessoa pode se inscrever.;"Módulo 1 – Acessibilidade;Módulo 2 – Padrões e Técnicas para Acessibilidade Audiovisual;Módulo 3 – Técnicas para Captação e Edição de Janelas de LIBRAS.";06/06/2022;;
71129;Fundamentos da Linguagem Simples;https://moodle.ebserh.gov.br/course/view.php?id=71129;Comunicação;3EC ;EBSERH;5;0;Curso Aberto;Este é um curso que visa apresentar os pilares da Linguagem Simples e sua importância em órgãos públicos, e especificamente, na Rede Ebserh, com demonstração de diretrizes para construção de textos em Linguagem Simples. É um curso rápido, com duração estimada de 5 horas;Aberto para todos os públicos;Este é um curso que visa apresentar os pilares da Linguagem Simples e sua importância em órgãos públicos, e especificamente, na Rede Ebserh, com demonstração de diretrizes para construção de textos em Linguagem Simples. É um curso rápido, com duração estimada de 5 horas;;;
71126;Fundamentos da Oratória;https://moodle.ebserh.gov.br/course/view.php?id=71126;Comunicação;3EC ;EBSERH;7;0;Curso Aberto;"O curso conta com: Introdução - A base da Oratória; Elementos do processo comunicativo; Comunicação, voz e fala; Linguagem não-verbal, postura e expressão facial; Como realizar apresentações; Aparência, microfone e ambiente virtual; Feedback, leitura e comunicação no trabalho ; Considerações finais.";Aberto para todos os públicos;"O curso conta com: Introdução - A base da Oratória; Elementos do processo comunicativo; Comunicação, voz e fala; Linguagem não-verbal, postura e expressão facial; Como realizar apresentações; Aparência, microfone e ambiente virtual; Feedback, leitura e comunicação no trabalho ; Considerações finais.";;;
320;Introdução à Audiodescrição;https://www.escolavirtual.gov.br/curso/320;Comunicação;Enap;Enap - Escola Nacional de Administração Pública;40;60;Curso Aberto;A audiodescrição é um recurso de acessibilidade comunicacional que aumenta a compreensão de pessoas com deficiência visual, englobando e ampliando a acessibilidade para o entendimento de pessoas com deficiência intelectual, idosos e disléxicos, colaborando com a construção de uma sociedade inclusiva. O curso apresenta recursos de audiodescrição, especialmente em sites, redes sociais e publicações.;Agentes públicos interessados em acessibilidade. Curso aberto, gratuito e com certificado, qualquer pessoa pode se inscrever.;Módulo 1 – Introdução à audiodescriçãoMódulo 2 – Técnicas de audiodescrição aplicadas à internet e sitesMódulo 3 – Audiodescrição na culturaMódulo 4 – Audiodescrição em livros e publicações curtasMódulo 5 – Comunicação acessível;20/08/2020;;
11;Introdução à Libras;https://www.escolavirtual.gov.br/curso/11;Comunicação;Enap;Ministério dos Direitos Humanos e Cidadania;60;60;Curso Aberto;Aprenda a utilizar a Língua Brasileira de Sinais (Libras) e garanta o atendimento e o tratamento adequado às pessoas com deficiência auditiva. A Lei nº 10.436/2002 legitima a Libras como idioma advindo das Comunidades Surdas Brasileiras e obriga o poder público em geral a adotar formas institucionalizadas de apoiar o uso e a difusão dessa língua como meio de comunicação.;Agentes públicos federais, municipais e estaduais que tenham interesse na comunicação com as pessoas Surdas por meio da Língua Brasileira de Sinais. Curso aberto, gratuito e com certificado, qualquer pessoa pode se inscrever.;1 Surdez e sociedade 1.1 Causas, descoberta e graus de perda auditiva1.2 Perspectiva ouvintista e socioantopológica1.3 Legislação sobre a Língua Brasileira de Sinais (Libras)1.4 Comunicação com surdos1.5 Identidade e cultura surda2 Prática de Libras: primeiro contato, alfabeto manual e pronomes pessoais 3 Prática de Libras: expressões faciais e família4 Prática de Libras: calendário e números em Libras5 Prática de Libras: casas e cômodos6 Prática de Libras: meios de transporte7 Prática de Libras: animais e classificadores8 Prática de Libras: profissões;25/10/2016;;
771;Mídias para Educação: produção de vídeos e lives com qualidade;https://www.escolavirtual.gov.br/curso/771;Comunicação;Enap;Enap - Escola Nacional de Administração Pública;20;30;Curso Aberto;Neste curso, você irá conhecer algumas das técnicas mais utilizadas para engajar e encantar públicos e despertar o interesse de todos, a partir de produções audiovisuais educacionais e de práticas de storytelling.;Servidoras e servidores que desejam produzir conteúdo audiovisual (síncrono, no formato de lives e assíncrono no formato de vídeos) com qualidade de áudio e vídeo. Curso aberto, gratuito e com certificado, qualquer pessoa pode se inscrever.;Módulo 1: Linguagem audiovisualMódulo 2: Recursos técnicosMódulo 3: Publicação e plataformas;27/10/2022;;
241;Para Fazer uma Exposição;https://www.escolavirtual.gov.br/curso/241;Comunicação;Enap;Instituto Brasileiro de Museus;20;30;Curso Aberto;Entre as principais estratégias de comunicação em museus e espaços culturais está a exposição. Uma exposição se realiza no encontro entre visitante e objeto expositivo, ou, numa concepção mais abrangente e atual, entre a sociedade e seu patrimônio. Fazer uma exposição interessante torna esse encontro mais efetivo e marcante. Este curso tem o intuito de auxiliar os profissionais que trabalham em museus e outros espaços culturais a atingir esse objetivo, orientando quanto ao pensar, planejar e executar uma exposição.;Profissionais que já atuam ou que queiram atuar em instituições museológicas ou em processos museológicos (como por exemplo, Pontos de Memória). Curso aberto, gratuito e com certificado, qualquer pessoa pode se inscrever.;O que é uma exposição.Pensando a exposição, elementos básicos, o conceito, o processo de criação.Planejando a exposição, estudo dos espaços, recursos expográficos, comunicação visual, conservação e controle ambiental, ação educativa, orçamento, cronograma.Executando a exposição, montagem, manutenção, mediação, desmontagem e avaliação.;18/12/2019;;
477;Português - Interpretação de Texto e Emprego de Regras Gramaticais;https://www.escolavirtual.gov.br/curso/477;Comunicação;Enap;Secretaria Especial da Receita Federal do Brasil;40;60;Curso Aberto;Este curso traz, de forma simples, direta e sem complicações, as principais regras ortográficas da nossa língua e dicas importantes sobre interpretação de texto. Assim, você poderá se comunicar tanto por escrito quanto oralmente de forma objetiva, utilizando linguagem acessível, inteligível e adequada a cada contexto.;Agentes públicos que tenham vínculo com a Receita Federal do Brasil. Curso aberto, gratuito e com certificado, qualquer pessoa pode se inscrever.;"Módulo 1: Gramática aplicada ao texto;Módulo 2 – Interpretação de texto.";09/06/2022;;
315;Primeiros passos para uso de Linguagem Simples;https://www.escolavirtual.gov.br/curso/315;Comunicação;Enap;Enap - Escola Nacional de Administração Pública;8;30;Curso Aberto;Desenvolvido pela Enap, em parceria não onerosa com a jornalista e pesquisadora Heloísa Fischer, este curso tem o intuito de apresentar sete diretrizes para a produção de textos informativos com linguagem simples, que sejam mais fáceis de serem lidos e compreendidos pela maior parte das pessoas. A linguagem simples apresenta-se, ao mesmo tempo, como uma causa social e uma técnica de comunicação. Quer saber como aplicar a linguagem simples? Inscreva-se.;Agentes públicos interessados em produzir textos mais fáceis de serem lidos e compreendidos e interessados no tema. Curso aberto, gratuito e com certificado, qualquer pessoa pode se inscrever.;A linguagem simples e o modelo de escrita Comunica SimplesÉ preciso ter empatia na hora de escrever um textoA hierarquia das informações faz diferençaAs palavras do texto precisam ser conhecidasAs palavras concretas têm preferênciaUse e abuse das frases curtasNunca se esqueça da ordem diretaFaça sempre um diagnóstico;30/06/2020;;
844;Produção de Vídeos: uma introdução;https://www.escolavirtual.gov.br/curso/844;Comunicação;Enap;Serviço Federal de Processamento de Dados;6;30;Curso Aberto;A produção de vídeos pode ser eficaz quando há um adequado planejamento dessa tarefa. Neste curso, você conhecerá dicas e etapas que podem ser implementadas na produção de vídeos para as diversas finalidades. Serão apresentados conceitos e também estratégias que vão auxiliar você nessa ação. Fique por dentro e inscreva-se.;Agentes público que atuam na educação corporativa, marketing e comunicação e demais profissionais interessados no assunto.;"Módulo 1: IntroduçãoMódulo 2: RoteiroMódulo 3: Pré-produçãoMódulo 4: GravaçãoMódulo 5: Pós-produção&nbsp; &nbsp; &nbsp; &nbsp; &nbsp; &nbsp; &nbsp; &nbsp; &nbsp; &nbsp; &nbsp; &nbsp; &nbsp; &nbsp; &nbsp; &nbsp; &nbsp; &nbsp; &nbsp;&nbsp;";17/11/2022;;
878;Produção e edição de vídeo pelo celular;https://www.escolavirtual.gov.br/curso/878;Comunicação;Enap;Empresa Brasileira de Pesquisa Agropecuária;20;30;Curso Aberto;Neste curso você irá conhecer e aprender a utilizar ferramentas práticas e de baixo custo para produção de vídeos usando apenas o celular como ferramenta de produção de conteúdo para soluções de aprendizagem na modalidade a distância, com enfoque na gravação e edição.;Servidores públicos de qualquer esfera e Poder, bem como cidadãos em geral que tenham interesse em utilizar o celular como ferramenta de produção e edição de vídeos. Curso aberto, gratuito e com certificado, qualquer pessoa pode se inscrever.;Módulo 1: Enxergando seu celular como uma ferramenta de produção de conteúdo.Módulo 2: Da pré-produção à gravação de um vídeo.Módulo 3: Hora de editar seus vídeos com o celular.Módulo 4: Hospedando seus vídeos;06/10/2022;;
545;SEI! Usar para Deficientes Visuais;https://www.escolavirtual.gov.br/curso/545;Comunicação;Enap;Unicorreios;20;30;Curso Aberto;Este curso é a versão Acessível do Sistema Eletrônico de Informações (SEI), voltado para deficientes visuais, e apresenta suas principais funcionalidades. O sistema é utilizado na Administração Pública federal para aprimorar a gestão documental e facilitar o acesso de servidores e cidadãos às informações institucionais, propiciando celeridade, segurança e economicidade. O objetivo do curso é capacitar as pessoas que atuam na gestão de documentos para utilizar o SEI e usufruir dos seus benefícios no dia a dia de trabalho.;Agentes públicos das esferas de governo federal, estadual e municipal, com deficiência visual, que tenham atuação na gestão de documentos. Curso aberto, gratuito e com certificado, qualquer pessoa pode se inscrever. Curso aberto, gratuito e com certificado, qualquer pessoa pode se inscrever.;Módulo 1: IntroduçãoMódulo 2: Operações com processosMódulo 3: Operações com documentosMódulo 4: Utilização de BlocosMódulo 5: Recuperação de informaçõesMódulo 6: Usuários Externos;25/06/2021;;
445;Uso de Mídias Sociais na Comunicação Institucional;https://www.escolavirtual.gov.br/curso/445;Comunicação;Enap;Enap - Escola Nacional de Administração Pública;20;30;Curso Aberto;O uso de mídias sociais nas instituições públicas tem sido um elemento importante na comunicação com o público no cenário digital. Este curso apresenta os principais aspectos da comunicação e uma visão geral sobre a aplicação das redes sociais no ambiente institucional, com dicas e estratégias que podem ser utilizadas nesse tipo de atividade. Faça sua inscrição para saber mais!;Agentes públicos que atuam ou que tenham interesse em conhecer como utilizar as mídias sociais na comunicação institucional de suas instituições.;"Módulo 1: Visão Geral sobre Comunicação;Módulo 2: Panorama das Redes Sociais;Módulo 3: Planejamento em Redes Sociais;Módulo 4: Noções de Direção de Criação;Módulo 5: Resumo das Estratégias.";30/12/2022;;
813;UX Writing para Transformação Digital;https://www.escolavirtual.gov.br/curso/813;Comunicação;Enap;Secretaria de Governo Digital;25;30;Curso Aberto;Para que o uso de produtos ou serviços tenha como resultado uma experiência positiva, é preciso desenvolvê-los com foco na experiência do usuário. Nesse sentido, o UX Writing é uma ferramenta muito importante para proporcionar experiências satisfatórias que possam engajar o cidadão. Você já conhece esse tipo de escrita? Que tal se inscrever neste curso para buscar uma diferenciação por meio da experiência que você oferece ao público?;Agentes públicos e profissionais interessados na escrita para experiência do usuário. Curso aberto, gratuito e com certificado, qualquer pessoa pode se inscrever.;Módulo 1: Contextualizando o UX Design na Transformação DigitalMódulo 2: UX Writing: o Texto na Experiência do UsuárioMódulo 3: Como fazer UX Writing?Módulo 4: O UX Writing na Administração Pública;29/11/2022;;
3207;Comunicação Empresarial - Turma 2026B;https://aprendamais.mec.gov.br/course/view.php?id=3207;Comunicação;MEC;MEC;;;;;;;;;
3522;Web Design - Turma 2026B;https://aprendamais.mec.gov.br/course/view.php?id=3522;Comunicação;MEC;MEC;20;;;;;;;;
3156;A arte de falar em público - Turma 2026B;https://aprendamais.mec.gov.br/enrol/index.php?id=3156;Comunicação;MEC;MEC;20;4;;;estudantes e profissionais de qualquer área do conhecimento;"a habilidade de se comunicar bem; preparando-se para falar em público";;;
3201;Cerimonial: conceitos, precedência e símbolos - Turma 2026B;https://aprendamais.mec.gov.br/enrol/index.php?id=3201;Comunicação;MEC;MEC;20;;;;;;;;
3202;Cerimonial: tipos, etiqueta e profissional - Turma 2026B;https://aprendamais.mec.gov.br/enrol/index.php?id=3202;Comunicação;MEC;MEC;20;;;;;;;;
3253;Edição de Vídeos no Shotcut - Turma 2026B;https://aprendamais.mec.gov.br/enrol/index.php?id=3253;Comunicação;MEC;MEC;20;;;;;;;;
3481;Relações Públicas: comunicação e planejamento - Turma 2026B;https://aprendamais.mec.gov.br/course/view.php?id=3481;Comunicação;MEC;MEC;20;;;;;;;;
3512;Técnicas de Publicidade e Propaganda - Turma 2026B;https://aprendamais.mec.gov.br/course/view.php?id=3512;Comunicação;MEC;MEC;30;;;;;;;;
74;Comunicação Não Violenta;https://moodle.ebserh.gov.br/course/view.php?id=74;Comunicação ;3EC ;EBSERH;20;0;Curso Aberto;As aulas abordam a compreenção dos princípíops da CNV, Desenvolver habilidades de escuta ativa e empatia, Aprender a expressar sentimentos e necessidades elém de Aplicar a CNV na resolução de conflitos.;Aberto para todos os públicos;Dentre os conteúdos abordados estão: Fundamentos da CNV, Os quatro componentes da CNV, Escuta empática, Expressão autêntica e Resolução de conflitos;;;
488;Comunicação Pública e Comunicação de Governo;https://www.escolavirtual.gov.br/curso/488;Comunicação ;Enap;Enap - Escola Nacional de Administração Pública;10;30;Curso Aberto;Neste curso, você irá conhecer o conceito de comunicação pública e suas especificidades e compreenderá como estruturar um departamento de comunicação para lidar com as particularidades desse setor. Além disso, identificará o impacto das mídias digitais e das fake news na gestão pública e os elementos essenciais para articular um adequado planejamento da comunicação. Saiba mais!;"Profissionais que atuam na área de comunicação pública e demais interessados na área. Curso aberto, gratuito e com certificado; qualquer pessoa pode se inscrever.";"Módulo 1: Introdução à comunicação e conceitos básicos da comunicação pública e organizacional;Módulo 2: Comunicação na gestão;Módulo 3: Crises;Módulo 4: Comunicação Pública: especificidades e alertas na web;Módulo 5: Gestão estratégica da comunicação.";06/07/2022;;
772;Comunicação Pública e Gestão de Relacionamento com Cidadão;https://www.escolavirtual.gov.br/curso/772;Comunicação ;Enap;Enap - Escola Nacional de Administração Pública;20;30;Curso Aberto;Neste curso, por meio de conceitos e estudos de caso, você conhecerá noções de comunicação pública e de relacionamento com os diversos públicos e partes interessadas. Você também compreenderá o que é e quais são as diferenças entre comunicação pública, governamental e privada e também o que é a comunicação organizacional e seus fluxos. Além disso, saberá com utilizar e relacionar as formas de comunicação on-line e off-line, como identificar os públicos da organização e a analisar os riscos e crises na contemporaneidade.;Agentes públicos que desejam entender a dinâmica da comunicação na organizações, propor melhores práticas e ter uma percepção do cidadão como cliente do serviço.;"&nbsp; &nbsp;Módulo 1: Comunicação Pública&nbsp; &nbsp;Módulo 2: Comunicação on-line e off-line&nbsp; &nbsp;Módulo 3: Como se relacionar com os públicos da Organização";16/11/2022;;
806;Estratégias de Marketing Digital para a Administração Pública;https://www.escolavirtual.gov.br/curso/806;Comunicação ;Enap;Secretaria de Governo Digital;25;30;Curso Aberto;Os meios de comunicação digitais são veículos que transmitem informação sobre inúmeros serviços. Você conhece a importância do marketing digital para a administração? Sabia que o Governo Digital pode utilizar isso para melhoria dos diálogos com o cidadão? Inscreva-se e venha conhecer as ferramentas que as estratégias de marketing digital podem oferecer para criação e produção de conteúdo nos canais virtuais. Vamos lá?;Agentes públicos e profissionais interessados em aprender estratégias e ações que utilizam canais de comunicação na Internet por meio do marketing digital e dos recursos tecnológicos para a Administração Pública. Curso aberto, gratuito e com certificado, qualquer pessoa pode se inscrever.;"Módulo 1: Noções de Comunicação para a Administração Pública;Módulo 2: Marketing Digital: O que É e Como Fazer;Módulo 3: O que Fazer com os Dados dos Canais Digitais?;Módulo 4: Marketing Digital para o Setor Público na Prática.";22/12/2022;;
332;Linguagem simples aproxima o governo das pessoas. Como usar?;https://www.escolavirtual.gov.br/curso/332;Comunicação ;Enap;Laboratório de Inovação em Governo da Secretaria Municipal de Inovação e Tecnologia de São Paulo;20;30;Curso Aberto;Quer aprender como simplificar aquele documento com uma linguagem super complexa? E ainda aprender como escrever textos com uma linguagem simples e compreensível? Este curso vai te ensinar uma forma estruturada de fazer isso. O curso apresenta e aprofunda a discussão sobre o uso da linguagem simples no setor público e a importância da disseminação da pauta no Brasil.;Agentes públicos interessados em produzir textos mais fáceis de serem lidos e compreendidos e interessados no tema. Curso aberto, gratuito e com certificado, qualquer pessoa pode se inscrever.;MÓDULO 1 - Conheça a Linguagem SimplesMÓDULO 2 - Use a Linguagem SimplesMÓDULO 3 - Compartilhe a Linguagem Simples;08/07/2020;;
563;Redação Oficial e Noções de SEI e suas aplicações;https://www.escolavirtual.gov.br/curso/563;Comunicação ;Enap;Fundação CEPERJ;10;30;Curso Aberto;Curso destinado ao aperfeiçoamento da redação oficial, voltado para o servidor público do Estado do Rio de Janeiro, com noções do SEI. Também aberto ao público em geral.;Servidores públicos. Curso aberto, gratuito e com certificado, qualquer pessoa pode se inscrever.;"Redação Oficial e suas principais características;Tipos de Redação Oficial e suas estruturas;O parágrafo e sua estruturas;Composição de texto;Dicas práticas de redação;Noções sobre o Sistema Eletrônico de Informaçãoes (SEI).";17/08/2021;;
AP10;An Introduction to Public Speaking in Government;https://apolitical.co/microcourses/en/introduction-to-public-speaking-in-government;Comunicação ;Apolitical;Equipe Apolitical;2;Autoinstrucional;Curso aberto;Desenvolve habilidades de comunicação oral para atuação no setor público.;Servidores públicos, gestores e lideranças;Técnicas de apresentação, construção de mensagens, comunicação com públicos diversos e gestão da ansiedade ao falar em público.;Não informado;;
AP6;Writing Effective Briefings in the Public Service;https://apolitical.co/microcourses/en/become-a-data-confident-public-servant;Comunicação ;Apolitical;Equipe Apolitical;2;Autoinstrucional;Curso aberto;Capacita para elaboração de briefings e documentos executivos.;Servidores públicos;Elaboração de notas técnicas, briefings e documentos executivos;Não informado;;
1405;Contratação de serviços de publicidade na administração pública;https://www.escolavirtual.gov.br/curso/1405;Logística e Compras Públicas;Enap;Controladoria Geral da União;30;;;Contrate serviços de publicidade na administração pública com segurança jurídica e eficácia! O curso aborda o conceito de publicidade, as diferenças entre publicidade, propaganda e marketing, o que será contratado, a legislação aplicável e as etapas internas e externas do processo. Destinado a gestores e agentes de contratação que precisam conduzir processos de contratação de agências e serviços de comunicação no setor público.;Profissionais envolvidos, direta ou indiretamente, na contratação de serviços de publicidade na administração pública e demais interessados. Curso aberto, gratuito, com certificado.;"Módulo 1: Introdução;Módulo 2: O que é publicidade – e o que não é?Módulo 3: Publicidade, propaganda e marketing – quais as diferenças?Módulo 4: O que será contratado – e como?Módulo 5: Qual é a legislação aplicável?Módulo 6: Quais são as etapas internas?Módulo 7: Quais são as etapas externas?Módulo 8: O que alerta o controle?";;;
1182;Gestión del Tiempo y Productividad;https://www.escolavirtual.gov.br/curso/1182;Desenvolvimento Pessoal;Enap;Secretaria Especial da Receita Federal do Brasil;40;;;¡Desarrolla tu productividad con autoconocimiento y herramientas prácticas! El curso aborda el autoconocimiento como base para la productividad, conceptos y contextos de productividad, elementos y herramientas para mejorar el rendimiento, gestión del tiempo y las actitudes de las personas productivas. Ideal para profesionales que desean alcanzar mejores resultados con más equilibrio y propósito en el trabajo.;Agentes públicos interesados en el tema. Un curso abierto, gratuito y con certificado, en el que cualquiera puede inscribirse.;Módulo 1: Autoconocimiento: paradas y reflexiones.Módulo 2: Productividad: conceptos y contextos.Módulo 3: Elementos y herramientas de productividad.Módulo 4: Gestión del tiempo.Módulo 5: Actitudes de las personas productivas.;;;
1402;Time management and productivity;https://www.escolavirtual.gov.br/curso/1402;Desenvolvimento Pessoal;Enap;Secretaria Especial da Receita Federal do Brasil;40;;;Boost your productivity through self-knowledge and practical tools! This course covers self-knowledge as the foundation for productivity, productivity concepts and contexts, elements and tools for better performance, time management strategies and the habits and attitudes of highly productive people. Ideal for professionals seeking greater results, balance and purpose in their daily work.;Agentes públicos e demais interessados no tema. Curso aberto, gratuito e com certificado, qualquer pessoa pode se inscrever.;Módulo 1: Self-Knowledge: pauses and reflections.Módulo 2: Productivity: concepts and contexts.Módulo 3: Elements and tools for productivity.Módulo 4: Time management.Módulo 5: Attitudes of productive people.;;;
1168;Como conseguir um novo emprego;https://www.escolavirtual.gov.br/curso/1168;Desenvolvimento Pessoal;Enap;Microsoft;6;10;Curso Aberto;Neste curso você encontrará ferramentas, dicas e passos fundamentais que te auxiliarão a conseguir o seu primeiro ou novo emprego. Está interessado? Inscreva-se!;Qualquer cidadão interessado na temática. Curso aberto, gratuito e com certificado, qualquer pessoa pode se inscrever.;Módulo 1 - O currículo: crie o seu de forma atrativaMódulo 2 - A busca: saiba como procurar um empregoMódulo 3 - A entrevista: prepare-se para esse momento decisivoMódulo 4 - O LinkedIn: use essa ferramenta para encontrar emprego;02/08/2024;;
1076;Educação Financeira Pessoal;https://www.escolavirtual.gov.br/curso/1076;Desenvolvimento Pessoal;Enap;Banco Central do Brasil;40;60;Curso Aberto;Esse curso prepara você para lidar melhor com seu dinheiro, por meio do tripé de educação financeira “PLA-POU-CRÉ”: PLAnejar o uso do dinheiro, POUpar ativamente e usar o CRÉdito de forma responsável. Embora desenvolvido com foco em educadores e gestores escolares, pode ser feito por qualquer pessoa interessada em melhorar a gestão de suas finanças pessoais e realizar sonhos!;Qualquer pessoa interessada em aprender a lidar melhor com seu dinheiro pode se inscrever. Alguns conteúdos e exemplos estarão focados no contexto da educação, pois esse curso é complementar à Formação de Gestores Escolares do Aprender Valor, o programa de Educação Financeira nas Escolas desenvolvido pelo Banco Central do Brasil. Curso aberto, gratuito e com certificado.;Módulo 1 - Nossa Relação com o dinheiroMódulo 2 – Planejar, poupar e usar crédito;20/05/2024;;
805;Employee Experience (EX): Engajamento e Produtividade no Setor Público;https://www.escolavirtual.gov.br/curso/805;Desenvolvimento Pessoal;Enap;Secretaria de Governo Digital;25;30;Curso Aberto;Este curso foca no Employee Experience para a melhoria do engajamento dos agentes públicos no processo de transformação digital voltado para o cidadão. Em um contexto incerto e ambíguo, entender essa temática pode contribuir para enxergar a realidade dos usuários de forma empática, abrangente e inovadora. Você verá como inspirar a mudança para um modelo de pensar e agir focado nas pessoas.;Agentes públicos de qualquer esfera e Poder, bem como cidadãos em geral que tenham interesse em Employee Experience aplicado para melhoria do engajamento no serviço público. Curso aberto, gratuito e com certificado, qualquer pessoa pode se inscrever.;"Módulo 1: EX: Engajamento e Produtividade no Setor Público;Módulo 2: Segurança Psicológica no Trabalho e Confiança Criativa;Módulo 3: Comunicação Organizacional Empática com Storytelling de Dados;Módulo 4: Boas Práticas de Employee Experience para Transformação Digital.";31/01/2023;;
1187;Planificación y Organización Personal en el Trabajo;https://www.escolavirtual.gov.br/curso/1187;Desenvolvimento Pessoal;Enap;Secretaria Especial da Receita Federal do Brasil;20;30;Curso Aberto;Este curso presenta herramientas, reflexiones y prácticas relacionadas con la planificación personal y la organización en el trabajo. Ayudará a aportar más seguridad, bienestar y facilitará la comunicación, como el buen uso del correo electrónico, las agendas de trabajo, una visión directiva y analítica de las tareas. Descubra qué es y las ventajas de la planificación personal y laboral.;Agentes públicos interesados en el tema. Un curso abierto, gratuito y con certificado, en el que cualquiera puede inscribirse.;Módulo 1: Conceptos iniciales de planificación personal y organizaciónMódulo 2: ¿Soy organizado?Módulo 3: Como (re)comenzar a organizarMódulo 4: Herramientas de organización en el trabajo;12/08/2024;;
1140;Planning and Personal Organization in the Workplace;https://www.escolavirtual.gov.br/curso/1140;Desenvolvimento Pessoal;Enap;Secretaria Especial da Receita Federal do Brasil;20;30;Curso Aberto;This course is designed to present tools, reflections and practices related to personal planning and organization at work. It will be helpful for enhancing security, well-being, and facilitated communication. Imagine mastering email, efficient work scheduling, and insightful task management. Come and find out what planning is, why you should plan and the advantages of personal and work planning.;Public officials interested in the subject. Open course, free of charge and with a certificate, anyone can sign up.;Module 1: Initial concepts of planning and personal organizationModule 2: Am I organized?Module 3: How to (re)start organizingModule 4: Organizational tools in the workplace;15/08/2024;;
817;Propósito e Qualidade de vida: Descobertas para o Desenvolvimento Pessoal;https://www.escolavirtual.gov.br/curso/817;Desenvolvimento Pessoal;Enap;Enap - Escola Nacional de Administração Pública;10;30;Curso Aberto;Você sabia que as pessoas de maior influência são aquelas que se concentraram numa direção e propósitos definidos? Que tal fazer parte deste rol e mergulhar mais fundo na compreensão deste e de outros assuntos tão instigantes e essenciais sobre a existência humana? Convidamos você a se inscrever agora no Curso Propósito e Qualidade de vida: descobertas para o desenvolvimento pessoal. Venha ser EV.G!;Agentes públicos de qualquer esfera e poder interessados em refletir sobre como desenvolver um propósito de vida e desfrutar do momento presente. Curso aberto, gratuito e com certificado, qualquer pessoa pode se inscrever.;"Módulo 1: Viver o Momento Presente;Módulo 2: Propósito de Vida;Módulo 3: É possível Planejar sem Ansiedade?Módulo 4: Neurociência e a sua Relação com as Emoções.";12/05/2022;;
461;Documentos fiscais aplicados à vigilância e repressão de ações da Receita Federal;https://www.escolavirtual.gov.br/curso/461;Direito e Legislação;Enap;Secretaria Especial da Receita Federal do Brasil;24;30;Curso Exclusivo;Você conhece os documentos fiscais aplicados à Vigilância e Repressão da Receita Federal do Brasil? Este curso apresenta as noções gerais referentes aos diversos documentos fiscais, sobretudo aqueles que integram o Sistema Público de Escrituração Digital (SPED). Saiba mais, faça sua inscrição!;Servidores da área de Vigilância e Repressão da RFB. Exclusivo para servidores da Receita Federal do Brasil. Para o usuário ter acesso ao curso é necessário que tenha o cadastro na EV.G com seu e-mail institucional (@rfb.gov.br ou @receita.fazenda.gov.br ou @receita.economia.gov.br).;Módulo 1: Visão geral sobre o Sistema Público de Escrituração Digital (SPED)Módulo 2: Nota Fiscal Eletrônica (NF-E)Módulo 3: Conhecimento de transporte eletrônico (CT-E)Módulo 4: Tópicos complementares;27/06/2022;;
497;Gestão Municipal de Contratos Administrativos;https://www.escolavirtual.gov.br/curso/497;Direito e Legislação;Enap;Secretaria Especial de Assuntos Federativos;10;30;Curso Aberto;Neste curso você vai conhecer os tipos, as características, as principais cláusulas e os princípios que orientam a gestão dos contratos administrativos municipais. Além disso, o curso apresenta os agentes envolvidos na gestão e fiscalização desses contratos e suas responsabilidades. Faça sua inscrição!;Agentes públicos que atuam ou tenham interesse em atuar no processo de execução e gestão de contratos administrativos municipais. Curso aberto, gratuito e com certificado, qualquer pessoa pode se inscrever.;Módulo 1: Contratos Administrativos.Módulo 2: Fiscais e Responsabilidades.;07/07/2022;;
470;Legislação Básica aplicada à Vigilância e Repressão;https://www.escolavirtual.gov.br/curso/470;Direito e Legislação;Enap;Secretaria Especial da Receita Federal do Brasil;24;30;Curso Exclusivo;Você conhece a legislação básica aplicada à área de Vigilância e Repressão da Receita Federal do Brasil? Este curso apresenta as principais orientações legislativas e o aporte normativo que subsidiam as atividades de combate ao contrabando, ao descaminho e à sonegação fiscal realizadas pelo órgão. Saiba mais, faça sua inscrição!;Servidores da área de Vigilância e Repressão da RFB. Exclusivo para servidores da Receita Federal do Brasil. Para o usuário ter acesso ao curso é necessário que tenha o cadastro na EV.G com seu e-mail institucional (@rfb.gov.br ou @receita.fazenda.gov.br ou @receita.economia.gov.br).;Módulo 1 — Visão geral da vigilância e da repressãoMódulo 2 — Vigilância e repressão na RFBMódulo 3 — Procedimentos especiais na vigilância e na repressãoMódulo 4 — Crimes e infrações conexos à vigilância e à repressão;02/06/2022;;
122;MROSC: Planejamento e Transparência;https://www.escolavirtual.gov.br/curso/122;Direito e Legislação;Enap;Ministério da Fazenda;20;30;Curso Aberto;O curso apresenta os aspectos e dispositivos relacionados ao planejamento e à transparência, presentes na Lei n° 13.019/2014 e no Decreto n° 8.726/2016, com o objetivo de capacitar servidoras e servidores públicos das três esferas de governo, dos órgãos de fiscalização e controle (incluindo o controle social), bem como as instituições da sociedade civil, para a operar parcerias entre Estado e Organização da Sociedade Civil (OSC). O curso faz parte do Programa MROSC para parceiros públicos e privados.;Agentes públicos federais, municipais e estaduais que atuem na operacionalização da Lei nº 13.019, de 31 de julho de 2014, de tenham interesse nas relações entre instituições públicas e sociedade civil organizada, bem como pessoas que tenham atuação em instituições da sociedade civil. Curso aberto, gratuito e com certificado, qualquer pessoa pode se inscrever.;1) Atuação em rede de OSC em políticas públicas. 2) Razões para realizar parceria com OSC. 3) Transição dos convênios e aplicação subsidiária da Lei. 4) Implementação federativa do MROSC. 5) Principais pontos dos decretos de regulamentação da Lei. 6) Outras formas de contratualização e exceções. 7) Acessibilidade no MROSC. 8) Procedimento de Manifestação de Interesse Social - PMIS. 9) Transparência. 10) Papel da Comissão de Seleção, de Monitoramento e Avaliação e do(a) Gestor(a) da Parceria. 11) Fundos Específicos, Conselhos de Direitos e de Políticas Públicas.;07/05/2019;;
72;Noções Gerais de Direitos Autorais;https://www.escolavirtual.gov.br/curso/72;Direito e Legislação;Enap;Universidade Estadual de Ponta Grossa;10;30;Curso Aberto;Com o advento da internet, o compartilhamento de materiais aumentou significativamente, causando algumas dúvidas e incertezas em relação à autoria, uso e possibilidade de modificações desses materiais. Nesse curso, você conhecerá algumas questões gerais sobre direitos autorias no Brasil e aprenderá a relacionar as recomendações e determinações legais às situações reais de uso e de compartilhamento de materiais produzidos por terceiros.;Servidores públicos que com interesse na temática de direitos autorais. Curso aberto, gratuito e com certificado, qualquer pessoa pode se inscrever.;1 Direito Autoral 1.1 Evolução histórica 1.2 Conceito 1.3 Legislação no Brasil 2 Obras Intelectuais 2.1 Obras protegidas 2.2 Autoria de obras intelectuais 2.3 Registro de obras intelectuais 3 Direitos do autor 3.1 Direitos morais e patrimoniais 3.2 Temporariedade 3.3 Autorização prévia e Proteção automática 3.4 Individualidade e independência da proteção 3.5 Direitos do autor na Administração Pública 3.5.1 Fomento à cultura 3.5.2 Contratação de obras protegidas 3.5.3 Obras protegidas criadas por servidores públicos 4 Utilização de obras protegidas 4.1 Transferência dos direitos do autor 4.2 Limitações dos direitos do autor 4.3 Avanços jurisprudenciais;25/03/2014;;
556;Sandbox Regulatório: do Regulamento à Inovação na Rua;https://www.escolavirtual.gov.br/curso/556;Direito e Legislação;Enap;Enap - Escola Nacional de Administração Pública;20;30;Curso Aberto;Em um cenário de muitas transformações e desafios, a inovação é a chave para aprimorar a gestão pública e impulsionar o desenvolvimento local. Este curso apresenta ferramentas eficazes para modernizar a administração, fomentar novas soluções e desburocratizar processos. Explore o Sandbox regulatório como um grande instrumento para experimentar, aprender e criar ambientes propícios à inovação, transformando o futuro das cidades e do país.;Prefeitos, Secretários de Ciência, Tecnologia e Inovação, Secretários de Transformação Digital, Secretários de Desenvolvimento Econômico e equipes subordinadas. Agências Reguladoras e equipes subordinadas. Curso aberto, gratuito e com certificado, qualquer pessoa pode se inscrever.;"Módulo 1: Fundamentos do Sandbox Regulatório;Módulo 2: Governança do Sandbox Regulatório;Módulo 3: Impacto e Resultado do Sandbox Regulatório.";16/12/2025;;
369;Segurança em Máquinas e Equipamentos NR12 - Fundamentos Básicos;https://www.escolavirtual.gov.br/curso/369;Direito e Legislação;Enap;FUNDACENTRO - Fundação Jorge Duprat Figueiredo de Segurança e Medicina do Trabalho;8;30;Curso Aberto;Conhecer a aplicação correta da Norma Regulamentadora NR 12 revisada é fator determinante para a redução de acidentes e doenças oriundas do funcionamento das máquinas e equipamentos. Existem dispositivos e sistemas operacionais que devem dialogar com Segurança e Saúde no Trabalho. É importante o domínio de nomenclaturas específicas e seus significados. O conhecimento técnico auxiliará na segurança aplicada as etapas do ciclo de vida das máquinas, preservando a qualidade de vida dos envolvidos.;Profissionais interessados ou que interagem com segurança de máquinas e equipamentos. Curso aberto, gratuito e com certificado, qualquer pessoa pode se inscrever.;"Eletricidade (circuito de potência, circuito de comando, circuito de partida de motor, contatores, disjuntores);Mecânica (eixos, árvores, polias, correias, engrenagens, acoplamentos);Hidráulica (bombas, atuadores, válvulas, bloco monofoldes);Pneumática (atuadores, válvulas direcionais, válvulas reguladoras de fluxo, unidade de preparação de ar);Normas Técnicas (normas Nacionais, internacionais, normas europeias, hierarquia das normas).";14/12/2020;;
642;Termo de Compromisso: Atos Preparatórios;https://www.escolavirtual.gov.br/curso/642;Direito e Legislação;Enap;Secretaria de Gestão e Inovação (SEGES/MGI);14;30;Curso Aberto;Você sabia que a caracterização dos usuários no Transferegov.br se divide em atores centrais do processo de transferências de recursos? Temos o repassador e o recebedor. E são eles os responsáveis por alimentar o sistema com informações e realizar a gestão dos recursos transferidos entre a União e os estados, Distrito Federal e municípios. Bom, neste curso, esperamos que você consiga operar a gestão de recursos no Transferegov.br com excelência. Quer saber como? Se inscreva e fique por dentro de todos os detalhes!;Repassadores e recebedores de transferências da União. Curso aberto, gratuito e com certificado, qualquer pessoa pode se inscrever.;"Módulo 1: Cadastro do Programa no Transferegov.br;Módulo 2: Cadastro dos dados da Proposta no Transferegov.br;Módulo 3: Cadastro do Plano de Trabalho no Transferegov.br;Módulo 4: Cadastro do Termo de Referência, Noções de Projeto Básico e Envio da Proposta;Módulo 5: Análise da Proposta e do Plano de Trabalho pelo Repassador;Módulo 6: Formalização e Celebração do Instrumento.";28/04/2022;;
1482;Eixo 5 - Conduzindo Investigação em Processos Administrativos Responsabilizatórios e Solucionando Conflitos Programa ;;Direito e Legislação;Enap;Enap - Escola Nacional de Administração Pública;29;;;Conduza investigações em processos administrativos responsabilizatórios e solucione conflitos contratuais com segurança jurídica! Este eixo do Programa de Contratações Públicas aborda os procedimentos de investigação para apuração de infrações contratuais, a instrução dos processos e os mecanismos de solução de conflitos disponíveis na Nova Lei de Licitações. Essencial para gestores e fiscais de contratos públicos.;Agentes públicos que atuam na área de contratações públicas. Trilha de aprendizagem aberta, gratuita e com certificado. Qualquer pessoa pode se inscrever.;Conduzindo Investigação em Processos Administrativos Responsabilizatórios e Solucionando Conflitos;;;
228;Acesso à informação e Ouvidorias do Ministério Público;https://www.escolavirtual.gov.br/curso/228;Direitos Humanos;Enap;Controladoria Geral da União;20;;;O curso foi desenvolvido pela Enap, em parceria com a Ouvidoria-Geral da União (OGU) e a Ouvidoria Nacional do Ministério Público (ONMP), para integrar a Certificação em Ouvidoria no âmbito do Ministério Público brasileiro. Essa capacitação demonstra as bases normativas, conceituais e operacionais que podem ser utilizadas pelas Ouvidorias do Ministério Público que gerenciam o Serviço de Informação ao Cidadão e o recebimento de pedidos de informação com base na Lei de Acesso à Informação (LAI), oferecendo subsídios para a realização consciente e eficiente de atos relacionados a essa área.;Membros, servidores e colaboradores do Ministério Público que desenvolvem atividades em ouvidoria ou em áreas que tratem de temas afins. Curso aberto, gratuito e com certificado, qualquer pessoa pode se inscrever.;O curso, desenvolvido pela Enap em parceria com a Ouvidoria-Geral da União (OGU) e a Ouvidoria Nacional do Ministério Público (ONMP), integra a Certificação em Ouvidoria no âmbito do Ministério Público brasileiro. Ele aborda as bases normativas, conceituais e operacionais para as Ouvidorias do Ministério Público, com foco no Serviço de Informação ao Cidadão e na gestão de pedidos de informação conforme a Lei de Acesso à Informação (LAI), fornecendo subsídios para a realização eficaz e consciente dessas atividades.;;;
10;Controle Social;https://www.escolavirtual.gov.br/curso/10;Direitos Humanos;Enap;Controladoria Geral da União;20;30;Curso Aberto;Há várias atividades que você pode fazer a partir do seu computador para mobilizar os órgãos públicos a aumentarem a qualidade e eficiência dos serviços que devem prestar. Fiscalize e provoque outras pessoas a exercerem sua cidadania para mudar a realidade onde vivem. Seja você um ponto de disseminação do Controle Social!;Pessoas que tenham interesse em fiscalizar, monitorar e avaliar as ações governamentais, como a aplicação de recursos públicos, por exemplo. Curso aberto, gratuito e com certificado, qualquer pessoa pode se inscrever.;1 Controle 1.1 Controle da Administração Pública 1.2 Controle sobre a Administração Pública 1.3 Controle Institucional 1.4 Controle Social 2 Controle Institucional 2.1 Controle Externo 2.2 Controle Interno 2.3 Órgãos de apoio ao controle 3 Controle Social de iniciativa do Ente Público 3.1 Audiência Pública 3.2 Conferência de Política Pública 3.3 Conselhos Gestores de Política Pública 3.4 Ouvidoria e Lei de Acesso à Informação 3.5 Portal da Transparência 4 Controle de iniciativa da sociedade 4.1 Atores do controle social 4.2 Instrumentos criados e utilizados pela sociedade civil 4.3 Mecanismos de denúncia;10/11/2015;;
130;Direitos Humanos: Uma Declaração Universal;https://www.escolavirtual.gov.br/curso/130;Direitos Humanos;Enap;Ministério dos Direitos Humanos e Cidadania;20;30;Curso Aberto;O curso busca fortalecer uma cultura de direitos humanos, cidadania e respeito à diversidade, a partir de conteúdo que aborda a o contexto de origem da Declaração Universal dos Direitos Humanos, as gerações do direito e a aplicação dessa realidade no ordenamento jurídico brasileiro. Para isso, investe na sensibilização e mobilização das pessoas para a compreensão dos principais desafios colocados à garantia dos direitos humanos na atualidade.;Pessoas que atuam, ou queiram atuar, na garantia, defesa e promoção dos Direitos Humanos. Curso aberto, gratuito e com certificado, qualquer pessoa pode se inscrever.; 1 Fundamento dos Direitos Humanos 1.1 Percurso Histórico 1.2 A criação da ONU 1.3 A declaração Universal 1.4 Direitos Humanos no Brasil 1.5 Direitos Humanos : definição 2 Direitos Civis 2.1 Contexto Histórico 2.2 Os Direitos Civis e a Declaração Universal 2.3 Os Direitos Civis e a Constituição Federal 3 Os Direitos Políticos e a Declaração Universal 3.1 Os Direitos Políticos 3.2 O Direito à Liberdade 3.3 Os Direitos Políticos e a Constituição Federal 4 Direitos Econômicos, Sociais e Culturais 4.1 Direitos Coletivos, Difusos e Individuais Homogêneos 4.2 A Criação dos DHESCAS 4.3 DHESCAS e a Constituição Federal 5 Direitos Humanos de Solidariedade 5.1 A Declaração de Viena de 1993 5.2 Direito a Democracia e ao Desenvolvimento 5.3 Diretos das Mulheres e Meninas 5.4 Direitos dos Povos Indígenas 6 Exercício dos direitos humanos 6.1 Políticas públicas de direitos humanos 6.2 Enfrentamento ao trabalho escravo e à tortura 6.3 Políticas para o registro civil de nascimento 6.4 Plano nacional de educação em direitos humanos 6.5 Promoção dos direitos da população em situação de rua ;25/06/2018;;
624;Garantia de Direitos e Atenção à Pessoa Idosa;https://www.escolavirtual.gov.br/curso/624;Direitos Humanos;Enap;Ministério dos Direitos Humanos e Cidadania;30;30;Curso Aberto;A entrada na vida idosa pode esbarrar em diversas dificuldades! O idoso, muitas vezes, chega a ser colocado à margem da sociedade, sendo impossibilitado de exercer seus deveres e ter garantidos seus direitos. Neste curso, você aprenderá sobre os direitos do idoso em vários aspectos sociais: políticas públicas, direitos humanos, socialização por meio de redes sociais e outras tecnologias. Tais direitos devem ser garantidos e, por isso, te convidamos a se envolver na efetivação deles.;Pessoas que atuem, ou venham a atuar, na garantia, defesa e promoção dos direitos das pessoas idosas. Curso aberto, gratuito e com certificado, qualquer pessoa pode se inscrever.;"Módulo 1: A pessoa idosa como sujeito de direitos;Módulo 2: Efetivação do fortalecimento de vínculos voltados à valorização e respeito da Pessoa idosa;Módulo 3: Redes de proteção e seus instrumentos de ação ao enfrentamento dos abusos contra os idosos;Módulo 4: Uso das tecnologias de informação e comunicação no processo de socialização do idoso.";23/11/2021;;
306;Proteção a Direitos Humanos: Prevenção e Proibição da Tortura;https://www.escolavirtual.gov.br/curso/306;Direitos Humanos;Enap;Ministério dos Direitos Humanos e Cidadania;30;30;Curso Aberto;Este curso foi desenvolvido pelo Ministério da Mulher, da Família e dos Direitos Humanos, em parceria com a Enap, com foco na necessidade de avançar na Educação em Direitos Humanos e no enfrentamento da tortura. Quer se aprofundar mais no assunto? Inscreva-se.;Pessoas que atuam ou venham a atuar na garantia, defesa e promoção dos direitos humanos ou que integrem os comitês estaduais de proteção e combate à tortura. Curso aberto, qualquer pessoa pode se inscrever;Módulo 1 - O que é tortura e o que são tratamentos ou penas cruéis, desumanos e degradantes?Módulo 2 - Quem são as vítimas de tortura?Módulo 3 - As responsabilidades dos Poderes do Estado no combate e enfretamento da tortura.Módulo 4 - Quais são as Articulações para Prevenção e Enfrentamento à Tortura?Módulo 5 - Estudos de caso: sistematizando dados sobre tortura.;31/07/2020;;
1054;Marcos Legais Antirracistas para Igualdade Racial;https://www.escolavirtual.gov.br/curso/1054;Direitos Humanos;Enap;Ministério da Igualdade Racial (MIR);20;;;Conheça os marcos legais antirracistas e sua aplicação na promoção da igualdade racial! O curso aborda as bases legais para o combate às políticas antinegras, a construção dos marcos legais antirracistas no processo de redemocratização e as estruturas de poder no Brasil, incluindo o sistema de justiça e segurança pública. Destinado a gestores, juristas e servidores comprometidos com a promoção da igualdade racial nas instituições públicas.;Agentes públicos e cidadãos de todo o país, interessados no enfrentamento estratégico do racismo. Curso aberto, gratuito e com certificado, qualquer pessoa pode se inscrever.;"Módulo 1: Bases Legais para a Prática de Políticas Antinegras;Módulo 2: Transição Democrática e a Construção dos Marcos Legais Antirracistas;Módulo 3: Estruturas de Poder no Brasil: Sistema de Justiça e Segurança Pública.";;;
1383;Envelhecimento no Brasil e Políticas de Proteção aos Direitos da Pessoa Idosa;https://www.escolavirtual.gov.br/curso/1383;Direitos Humanos;Enap;Tribunal de Contas do Estado do Rio de Janeiro;30;;;Aprofunde-se nas políticas de proteção aos direitos da pessoa idosa no Brasil! O curso aborda o cenário do envelhecimento populacional brasileiro e as políticas públicas de proteção aos direitos da pessoa idosa, com foco na governança e nas políticas públicas intersetoriais. Destinado a gestores, conselheiros e profissionais que atuam na promoção do envelhecimento ativo, saudável e com dignidade.;Servidores de órgãos da administração pública que, direta ou indiretamente, atuem na formulação de política pública de defesa dos direitos da pessoa idosa, Servidores públicos de qualquer esfera e Poder e cidadãos interessados no tema. Curso aberto, gratuito e com certificado.;"Módulo 1: Envelhecimento no Brasil e Políticas de proteção aos direitos da Pessoa Idosa;Módulo 2: Governança e Públicas intersetoriais de proteção aos direitos da Pessoa Idosa.";;;
1392;Conselhos de Proteção dos Direitos da Pessoa Idosa;https://www.escolavirtual.gov.br/curso/1392;Direitos Humanos;Enap;Tribunal de Contas do Estado do Rio de Janeiro;30;;;Fortaleça a atuação dos Conselhos de Proteção dos Direitos da Pessoa Idosa! O curso aborda a organização e o funcionamento dos conselhos, bem como as formas de atuação dos conselheiros na defesa e promoção dos direitos das pessoas idosas. Destinado a conselheiros, gestores e técnicos que integram ou apoiam os conselhos municipais e estaduais e buscam aprimorar sua atuação na garantia dos direitos da pessoa idosa.;Servidores de órgãos da administração pública que, direta ou indiretamente, atuem na formulação de política pública de defesa dos direitos da pessoa idosa, Servidores públicos de qualquer esfera e Poder e pessoas interessadas no tema. Curso aberto, gratuito e com certificado.;" Módulo1: Organização dos conselhos de proteção aos direitos da pessoa Idosa; Módulo2: Atuação dos conselhos de proteção dos direitos da pessoa Idosa. ";;;
788;Papel do cidadão;https://www.escolavirtual.gov.br/curso/788;Direitos Humanos;Enap;Câmara dos Deputados;6;30;Curso Aberto;O curso foi desenvolvido com foco na necessidade de desenvolver conhecimentos básicos sobre cidadania, participação política e social, proporcionando uma melhor compreensão do papel de cada um na sociedade.;Destina-se a todos que tenham interesse em participar do processo democrático do país. Servidores públicos de qualquer esfera e Poder, bem como cidadãos em geral, estão autorizados a realizar o curso. Curso aberto, gratuito e com certificado, qualquer pessoa pode se inscrever.;Módulo 1: Introdução.Módulo 2: O que é cidadania.Módulo 3: Direitos e responsabilidades dos cidadãos.Módulo 4: Participação social.Módulo 5: Participação políticao.Módulo 6: Participação no legislativo.Módulo 7: Fazendo a diferença, diminuindo desigualdades.;06/04/2022;;
FGV 29;Introdução aos Direitos Humanos e às Relações de Trabalho (diversidade e inclusão) (curso gera declaração de finalização, não gera certificado);https://educacao-executiva.fgv.br/cursos/online/curta-media-duracao-online/introducao-aos-direitos-humanos-e-relacoes-de-trabalho;Diversidade, Inclusão e Equidade;FGV;FGV;6;;;O curso Introdução aos Direitos humanos e às Relações de trabalho aborda os conceitos de diversidade e inclusão.;;O curso Introdução aos Direitos humanos e às Relações de trabalho aborda os conceitos de diversidade e inclusão.;;;
1192;Letramento Racial aplicado ao Setor Público;https://www.escolavirtual.gov.br/curso/1192;Diversidade, Inclusão e Equidade;Enap;Ministério dos Direitos Humanos e Cidadania;30;;;Desenvolva seu letramento racial e contribua para um serviço público mais antirracista! O curso aborda as origens do racismo e das desigualdades raciais no Brasil, os conceitos básicos sobre discriminação, a análise de dados estatísticos sobre desigualdades raciais, o papel do Estado no combate ao racismo e a conduta antirracista no serviço público. Destinado a todos os servidores que desejam atuar com mais consciência e responsabilidade racial.;Servidores públicos federais, estaduais e municipais e demais interessados na área. Curso aberto, gratuito e com certificado, qualquer pessoa pode se inscrever.;Módulo 1 - Racismo e desigualdades raciais no Brasil: origensMódulo 2: Racismo, discriminação e desigualdades raciais no Brasil: conceitos básicosMódulo 3: Desigualdades raciais: análise de dados estatísticos e estudos contemporâneosMódulo 4: O papel do Estado no combate ao racismo e na garantia de direitosMódulo 5: Conduta antirracista no setor público;;;
632;Democracia e Lutas Antirracistas;https://www.escolavirtual.gov.br/curso/632;Diversidade, Inclusão e Equidade;Enap;Ministério da Igualdade Racial (MIR);25;;;Compreenda a relação entre democracia e as lutas antirracistas no Brasil! O curso aborda a história dos movimentos negros brasileiros, o mito da democracia racial e o reconhecimento do racismo e os movimentos negros como protagonistas das lutas por direitos e cidadania. Destinado a servidores, educadores e cidadãos comprometidos com a construção de uma democracia plena, que reconheça e enfrente o racismo como estrutura que limita a cidadania de parcelas significativas da população brasileira.;Agentes locais da promoção da política da igualdade racial, assim como gestores e membros dos conselhos. Curso aberto, gratuito e com certificado, qualquer pessoa pode se inscrever.;"Módulo 1: Breve História dos Movimentos Negros Brasileiros;Módulo 2: O Mito da Democracia Racial e o Reconhecimento do Racismo como Problema Nacional;Módulo 3: Os Movimentos Negros como Protagonistas da Democracia;Módulo 4: Lutas antirracistas, Políticas de Ação Afirmativa e Novos Horizontes da Política Racial;Módulo 5: O Estado Brasileiro como Promotor da Justiça Racial.";;;
1042;Ouvidorias Públicas no Enfrentamento ao Racismo;https://www.escolavirtual.gov.br/curso/1042;Diversidade, Inclusão e Equidade;Enap;Ministério da Igualdade Racial (MIR);30;;;Fortaleça as ouvidorias públicas como instrumentos de combate ao racismo! O curso aborda os aspectos históricos e conceituais do racismo, o papel das ouvidorias para a igualdade racial e as diretrizes para o tratamento de manifestações de cunho racial. Destinado a ouvidores, gestores e servidores que atuam em ouvidorias públicas e buscam desenvolver protocolos e competências para identificar, acolher e encaminhar corretamente as denúncias de racismo.;Agente públicos que atuam nas ouvidorias. Curso aberto, gratuito e com certificado, qualquer pessoa pode se inscrever.;"Módulo 1: Racismo - Aspectos Históricos e Conceituais;Módulo 2:? Ouvidorias Públicas para a Igualdade Racial;Módulo 3:? Diretrizes para o Tratamento de Manifestações de Cunho Racial Recebidas pela Ouvidoria;Módulo 4: O Lugar das Ouvidorias Públicas na Governança da Integridade do Órgão.";;;
275;Acessibilidade em espaços de uso público no Brasil;https://www.escolavirtual.gov.br/curso/275;Diversidade, Inclusão e Equidade;Enap;Ministério dos Direitos Humanos e Cidadania;20;30;Curso Aberto;"O curso tem como foco a identificação dos problemas enfrentados por pessoas com diversos tipos de deficiências e as dificuldades para atingir a inclusão social; o papel que desempenham; os diversos tipos de legislação; as condições de acessibilidade dos ambientes; e, a atuação profissional dos responsáveis pela avaliação da acessibilidade dos espaços dentro de uma metodologia de Desenho Universal.";Agentes públicos e demais profissionais responsáveis por atividades vinculadas à promoção da acessibilidade em ambientes construídos de uso público. Curso aberto, qualquer pessoa pode se inscrever;Módulo 1 - Sobre as lutas por inclusão das pessoas com deficiência.Módulo 2 - Sobre espaços humanos, deficiências e atividades.Módulo 3 - Sobre acessibilidade e atuação profissional.;28/05/2020;;
274;Acessibilidade em espaços edificados de uso público;https://www.escolavirtual.gov.br/curso/274;Diversidade, Inclusão e Equidade;Enap;Ministério dos Direitos Humanos e Cidadania;20;30;Curso Aberto;Todos os ambientes de uso público no Brasil devem ser acessíveis para que as pessoas possam realizar as suas atividades com autonomia e segurança. Neste curso, você poderá conhecer os requisitos de acessibilidade e de Desenho Universal para o uso de edificações considerando suas diversas funções e as necessidades de cada usuário.;Profissionais envolvidos com análise, desenvolvimento, projetos, aprovação e/ou fiscalização de edificações. Curso aberto, gratuito e com certificado, qualquer pessoa pode se inscrever.;Módulo 1: Diretrizes Gerais de Acessibilidade em Edifícios Públicos.Módulo 2: Diretrizes Específicas de Acessibilidade em Edifícios Públicos.Módulo 3: Sanitários, Banheiros e Vestiários.;14/08/2020;;
273;Acessibilidade em espaços urbanos;https://www.escolavirtual.gov.br/curso/273;Diversidade, Inclusão e Equidade;Enap;Ministério dos Direitos Humanos e Cidadania;16;30;Curso Aberto;Planejamento e projeto urbano são importantes para a criação de cidades mais acessíveis e inclusivas para todos. Neste curso, você poderá conhecer as diretrizes e exemplos de soluções para fundamentar avaliações e projetos de acessibilidade em nossas cidades, de acordo com a legislação brasileira.;Corpo técnico do Poder Público e profissionais liberais, responsáveis por análises, desenvolvimento, implantação, aprovação e/ou fiscalização de leis e projetos na esfera urbana. Curso aberto, gratuito e com certificado, qualquer pessoa pode se inscrever.;Módulo 1 – Cidades são para TodosMódulo 2 – Mobilidade Urbana e AcessibilidadeMódulo 3 – Acessibilidade nos Sistemas de TransporteMódulo 4 - Acessibilidade Espacial em Áreas Livres Públicas de Lazer;28/10/2020;;
1289;Diversidade e Inclusão: Uma Introdução;https://www.escolavirtual.gov.br/curso/1289;Diversidade, Inclusão e Equidade;Enap;Instituto Brasileiro de Educação em Gestão Pública - IBEGESP;2;10;Curso Aberto;O minicurso oferece uma visão geral do tema na educação corporativa, destacando os benefícios e boas práticas para promover um ambiente de trabalho inclusivo. A capacitação foca na aplicação prática para implementar políticas de inclusão no ambiente profissional. Quer saber mais? Inscreva-se!;Profissionais da área de recursos humanos, líderes e demais interessados no assunto. Curso aberto, gratuito e com certificado, qualquer pessoa pode se inscrever.;Módulo único: Diversidade e Inclusão: Uma introdução.;13/11/2024;;
129;Educação em Direitos Humanos;https://www.escolavirtual.gov.br/curso/129;Diversidade, Inclusão e Equidade;Enap;Ministério dos Direitos Humanos e Cidadania;30;30;Curso Aberto;O curso busca contribuir para a conformação de uma visão abrangente acerca desafios e alternativas à Educação em Direitos Humanos, constituindo-se em subsídios para a prática e vivência de ações educativas em Direitos Humanos no âmbito de atuação dos participantes.;Pessoas que atuam, ou queiram atuar, na garantia, defesa e promoção dos Direitos Humanos. Curso aberto, gratuito e com certificado, qualquer pessoa pode se inscrever.;1 O que são Direitos Humanos 1.1 Princípios e História dos Direitos Humanos 1.2 O Direito à Educação e a Educação em Direitos Humanos 1.3 Educação para Direitos Humanos no Brasil 1.4 Educação em Direitos Humanos 2 Os Aspectos Históricos da Educação em Direitos Humanos 2.1 Documentos de Referência 2.2 Tratados Internacionais 2.3 Promoção dos Direitos Humanos no Brasil 2.4 O Programa Nacional de Direitos Humanos 2.5 Plano Nacional de Educação em Direitos Humanos 3 A Educação em Direitos Humanos nos Dias de Hoje 3.1 Quem Faz e Onde Acontece? 3.2 Abrangência da Educação em Direitos Humanos 3.3 Educação em Direitos Humanos na Diversidade;25/06/2018;;
1163;Gestão e Implementação de Políticas Públicas e de Organismos de Políticas para Mulheres;https://www.escolavirtual.gov.br/curso/1163;Diversidade, Inclusão e Equidade;Enap;Ministério dos Direitos Humanos e Cidadania;30;30;Curso Aberto;Neste Curso você terá acesso aos elementos básicos para planejar, gerir e implementar políticas para as mulheres numa perspectiva interseccional. Desde a discussão mais simples sobre fundamentos do Estado e das Políticas Públicas, passando pela construção e sustentabilidade dos Organismos de Políticas para as Mulheres, o curso busca qualificar lideranças femininas e suas equipes na gestão pública dos diferentes níveis e aperfeiçoar seus conhecimentos na atuação político-institucional na construção dessas políticas públicas.;Interessadas/os em políticas públicas para mulheres, principalmente gestoras estaduais e do Distrito Federal e suas equipes.;Módulo 1: Estado, Democracia e Políticas PúblicasMódulo 2: As Políticas Públicas e os Organismos de Políticas para as Mulheres - OPMMódulo 3: Como Devem Funcionar os OPMMódulo 4: OPM e a sua Relação com a Participação e o Controle SocialMódulo 5: OPM na perspectiva do Planejamento, da Gestão e das Parcerias;11/06/2024;;
1198;Mulheres no Mundo do trabalho;https://www.escolavirtual.gov.br/curso/1198;Diversidade, Inclusão e Equidade;Enap;Ministério dos Direitos Humanos e Cidadania;30;30;Curso Aberto;Neste curso, você explorará os determinantes das desigualdades enfrentadas pelas mulheres no trabalho e as formas de superá-las. A capacitação combina práticas, teorias e aspectos legais, permitindo compreender a realidade por meio do diálogo entre dados sobre emprego feminino (como jornada, remuneração, assédio) e conceitos como interseccionalidade e pobreza de tempo.;Servidores públicos de qualquer esfera e poder, bem como cidadãos em geral interessados na temática. Curso aberto, gratuito e com certificado, qualquer pessoa pode se inscrever.;Módulo 1 – Fenômeno das desigualdades sociais vivenciadas pelas mulheres no mundo do trabalhoMódulo 2 – Configurações do mercado de trabalho a partir de uma perspectiva interseccionalMódulo 3 – Condições laborais das mulheres nos locais de trabalhoMódulo 4 – Enfrentamento das desiguais formas de inserção das mulheres no mercado de trabalho;24/12/2024;;
1191;O conceito contemporâneo da deficiência e o modelo biopsicossocial;https://www.escolavirtual.gov.br/curso/1191;Diversidade, Inclusão e Equidade;Enap;Ministério dos Direitos Humanos e Cidadania;30;30;Curso Aberto;Explore os fundamentos essenciais para impulsionar a transição de uma cultura capacitista para uma cultura fundamentada em direitos humanos e equidade, sob uma perspectiva contemporânea. Partindo de conceitos básicos e definições atuais, você terá uma visão abrangente sobre o conceito contemporâneo da deficiência e as mudanças necessárias dos critérios de avaliação biopsicossocial a fim de promover a inclusão.;Profissionais, estudantes e demais interessados em compreender o conceito contemporâneo da deficiência e em promover a inclusão. Curso aberto, gratuito e com certificado, qualquer pessoa pode se inscrever.;"Módulo 1 - História e modelos conceituais de deficiência;Módulo 2 - Deficiência como questão de Direitos Fundamentais e Direitos Humanos;Módulo 3 - Avaliação Biopsicossocial da Deficiência, um olhar da pessoa com deficiência na perspectiva dos direitos humanos;Módulo 4 - Conceitos intrínsecos às dimensões da Avaliação Biopsicossocial da Deficiência.";19/12/2024;;
950;Promoção e Defesa dos Direitos das Pessoas LGBTQIA+;https://www.escolavirtual.gov.br/curso/950;Diversidade, Inclusão e Equidade;Enap;Ministério dos Direitos Humanos e Cidadania;30;30;Curso Aberto;Para fortalecer a cultura de direitos humanos, a partir do reconhecimento, valorização e respeito à diversidade é necessário compreender os principais desafios vivenciados por pessoas LGBTQIA+. Neste curso, você irá aprender os conceitos, conhecer experiências e aspectos específicos de violências, exclusão, discriminação e desigualdade vividos por pessoas LGBTQIA+, bem como estratégias para a garantia, promoção e defesa de seus direitos.;Pessoas que atuam na garantia, defesa e promoção dos direitos de pessoas LGBTQIA+. Servidoras/es públicas/os de qualquer esfera de poder, profissionais da iniciativa privada e integrantes de movimentos sociais vinculados a instituições, serviços e organizações que atendem ou são demandados pela população LGBTQIA+, bem como pessoas da sociedade em geral.;Módulo 1: Identidade de Gênero.Módulo 2: Orientação Afetiva-Sexual.Módulo 3: Cultura e Políticas Públicas para LGBTQIA+: Avanços e Desafios.Módulo 4: Direito ao Corpo e à SaúdeMódulo 5: Direito à EducaçãoMódulo 6: Direito a Trabalho e Renda;15/05/2023;;
1518;Refletir para não Repetir: Grupos com Homens Autores de Violência;https://www.escolavirtual.gov.br/curso/1518;Diversidade, Inclusão e Equidade;Enap;Fundo de População das Nações Unidas - UNFPA;20;;Curso aberto;Quer fortalecer sua atuação na condução de grupos reflexivos para homens autores de violência de gênero? Neste curso, você terá acesso a conteúdos que auxiliam na compreensão de fundamentos teóricos e metodológicos, além de práticas de facilitação necessárias para promover a responsabilização e a mudança de comportamentos. Inscreva-se e fortaleça seu papel na prevenção da violência e na promoção da igualdade de gênero. Imagem do curso: Refletir para não Repetir: Grupos com Homens Autores de Violência;Servidores públicos;Quer fortalecer sua atuação na condução de grupos reflexivos para homens autores de violência de gênero? Neste curso, você terá acesso a conteúdos que auxiliam na compreensão de fundamentos teóricos e metodológicos, além de práticas de facilitação necessárias para promover a responsabilização e a mudança de comportamentos. Inscreva-se e fortaleça seu papel na prevenção da violência e na promoção da igualdade de gênero. Imagem do curso: Refletir para não Repetir: Grupos com Homens Autores de Violência;;;
682;Uso de Dados Raciais Aplicado às Políticas Públicas: Básico;https://www.escolavirtual.gov.br/curso/682;Diversidade, Inclusão e Equidade;Enap;UFSC;20;;;Utilize dados raciais para formular políticas públicas mais equitativas! O curso aborda raça e categorização racial, os processos para produção de dados raciais, os dados em pesquisas domiciliares e em registros administrativos. Destinado a gestores, analistas e formuladores de políticas que estão iniciando no uso de dados raciais e buscam compreender as bases conceituais e os protocolos para produzir, analisar e aplicar essas informações no combate às desigualdades raciais.;Gestores de Igualdade Racial dos estados e municípios e público em geral.;Módulo 1: Raça e Categorização RacialMódulo 2: Processos e Protocolos para Produção de Dados RaciaisMódulo 3: Dados Raciais em Pesquisas DomiciliaresMódulo 4: Dados Raciais em Registros Administrativos;;;
1452;Como prevenir o assédio e a violência contra a mulher;https://www.escolavirtual.gov.br/curso/1452;Diversidade, Inclusão e Equidade;Enap;Instituto Brasileiro de Educação em Gestão Pública - IBEGESP;24;;;Previna o assédio e a violência contra a mulher com conhecimento, empatia e ação! O curso aborda o ciclo da violência, as formas de violência e assédio, os impactos na vida das mulheres, as estratégias de combate e como reaprender padrões mais saudáveis de convivência. Destinado a servidores, líderes e profissionais que desejam contribuir para ambientes de trabalho e comunidades mais seguros, respeitosos e livres de violência de gênero.;Qualquer pessoa interessada no assunto. Curso aberto, gratuito e com certificado.;Módulo 1: Introdução.Módulo 2: O ciclo da violência.Módulo 3: As formas da violência.Módulo 4: As formas de assédio.Módulo 5: Os impactos da violência.Módulo 6: Como combater a violência.Módulo 7: Aprendendo a reaprender.Módulo 8: Dicas e referências culturais.;;;
1199;O Cuidado como Política Pública;https://www.escolavirtual.gov.br/curso/1199;Diversidade, Inclusão e Equidade;Enap;Ministério dos Direitos Humanos e Cidadania;30;;;Compreenda o cuidado como dimensão essencial das políticas públicas! O curso aborda o conceito de cuidado, quem cuida e quem recebe cuidado na sociedade brasileira, as lacunas nas políticas de cuidado e o que tem sido construído para enfrentá-las. Destinado a gestores, técnicos e profissionais que atuam com políticas sociais e desejam incorporar a perspectiva do cuidado na formulação e implementação de políticas públicas.;Servidores públicos de todas as esferas e poderes, trabalhadoras e trabalhadores domésticos e demais interessados. Curso aberto, gratuito e com certificado.;Módulo 1 – Que cuidado é esse?Módulo 2 – Quem cuida e quem recebe esse cuidado?Módulo 3 – Onde está o cuidado que deveria estar aqui?Módulo 4 – O que existe e o que tem sido construído enquanto políticas de cuidado;;;
667;Política Nacional de Cuidados no Brasil: uma Introdução;https://www.escolavirtual.gov.br/curso/667;Diversidade, Inclusão e Equidade;Enap;Ministério do Desenvolvimento e Assistência Social, Família e Combate à Fome - MDS;10;;;Compreenda a Política Nacional de Cuidados e seu potencial transformador para a sociedade brasileira! O curso aborda o conceito de cuidado, a organização social do cuidado no Brasil, como transformar essa organização e a política e o Plano Nacional de Cuidados. Destinado a gestores, técnicos e profissionais que atuam com políticas sociais e desejam compreender os fundamentos da Política Nacional de Cuidados para avançar em uma agenda mais justa e equitativa.;Gestoras/es públicas/os e técnicas/os de todos os níveis federativos e áreas de políticas públicas, especialmente de políticas para as mulheres e assistência social, educação e saúde. Curso aberto, gratuito e com certificado, qualquer pessoa pode se inscrever.;"Módulo 1: O que é o Cuidado?;Módulo 2: A Organização Social do Cuidado no Brasil;Módulo 3: Como Transformar a Organização Social do Cuidado?;Módulo 4: Política e o Plano Nacional de Cuidados no Brasil.";;;
1204;Violência de gênero contra mulheres e meninas: prevenção em três níveis;https://www.escolavirtual.gov.br/curso/1204;Diversidade, Inclusão e Equidade;Enap;Ministério dos Direitos Humanos e Cidadania;30;;;Compreenda e previna a violência de gênero contra mulheres e meninas em três níveis de ação! O curso aborda o que é a violência de gênero, sua situação atual, os instrumentos legais de prevenção e as políticas públicas de enfrentamento. Destinado a gestores, profissionais de saúde, educação e segurança pública que desejam atuar na prevenção primária, secundária e terciária da violência de gênero com base em evidências e direitos humanos.;Servidores públicos de todos os poderes e níveis federativos, membros de organizações da sociedade civil, profissionais da educação e demais interessados na temática. Curso aberto, gratuito e com certificado.;Módulo 1 – Violência de gênero contra mulheres e meninas: o que é, o que causa e como acontece?Módulo 2 – Violência de gênero contra mulheres e meninas: ponto de situaçãoMódulo 3 – Instrumentos legais de prevenção à violência de gêneroMódulo 4 – Políticas públicas para o enfrentamento da violência de gênero;;;
653;Gestão de Casos de Violência Baseada no Gênero;https://www.escolavirtual.gov.br/curso/653;Diversidade, Inclusão e Equidade;Enap;Fundo de População das Nações Unidas - UNFPA;20;;;Qualifique o atendimento e a gestão de casos de violência baseada no gênero! O curso aborda os fundamentos da VBG, a rede de proteção e a política nacional de enfrentamento, os padrões mínimos de atendimento humanizado e a metodologia de gestão de casos em seis etapas. Destinado a profissionais da rede de atenção à mulher — assistentes sociais, psicólogos, agentes de saúde e educação — que buscam aprimorar sua atuação com vítimas de VBG.;Profissionais da rede de proteção a sobreviventes de violência baseada no gênero e demais interessados. Curso aberto, gratuito e com certificado.;"Módulo 1 - Compreendendo a Violência Baseada no Gênero;Módulo 2 - Rede de Proteção e Política Nacional de Enfrentamento à Violência baseada no Gênero;Módulo 3 - Padrões Mínimos para um Atendimento Humanizado e Centrado na Sobrevivente;Módulo 4 - Gestão de Casos de Violência baseada no Gênero em Seis Etapas.";;;
1440;Violência Baseada no Gênero: Qual a nossa Responsabilidade como Rede?;https://www.escolavirtual.gov.br/curso/1440;Diversidade, Inclusão e Equidade;Enap;Fundo de População das Nações Unidas - UNFPA;10;;;Compreenda a violência baseada no gênero e o papel de cada serviço na rede de proteção! O curso aborda os fundamentos da VBG, os princípios e caminhos do cuidado em rede e o papel dos serviços não especializados na proteção de vítimas. Destinado a profissionais de saúde, educação, assistência social e segurança pública que integram a rede de atenção e proteção a mulheres e precisam articular suas ações de forma coordenada e humanizada.;Profissionais da Rede SUAS e demais envolvidos no atendimento de pessoas em situação de violência. Curso aberto, gratuito e com certificado.;"Módulo 1: Entendendo a Violência Baseada no Gênero;Módulo 2: Cuidar em Rede: Princípios, Articulações e Caminhos Possíveis;Módulo 3: O Papel dos Serviços não Especializados na Rede de Proteção.";;;
268;Acessibilidade em Museus;https://www.escolavirtual.gov.br/curso/268;Diversidade, Inclusão e Equidade;Enap;Instituto Brasileiro de Museus - IBRAM;20;30;Curso Aberto;Os museus e espaços culturais têm como uma de suas principais funções a comunicação de seu conteúdo ao público, no entanto, frequentemente apresentam barreiras em seus espaços, estratégias e formas de comunicação. Compreendendo que nossa sociedade é diversa e composta por pessoas com diferentes condições e necessidades é preciso eliminar estas barreiras garantindo o amplo acesso aos espaços e ao conhecimento. Neste sentindo, o Instituto Brasileiro de Museus, por meio deste curso, oferece informações básicas sobre como propor, acompanhar e avaliar adequações de acessibilidade universal;Profissionais que já atuam ou que queiram atuar em museus, principalmente arquitetos, museólogos, conservadores e restauradores. Curso aberto, gratuito e com certificado, qualquer pessoa pode se inscrever.;"Os diferentes tipos de deficiências e a importância da acessibilidade universal nos museus.Acessibilidade Universal: histórico; roteiro de visita/circulação acessível; experiência espacial inclusiva; acessibilidade atitudinal.(In)acessibilidade em Museus: expografia acessível; curadoria de acessibilidade; acesso à informação; mediação e comunicação acessível; atendimento ao público/acessibilidade atitudinal; barreiras físicas, sensoriais e atitudinais.Recursos e adaptações físicas aplicadas aos espaços de uso público e ao ambiente dos museus. Roteiro de visita/circulação acessível.Recursos sensoriais e educacionais: recursos sensoriais, acessibilidade em produtos audiovisuais, ações educativas e culturais acessíveis.Legislações e normativas vigentes no campo da acessibilidade em museus e centros culturais.Experiências nacionais e internacionais em museus e em centros culturais que promovem a acessibilidade e inclusão de visitantes com deficiências.";17/01/2020;;
1194;Enfrentamento e Prevenção ao Discurso de Ódio e Extremismo;https://www.escolavirtual.gov.br/curso/1194;Diversidade, Inclusão e Equidade;Enap;Ministério dos Direitos Humanos e Cidadania;30;;;Combata o discurso de ódio e o extremismo com conhecimento, legislação e ação! O curso aborda o conceito de discurso de ódio e extremismo, seus aspectos históricos e normativos, a relação com a democracia e os direitos humanos, como identificar manifestações de ódio, o extremismo no ambiente digital e a legislação e ações governamentais no Brasil. Essencial para gestores, educadores e servidores comprometidos com a democracia.;Servidores públicos e todo cidadão interessado na temática. Curso aberto, gratuito e com certificado, qualquer pessoa pode se inscrever.;Módulo 1 - O que é discurso de ódio e extremismoMódulo 2 - Os aspectos históricos, conceituais e normativosMódulo 3 - Democracia e Direitos HumanosMódulo 4 - Como identificar manifestações de ódio e extremismoMódulo 5 - Extremismo e Discurso de Ódio no ambiente digitalMódulo 6- Legislação e ações governamentais no Brasil;;;
1351;Inclusão social e laboral das pessoas com deficiência intelectual ou transtorno do espectro autista;https://www.escolavirtual.gov.br/curso/1351;Diversidade, Inclusão e Equidade;Enap;Tribunal Regional do Trabalho da 2ª Região;20;;;Promova a inclusão social e laboral de pessoas com deficiência intelectual ou TEA! O curso aborda o histórico e as características diagnósticas da DI e do TEA, a metodologia do emprego apoiado e a inclusão profissional na perspectiva prática, com o papel da família e da sociedade como fontes de apoio. Destinado a gestores, profissionais de RH, educadores e familiares que atuam pela inclusão no mercado de trabalho.;Profissionais e familiares que atuam no apoio à inclusão de pessoas com deficiência intelectual ou transtorno do espectro autista. Curso aberto, gratuito e com certificado. Qualquer pessoa pode se inscrever.;Módulo 1 - Histórico e características diagnósticas da pessoa com deficiência intelectualMódulo 2 - Histórico e características diagnósticas da pessoa com o transtorno do espectro autista (TEA)Módulo 3 - A metodologia do emprego apoiadoMódulo 4 - Inclusão profissional da pessoa com deficiência intelectual na perspectiva prática: o papel da família e da sociedade como fonte de apoio;;;
846;Avaliação de Políticas em Economia Criativa;https://www.escolavirtual.gov.br/curso/846;Economia;Enap;Ministério da Cultura;20;30;Curso Aberto;Com o avanço dos setores criativo e cultural na economia e o maior fomento gerado por políticas públicas, torna-se essencial avaliar essas ações para qualificar a gestão pública. O curso oferece os principais conhecimentos para avaliar políticas públicas, incluindo dados, indicadores e metodologias de análise. Quer saber mais? Inscreva-se!;Gestores públicos, agentes do terceiro setor, consultores e pesquisadores que atuam no campo das políticas culturais e mais especificamente no campo da economia criativa. Curso aberto, gratuito e com certificado.;Módulo 1 - Inovação, Criatividade e Economia CriativaMódulo 2 - Territórios Criativos e Desenvolvimento SustentávelMódulo 3 - Processos de Elaboração de Políticas PúblicasMódulo 4 - Construção de Dados e Processos de Elaboração de Políticas PúblicasMódulo 5 - Avaliação de Políticas Culturais e Criativas;19/11/2025;;
905;Avaliação Socioeconômica de Projetos de Infraestrutura;https://www.escolavirtual.gov.br/curso/905;Economia;Enap;Secretaria de Competitividade e Política Regulatória (SCPR/MDIC);20;30;Curso Aberto;Este curso aborda, com base no Guia ACB, publicado pelo Ministério da Economia em 2022, conhecimentos teóricos e práticos referentes à análise socioeconômica de custo-benefício, para aplicação em projetos e programas de investimento em infraestrutura de grande porte.;Servidores públicos e demais profissionais envolvidos na preparação e avaliação de projetos de investimento em infraestrutura. Curso aberto, gratuito e com certificado, qualquer pessoa pode se inscrever.;Módulo 1: Fundamentos para IntervençãoMódulo 2: Requisitos InformacionaisMódulo 3: Estimativas de Custos, Benefícios e ExternalidadesMódulo 4: Indicadores de ViabilidadeMódulo 5: Análise de RiscoMódulo 6: Análise Distributiva e Alternativas de Implementação;30/12/2022;;
261;Equilíbrio Fiscal;https://www.escolavirtual.gov.br/curso/261;Economia;Enap;Secretaria do Tesouro Nacional;40;60;Curso Aberto;"O curso apresenta noções de economia e finanças públicas para que o cidadão compreenda a importância da sustentabilidade das contas públicas para a sua vida. Para isso, aborda o funcionamento financeiro do Estado e questões como receita, gasto, dívida, financiamento do setor público, dentre outros; além das consequências das decisões públicas para todos os cidadãos.";Cidadão interessado em conhecer o funcionamento do governo e das finanças públicas. Curso aberto, gratuito e com certificado, qualquer pessoa pode se inscrever.;"Módulo 1 O que é a ""economia""? O que é o ""mercado""? O que é ""governo""? O que é “equilíbrio das contas públicas”? Qual o seu papel nisso tudo? Metáfora da ""RODA"" Módulo 2 O que são impostos? De onde vem? Os impostos são ruins para o cidadão? Encaixando os impostos na “RODA” da economia. O que eu tenho a ver com isso? E qual a minha responsabilidade?Módulo 3 O que é equilíbrio fiscal? Déficit e dívida (Alternativas e escolhas) O custo da dívida Quem financia a dívida? Como pagamos a dívida I: superávit e refinanciamento Como pagamos a dívida II: fontes de recurso Transparência e fiscalização cidadã (controle social)Módulo 4 Federalismo: Quem cuida do seu Dinheiro? Como funciona a repartição do dinheiro público entre o governo federal, estadual e municipal? Programas de ajuste fiscal Compatibilização de receitas e despesas Objetivo do Orçamento: alocar o gasto público da melhor forma para o cidadãoMódulo 5 Como é distribuído o gasto público? O que é “programa social”? Programas sociais são apenas para os mais pobres?Com poucos recursos, o governo deve melhorar a eficiência dos gastos em investimento";01/11/2019;;
1497;Fundamentos da Regulação Econômica da Infraestrutura;https://www.escolavirtual.gov.br/curso/1497;Economia;Enap;Secretaria de Competitividade e Política Regulatória (SCPR/MDIC);20;30;Curso Aberto;Você já se perguntou como a regulação econômica impacta os setores de infraestrutura? Conheça os fundamentos econômicos da regulação, explorando conceitos essenciais como modelos regulatórios, tarifas, mecanismos de reajuste e alocação de riscos. Entenda por que a regulação econômica é importante e veja, por meio de casos reais, como buscar o equilíbrio. Inscreva-se!;Servidores públicos federais, estaduais ou municipais que atuem em órgãos reguladores do setor de infraestrutura, além de demais interessados. Curso aberto, gratuito e com certificado, qualquer pessoa pode se inscrever.;"Módulo 1: Fundamentos da Regulação Econômica e o Papel do Estado;Módulo 2: Modelos de Tarifação e Sustentabilidade Econômica;Módulo 3: Avaliação Econômico-Financeira de Projetos Regulados;Módulo 4: Contratos, Riscos e Reequilíbrio Econômico-Financeiro.";11/02/2026;;
510;Introdução à Promoção de Negócios Internacionais;https://www.escolavirtual.gov.br/curso/510;Economia;Enap;Agência Brasileira de Promoção de Exportações e Investimentos - Apex;40;60;Curso Aberto;O curso foi desenvolvido pela Agência Brasileira de Promoção de Exportações e Investimentos – Apex-Brasil com o objetivo de preparar os servidores da administração pública que desejam atuar em setores ligados a assuntos internacionais para contribuírem na promoção de exportações, na internacionalização de empresas brasileiras e na atração de investimentos estrangeiros.;Servidores públicos de qualquer esfera e Poder, que trabalham ou desejam atuar em setores voltados a assuntos internacionais e economia. Aberto ao público em geral. Curso aberto, gratuito e com certificado, qualquer pessoa pode se inscrever.;"Módulo 1: Panorama geral de atração de investimentos estrangeiros;Módulo 2: Como ajudar a vencer os desafios da Exportação;Módulo 3: Apoio para internacionalização de Empresas;Módulo 4: Transformação digital nos negócios internacionais.";10/06/2021;;
330;Lei de Liberdade Econômica e o Licenciamento 4.0;https://www.escolavirtual.gov.br/curso/330;Economia;Enap;Ministério da Fazenda;10;30;Curso Aberto;A rapidez e complexidade das mudanças relativas à Lei de Liberdade Econômica demandam capacitação dos agentes públicos para que entendam a essência da nova dogmática que irradiará efeitos tanto no Direito Público quanto no Direito Privado do Brasil Este curso tornou-se indispensável após o advento da Lei de Liberdade Econômica. Várias das normas-regra da Lei nº 13.874/2019 já foram regulamentadas e trazem mandamentos e sanções direcionados à Administração Pública federal, como é o caso do Licenciamento 4.0.;Agentes públicos federais que participam do processo de decisão administrativa acerca do ato público de liberação de atividade econômica. Curso aberto, gratuito e com certificado, qualquer pessoa pode se inscrever.;O conteúdo deste curso é estruturado em 3 módulos:• Módulo 1 – Introdução à Lei de Liberdade Econômica e Licenciamento 4.0• Módulo 2 – Matriz de risco e enquadramento de risco• Módulo 3 – Aprovação tácita;31/07/2020;;
91;Macroeconomia;https://www.escolavirtual.gov.br/curso/91;Economia;Enap;Ministério da Fazenda;20;30;Curso Aberto;O curso apresenta noções de macroeconomia com o objetivo capacitar pessoas para atuar na avaliação socioeconômica de projetos. Essa avaliação inclui a compreensão das implicações sociais, econômicas e ambientais ao longo do ciclo de vida dos projetos e serve como subsídio à tomada de decisões.;Agentes públicos federais, municipais e estaduais que atuem nos Poderes Executivo, Legislativo e Judiciário sejam responsáveis pela análise de projetos de grande porte. Curso aberto, gratuito e com certificado, qualquer pessoa pode se inscrever.;1 Produto e Renda Nacional 1.1 Produto, renda, despesa1.2 Economia fechada com governo1.3 Economia aberta com governo1.4 Produto agregado e matriz insumo-produto 2 Emprego, mercado de trabalho e distribuição de renda 2.1 Emprego e mercado de trabalho2.2 Distribuição de renda 3 Economia Aberta 3.1 Taxa de câmbio3.2 Regimes cambiais3.3 Balanço de pagamentos 4 Finanças públicas 4.1 Funções do governo4.2 Classificação do dispêndio público4.3 Tributação4.4 Déficit público4.5 Dívida pública;08/10/2010;;
92;Microeconomia;https://www.escolavirtual.gov.br/curso/92;Economia;Enap;Ministério da Fazenda;20;30;Curso Aberto;O curso apresenta noções de microeconomia com o objetivo capacitar pessoas para atuar na avaliação socioeconômica de projetos. Essa avaliação inclui a compreensão das implicações sociais, econômicas e ambientais ao longo do ciclo de vida dos projetos e serve como subsídio à tomada de decisões.;Agentes públicos federais, municipais e estaduais que atuem nos Poderes Executivo, Legislativo e Judiciário e sejam responsáveis pela análise de projetos de grande porte. Curso aberto, gratuito e com certificado, qualquer pessoa pode se inscrever.;1 Consumo e produção 1.1 Benefícios dos consumidores1.2 Custos de produção1.3 Otimização da relação benefício-custo1.4 Eficiência alocativa1.5 Custo de oportunidade 2 Demanda, oferta e Sistema de Mercado 2.1 Lado da demanda2.2 Lado da oferta2.3 Mercado em equilíbrio2.4 Excedentes2.5 Mercado e eficiência alocativa 3 Eficiência e equidade 3.1 Eficiência, eficácia e efetividade3.2 Equidade e justiça social3.3 Eficiência-necessidade-equidade 4 Economia do bem-estar 4.1 Bem-estar social e imperfeições do sistema de preços4.2 Assimetria de informações4.3 Poder de mercado4.4 Bens públicos4.5 Externalidades 5 Índices de inflação e correção monetária 5.1 Juros5.2 Correção monetária;05/11/2010;;
484;Prestação de contas e qualidade da gestão fiscal do município;https://www.escolavirtual.gov.br/curso/484;Economia;Enap;Secretaria Especial de Assuntos Federativos;10;30;Curso Aberto;A qualidade na execução orçamentária e financeira dos municípios é ponto determinante para uma boa prestação de contas anuais da prefeitura. Neste curso, você irá conhecer os instrumentos de prestação de contas, compreender a importância dos controles orçamentários e financeiros e como otimizar processos visando à qualidade na gestão fiscal do município.;Prefeitos(as) que tenham interesse em conhecer o processo de prestação de contas e qualificação da gestão fiscal do município. Servidores públicos de qualquer esfera e demais interessados. Curso aberto, gratuito e com certificado, qualquer pessoa pode se inscrever.;"Módulo 1: A qualidade na gestão fiscal do município;Módulo 2: A importância do controle externo na qualificação da gestão fiscal e municipal;Módulo 3: Os instrumentos da prestação de contas.";28/07/2022;;
308;Princípios de Economia: Macroeconomia;https://www.escolavirtual.gov.br/curso/308;Economia;Enap;Marginal Revolution University;40;60;Curso Aberto;A Enap, sempre preocupada em oferecer conteúdos de qualidade e que contribuam para o desenvolvimento de competências, disponibiliza esta versão em português do curso da MRU. Neste curso serão abordados temas como causas de riqueza, modelo de crescimento de Solow, intermediação financeira, desemprego, inflação, ciclos de negócios, política monetária, política fiscal e muito mais.;Pessoas interessadas em ampliar conhecimentos quanto aos princípios de economia. Curso aberto, qualquer pessoa poderá se inscrever.;PIBA Riqueza das Nações e o Crescimento EconômicoCrescimento, Acumulação de Capital e a Economia das IdeiasPoupança, Investimento e o Sistema FinanceiroFinanças PessoaisDesemprego e a participação na força de trabalhoInflação e a Teoria Quantitativa da MoedaFlutuações EconômicasTeorias do Ciclo de NegóciosA Política Monetária e o Banco Central dos EUAPolítica Fiscal;05/06/2020;;
311;Princípios de Economia: Microeconomia;https://www.escolavirtual.gov.br/curso/311;Economia;Enap;Marginal Revolution University;50;60;Curso Aberto;A Enap, sempre preocupada em oferecer conteúdos de qualidade e que contribuam para o desenvolvimento de competências, disponibiliza esta versão em português do curso da MRU. Estão presentes temas como causas de riqueza, modelo de crescimento de Solow, intermediação financeira, desemprego, inflação, ciclos de negócios, política monetária, política fiscal e muito mais. Atenção: vídeos do curso no idioma original, recurso de legendas e/ou tradução automática disponível para todo o conteúdo.;Pessoas interessadas em ampliar conhecimentos quanto aos princípios de economia. Curso aberto, qualquer pessoa poderá se inscrever.;IntroduçãoOferta, Demanda e EquilíbrioElasticidade e suas aplicaçõesImpostos e SubsídiosO Sistema de PreçosTetos e Pisos de PreçosComércioExternalidadesMaximização de Custos e Lucros sob concorrênciaCompetição e a Mão InvisívelMonopólioDiscriminação de PreçosMercado de TrabalhoBens Públicos e a Tragédia dos comunsInformação AssimétricaEscolha do ConsumidorTópico Bônus;05/06/2020;;
FGV 17;Outras Ferramentas para Uso Didático - Ampliando as Possibilidades da IA em Sala de Aula (curso gera declaração de finalização, não gera certificado);https://educacao-executiva.fgv.br/cursos/online/curta-media-duracao-online/outras-ferramentas-para-uso-didatico-ampliando-possibilidades-da-ia-em-sala-de-aula;Educação, Docência e Pesquisa;FGV;FGV;1;;;O curso Outras Ferramentas para Uso Didático – Ampliando as Possibilidades da IA em Sala de Aula foi pensado para ajudar professores a se familiarizarem com diferentes categorias de ferramentas e recursos de IA, o que pode enriquecer as suas práticas pedagógicas, a partir de uma seleção cuidadosa de soluções.;;O curso Outras Ferramentas para Uso Didático – Ampliando as Possibilidades da IA em Sala de Aula foi pensado para ajudar professores a se familiarizarem com diferentes categorias de ferramentas e recursos de IA, o que pode enriquecer as suas práticas pedagógicas, a partir de uma seleção cuidadosa de soluções.;;;
418;Ambientes Digitais de Aprendizagem;https://www.escolavirtual.gov.br/curso/418;Educação, Docência e Pesquisa;Enap;Enap - Escola Nacional de Administração Pública;30;30;Curso Aberto;Este curso é uma ótima oportunidade para você compreender as principais características, funcionalidades e limitações existentes nos ambientes digitais de aprendizagem - AVA, contribuindo para a tomada de decisão tanto para a escolha do AVA mais adequado quanto para escolhas de desenho instrucional.;Servidores públicos que atuam na concepção, no desenvolvimento, na execução e na avaliação de soluções de capacitação para desenvolvimento de competências. Curso aberto, gratuito e com certificado, qualquer pessoa pode se inscrever.;Módulo 1: Conhecendo os ambientes virtuais de aprendizagemMódulo 2: Três características da cybercultura e os ambientes virtuais de aprendizagemMódulo 3: Tecnologia assistiva e os ambientes digitais de aprendizagem;02/06/2021;;
47007;Aspectos operacionais I: organização de documentos e dados de pesquisa;https://www.unasus.gov.br/cursos/curso/47007;Educação, Docência e Pesquisa;Unasus;Fiocruz - Brasília;10;0;Curso Aberto;Este curso trata de aspectos práticos relacionados ao desenvolvimento e à organização de documentos de pesquisa e banco de dados. Os tópicos abordados incluem elaboração de termo de consentimento livre e esclarecido, elaboração de formulários de captura de dados (do inglês, case report form, CRF), instrumentos de coleta de dados, desenvolvimento e gerenciamento de bancos de dados, e ciência aberta.;Profissionais que trabalham com pesquisa e profissionais que desejam iniciar estudos e pesquisas no campo da pesquisa clínica;Este curso trata de aspectos práticos relacionados ao desenvolvimento e à organização de documentos de pesquisa e banco de dados. Os tópicos abordados incluem elaboração de termo de consentimento livre e esclarecido, elaboração de formulários de captura de dados (do inglês, case report form, CRF), instrumentos de coleta de dados, desenvolvimento e gerenciamento de bancos de dados, e ciência aberta. Esse curso foi desenvolvido por meio de um projeto da Associação Hospitalar Moinhos de Vento (HMV), com financiamento do Programa de Apoio ao Desenvolvimento Institucional do Sistema Único de Saúde (PROADI-SUS). Essa ação é uma iniciativa estratégica do Departamento de Ciência e Tecnologia, da Secretaria de Ciência, Tecnologia e Inovação e do Complexo Econômico-Industrial da Saúde (DECIT/SECTICS/MS), em parceria com o Departamento de Gestão da Educação na Saúde, da Secretaria de Gestão do Trabalho e da Educação na Saúde (DEGES/SGTES/MS).;;;
47008;Aspectos operacionais II: estruturação da equipe e tópicos regulatórios em pesquisa;https://www.unasus.gov.br/cursos/curso/47008;Educação, Docência e Pesquisa;Unasus;Fiocruz - Brasília;10;0;Curso Aberto;A Fiocruz Mato Grosso do Sul, em parceria com o Unicef, produziu o Curso de Aperfeiçoamento em Saúde Mental e Atenção Psicossocial de Adolescentes e Jovens, que oportunizará atualização e aperfeiçoamento de saberes inerentes à saúde mental e atenção psicossocial de adolescentes e jovens, o que poderá contribuir para a criação e o fortalecimento de Espaços de Cuidado voltados para o acolhimento desse público, no atendimento de suas demandas psicossociais, sobretudo em situações de crise.;O curso é destinado a profissionais e trabalhadores que prestam atendimento a adolescentes e jovens em diversas áreas, especialmente da educação, saúde, assistência social, segurança pública, entre outros interessados na temática.;"A Fiocruz Mato Grosso do Sul, em parceria com o Unicef, produziu o Curso de Aperfeiçoamento em Saúde Mental e Atenção Psicossocial de Adolescentes e Jovens, que oportunizará atualização e aperfeiçoamento de saberes inerentes à saúde mental e atenção psicossocial de adolescentes e jovens, o que poderá contribuir para a criação e o fortalecimento de Espaços de Cuidado voltados para o acolhimento desse público, no atendimento de suas demandas psicossociais, sobretudo em situações de crise. O curso está embasado em três pilares fundamentais: a transdisciplinaridade, com enfoque pluralista e de intercomunicação do conhecimento; a intersetorialidade, como importante instrumento de articulação entre sujeitos e setores diversos, saberes e experiências; e o fortalecimento do sistema de garantia de direitos, para possibilitar aos participantes atuação efetiva como agentes de transformação nos mais diversos serviços e, em especial, com equipes multidisciplinares.";;;
606;Avaliação em Processos de Aprendizagem e Modelos de Feedback;https://www.escolavirtual.gov.br/curso/606;Educação, Docência e Pesquisa;Enap;Enap - Escola Nacional de Administração Pública;30;30;Curso Aberto;O curso tem como objetivo fornecer aos servidores públicos aspectos conceituais sobre avaliação da aprendizagem, a partir das metodologias ativas, aplicando habilidades de coleta e análise de dados para a melhoria contínua de projetos educacionais. Portanto, é por intermédio dessa compreensão que os servidores públicos podem contextualizar a própria prática, reconhecer os desafios e o papel que podem desempenhar em função da excelência das organizações públicas.;Servidores públicos, colaboradores e demais interessados em sua temática. Curso aberto, gratuito e com certificado, qualquer pessoa pode se inscrever.;"Módulo 1 – Avaliação da Aprendizagem - Conceitos;Módulo 2 – Tipos de Avaliação;Módulo 3 - Avaliação nas organizações;Módulo 4 - Metodologias ativas e Modelos de Feedback aplicados à avaliação";19/10/2021;;
521;Avaliadores de Artigos Científicos;https://www.escolavirtual.gov.br/curso/521;Educação, Docência e Pesquisa;Enap;Instituto Chico Mendes de Conservação da Biodiversidade;20;30;Curso Aberto;"Controle sua ansiedade e se prepare para se tornar um ex&iacute;mio avaliador de artigos cient&iacute;ficos. Neste curso, voc&ecirc; ver&aacute; as ferramentas essenciais e b&aacute;sicas da comunica&ccedil;&atilde;o cient&iacute;fica, do g&ecirc;nero textual, artigo cient&iacute;fico, bem como quais s&atilde;o os atores envolvidos e suas fun&ccedil;&otilde;es no processo editorial. Entender&aacute; a import&acirc;ncia da &eacute;tica no processo de avalia&ccedil;&atilde;o e como se d&aacute; o processo de revis&atilde;o no sistema OJS. Aguardamos pela sua inscri&ccedil;&atilde;o!";Agentes públicos do ICMBio. Curso aberto, qualquer pessoa pode fazer.;" M&oacute;dulo 1: Introdu&ccedil;&atilde;o &agrave; comunica&ccedil;&atilde;o cient&iacute;fica; M&oacute;dulo 2: O processo editorial (atores envolvidos e fluxo de atividades); M&oacute;dulo 3: O avaliador (o que &eacute; preciso para ser um avaliador e &eacute;tica no processo da avali&ccedil;&atilde;o); M&oacute;dulo 4: Processo de revis&atilde;o (no&ccedil;&otilde;es b&aacute;sicas e o que fazer ap&oacute;s a avali&ccedil;&atilde;o); M&oacute;dulo 5: Sistema OJS. ";24/12/2021;;
717;Biossegurança em laboratórios de ensino e pesquisa;https://www.escolavirtual.gov.br/curso/717;Educação, Docência e Pesquisa;Enap;FUNDACENTRO - Fundação Jorge Duprat Figueiredo de Segurança e Medicina do Trabalho;20;30;Curso Aberto;O curso foi desenvolvido, por meio da parceria entre Fundacentro/MTP e ICB/USP, visando fornecer subsídios aos profissionais que atuam em laboratórios de ensino e pesquisa para a promoção da prevenção no manejo seguro de produtos químicos e biológicos, considerando os diversos níveis de complexidades das atividades desenvolvidas nestes ambientes ocupacionais.;Profissionais com atuação em laboratórios públicos de ensino e pesquisa. Curso aberto, gratuito e com certificado, qualquer pessoa pode se inscrever.;"Módulo 1: Segurança Química: Cenário atual e conceito; Agentes químicos; Propriedades físico-químicas; Riscos químicos; boas práticas laboratoriais; Regulamentação.Módulo 2: Introdução à Toxicologia: Toxicodinâmica; Toxicocinética.Módulo 3: Introdução à Biossegurança: Introdução à biossegurança; Risco biológico: Níveis de contenção.";11/01/2022;;
61553;Curso Básico de REDCap;https://moodle.ebserh.gov.br/course/view.php?id=61553;Educação, Docência e Pesquisa;3EC ;EBSERH;15;0;Curso Aberto;Aperfeiçoar e refinar o conhecimento em software REDCap a partir de curso de capacitação pela plataforma 3EC para os colaboradores que trabalham com a gestão da pesquisa nos hospitais e na sede assim como nas demais áreas interessadas.;Gerentes de Ensino e Pesquisa, Coordenadores de Pesquisa, Pesquisadores e demais colaboradores que trabalham com a gestão da pesquisa nos hospitais e na sede, bem como das demais áreas interessadas da Rede Ebserh.;Aperfeiçoar e refinar o conhecimento em software REDCap a partir de curso de capacitação pela plataforma 3EC para os colaboradores que trabalham com a gestão da pesquisa nos hospitais e na sede assim como nas demais áreas interessadas.;;;
334;Curso UpToDate para Usuários;https://moodle.ebserh.gov.br/course/view.php?id=334;Educação, Docência e Pesquisa;3EC ;EBSERH;3;0;Curso Aberto;"O curso aborda os seguintes temas: Cadastro no UpToDate ANYWHERE e Acesso via App, Configurações e Página Inicial - Histórico, Favoritos e Mais visualizados, a Busca e os Tópicos além de Tópicos para especialidades ""não oficiais"" e Mudanças na prática clínica, Monografias de medicamentos e substâncias naturais, Interações medicamentosas, os exemplos de busca para recursos para Equipe Multidisciplinar, Educação de paciente abordando o básico e além do básico os Tópicos por especialidade";Aberto para todos os públicos;"O curso aborda os seguintes temas: Cadastro no UpToDate ANYWHERE e Acesso via App, Configurações e Página Inicial - Histórico, Favoritos e Mais visualizados, a Busca e os Tópicos além de Tópicos para especialidades ""não oficiais"" e Mudanças na prática clínica, Monografias de medicamentos e substâncias naturais, Interações medicamentosas, os exemplos de busca para recursos para Equipe Multidisciplinar, Educação de paciente abordando o básico e além do básico os Tópicos por especialidade";;;
250;Desenho Instrucional para Soluções de Capacitações Presenciais;https://www.escolavirtual.gov.br/curso/250;Educação, Docência e Pesquisa;Enap;Enap - Escola Nacional de Administração Pública;40;60;Curso Aberto;Ótima oportunidade para que as pessoas envolvidas em processos de capacitação e formação no serviço público conheçam as características do processo de ensino-aprendizagem de adultos, os fundamentos do mapeamento de necessidades e as fases que compõem a modelagem de cursos e sua execução. O curso adota como base o modelo sistêmico Desenho de Sistema Instrucional, também conhecido como ADDIE.;Agentes públicos envolvidos com processos de capacitação nos órgãos da administração pública federal e cidadãos em geral que se interessam por modelagem e execução de eventos de aprendizagem. Curso aberto, gratuito e com certificado, qualquer pessoa pode se inscrever.;1. O Ensino e a Aprendizagem de Adultos1.1 Educação de Adultos: Fundamentos Teóricos e Práticos1.2 Teoria de Aprendizagem Experiencial de Kolb2. Abordagem Sistêmica do Desenho Instrucional 2.1 Abordagem Sistêmica do Desenho Instrucional: o Modelo DSI 2.2 Fases do DSI3. 1ª Fase do DSI: Análise3.1 Prospecção e Análise de Necessidades de Capacitação3.2 Mapeamento de Competências e Desenho Instrucional4. 2ª Fase do DSI: Desenho4.1 Construção de Objetivos de Aprendizagem4.2 Seleção e Organização de Conteúdos5. 3ª Fase do DSI: Desenvolvimento5.1 Estratégias e Técnicas de Ensino5.2 Recursos Didáticos5.3 Procedimentos de Avaliação de Aprendizagem5.5 Teste de Validação da Capacitação6. 4ª Fase do DSI: Implementação6.1 A Gestão do DSI6.2 Operacionalização da Capacitação7. 5ª Fase do DSI: Avaliação7.1 Os Quatro Níveis de Avaliação de Kirkpatrick;24/09/2019;;
446;Desenvolvimento de Objetos e Atividades de Aprendizagem;https://www.escolavirtual.gov.br/curso/446;Educação, Docência e Pesquisa;Enap;Enap - Escola Nacional de Administração Pública;30;30;Curso Aberto;O curso propõe uma rica experiência de aquisição de conhecimentos, por meio de textos, vídeos e outras mídias, para o despertar das capacidades necessárias para a análise e o desenvolvimento de objetos e atividades de aprendizagem para plataformas virtuais.;Servidores públicos que atuam na concepção, no desenvolvimento, na execução e na avaliação de soluções de capacitação para o desenvolvimento de competências. Curso aberto, gratuito e com certificado, qualquer pessoa pode se inscrever.;Módulo 1: Objetos de Aprendizagem, por onde começar?Módulo 2: Desenvolvimento e curadoria de objetos e atividades de aprendizagemMódulo 3: Objetos de Aprendizagem: aplicação prática na EnapMódulo 4: Direitos autorais e recursos educacionais abertos;10/06/2021;;
630;Design Instrucional e Tecnologia com Articulate Storyline 360;https://www.escolavirtual.gov.br/curso/630;Educação, Docência e Pesquisa;Enap;Columbia University;20;30;Curso Aberto;Este curso foi elaborado para ajudar os alunos a compreender a estrutura teórica do design instrucional, a teoria, os métodos, a prática do design instrucional usando vídeo ou storyboards. Também aborda o uso do Articulate Storyline 360 como uma ferramenta de e-Learning para criar um produto completo de design instrucional. Disponível também a versão em inglês desse curso.;Servidores públicos brasileiros. Curso aberto, gratuito e com certificado, qualquer pessoa pode se inscrever.;Módulo 1: A Estrutura Teórica do Design Instrucional e seus princípios.Módulo 2: Modelo ADDIE e Design Instrucional.Módulo 3: Planejamento do Design Instrucional e Criação de Lições.Módulo 4: Como Criar uma Lição em Articulate Storyline.Módulo 5: Criação de Projeto em Articulate Storyline.;17/09/2021;;
447;Design Instrucional para Nativos e Imigrantes Digitais ;https://www.escolavirtual.gov.br/curso/447;Educação, Docência e Pesquisa;Enap;Enap - Escola Nacional de Administração Pública;30;;;Este curso é uma ótima oportunidade para você compreender os fundamentos do Design Instrucional e identificar tendências inovadoras em educação e tecnologia para nativos e imigrantes digitais.;;;;;
631;Economia do Desenvolvimento Comportamental em Políticas Públicas;https://www.escolavirtual.gov.br/curso/631;Educação, Docência e Pesquisa;Enap;Enap - Escola Nacional de Administração Pública;20;30;Curso Aberto;Este curso inicia apresentando os pressupostos básicos da economia comportamental. Na sequência, apresenta duas vertentes da economia comportamental com muitos exemplos do mundo real e resultados de pesquisas. Por último, mas não menos importante, ele fornece técnicas para mudanças sociais usando a economia comportamental. Tem como objetivo fornecer aos servidores públicos conhecimentos práticos em economia comportamental.;Destina-se a Servidores públicos brasileiros. Curso aberto, gratuito e com certificado, qualquer pessoa pode se inscrever.;"Módulo 1: Introdução à Economia Comportamental;Módulo 2: O ator quasi-racional (QR);Módulo 3: O ator quasi-racional, Inculturado (QRE);Módulo 4: Técnicas de mudança comportamental para o ator inculturado.";28/09/2021;;
434;Estilos de Aprendizagem;https://www.escolavirtual.gov.br/curso/434;Educação, Docência e Pesquisa;Enap;Enap - Escola Nacional de Administração Pública;30;30;Curso Aberto;No contexto em que a aprendizagem ocorre por meio de diversos recursos pedagógicos e tecnológicos é essencial conhecer os estilos de aprendizagem ao selecionar as melhores estratégias para uma aprendizagem mais efetiva. Este curso contribuirá na compreensão dos diferentes estilos de aprendizagem e análise das possibilidades de suas aplicações nos processos de tutoria na educação a distância.;Agentes públicos que atuam no desenho e execução de ações educacionais a distância. Curso aberto, gratuito e com certificado, qualquer pessoa pode se inscrever.;"Módulo 1 – Estilos de Aprendizagem;Módulo 2 – Sistemas de Tutoria na EAD;Módulo 3 – Estudos de Caso.";28/12/2021;;
141;Formação de Facilitadores de Aprendizagem;https://www.escolavirtual.gov.br/curso/141;Educação, Docência e Pesquisa;Enap;Empresa Brasileira de Pesquisa Agropecuária;40;60;Curso Aberto;Este curso é destinado aos profissionais que desejam atuar ou aprimorar a sua atuação como facilitador de aprendizagem. O curso foi elaborado para atender as demandas de formação de facilitadores de aprendizagem nas temáticas do agro, mas pode ser estendido aos demais interessados. Este curso abordará conteúdos como: aprendizagem na idade adulta, planejamento de ensino, metodologias de ensino ativas e dicas para a condução de um processo de ensino e aprendizagem. Este curso é autoinstrucional, por isso você poderá realizá-lo no seu ritmo e na hora e local de sua preferência.;Pessoas que atuem, ou desejem atuar, como facilitadores de aprendizagem nas temáticas Agro. Curso aberto, gratuito e com certificado, qualquer pessoa pode se inscrever.;Módulo 1: Andragogia: a arte e a ciência de se ensinar a adultos Módulo 2: Planejamento de ensino Módulo 3: Metodologias ativas Módulo 4: Avaliação de aprendizagem Módulo 5: Condução de processos de ensino-aprendizagem;30/10/2018;;
271;Fundamentos e Metodologia da Educação Corporativa;https://www.escolavirtual.gov.br/curso/271;Educação, Docência e Pesquisa;Enap;Secretaria Especial da Receita Federal do Brasil;40;60;Curso Aberto;No cenário globalizado, as organizações governamentais têm percebido os servidores públicos como seu principal ativo, o que faz com que a educação corporativa assuma um papel essencial no desenvolvimento e aprimoramento das competências profissionais. Neste curso, aprenda diferentes métodos e estratégias de ensino aplicados à aprendizagem corporativa e contribua para o crescimento organizacional.;Servidores públicos que almejam adquirir competências necessárias para a prática da educação corporativa. Curso aberto, gratuito e com certificado, qualquer pessoa pode se inscrever.; Módulo 1: Educação na formação profissional Módulo 2: Aprendizagem de adultos Módulo 3: Tecnologias mediadoras da educação Módulo 4: Planejamento do processo de ensino-aprendizagem Módulo 5: Relação pedagógica ;30/03/2020;;
415;Gestão de Projetos Educacionais;https://www.escolavirtual.gov.br/curso/415;Educação, Docência e Pesquisa;Enap;Enap - Escola Nacional de Administração Pública;30;30;Curso Aberto;Diante da crescente demanda das organizações públicas por engenharias didáticas inovadoras e fluidas, este curso apresenta conceitos sobre o planejamento e a gestão de projetos educacionais corporativos com uso de metodologias ágeis e colaborativas. Para isso compreenda os elementos básicos dos projetos e uma possível estruturação a partir da sua relação com o design instrucional, entre outros.;Servidores públicos, graduados em qualquer área de atuação, com atuação na concepção, desenvolvimento, execução e avaliação de soluções de capacitação para desenvolvimento de competências. Curso aberto, gratuito e com certificado, qualquer pessoa pode se inscrever.;"Módulo 1: Planejamento e gestão de projetos educacionais;Módulo 2: Desenvolvimento e aplicação de projetos;Módulo 3: Metodologias de gestão de projetos aplicadas à educação.";25/05/2021;;
924;Inclusão de gênero na ponta da língua;https://www.escolavirtual.gov.br/curso/924;Educação, Docência e Pesquisa;Enap;Enap - Escola Nacional de Administração Pública;8;30;Curso Aberto;A língua, muitas vezes, é um componente social que contribui fortemente com a violência simbólica e o preconceito de gênero. Neste curso, você compreenderá os principais pontos para evitar o uso sexista da língua e para utilizá-la da maneira mais inclusiva possível. Nessa experiência, você conhecerá orientações objetivas de uso inclusivo da língua para aplicar no seu dia a dia. Inscreva-se já.;Servidoras e servidores, preferencialmente da esfera federal, e cidadãs e cidadãos com interesse no tema. Curso aberto, gratuito e com certificado, qualquer pessoa pode se inscrever.;Módulo 1 – Para início de conversa.Módulo 2 – Mitos e resistências em relação ao uso inclusivo da língua.Módulo 3 – Fazendo a Diferença.;06/03/2023;;
511;Inovações em Tecnologia Educacional;https://www.escolavirtual.gov.br/curso/511;Educação, Docência e Pesquisa;Enap;Enap - Escola Nacional de Administração Pública;25;30;Curso Aberto;O curso apresenta conceitos, processos e experiências referentes à inovação, com foco na concepção, no desenvolvimento, na execução e na avaliação de soluções de capacitação para desenvolvimento de competências, de modo a fomentar a cultura e os ecossistemas de inovação, com vistas à criação de valor público.;Agentes públicos que atuam na concepção, no desenvolvimento, na execução e na avaliação de soluções de capacitação para desenvolvimento de competências. Curso aberto, gratuito e com certificado, qualquer pessoa pode se inscrever.;Módulo 1 - O contexto da inovação na educaçãoMódulo 2 - Construindo a capacidade de inovação na educação;25/05/2021;;
308;Metodologia de Pesquisa Científica para Apoiadores;https://avasus.ufrn.br/local/avasplugin/cursos/curso.php?id=308;Educação, Docência e Pesquisa;Avasus;UFRN / NESC / SEDIS / LAIS / MS;40;;;"Definição de ciência e sua finalidade; formas de expressão do conhecimento cientifico; planejamento da pesquisa cientifica; tipos de pesquisa cientifica; e bases para elaboração de um projeto de pesquisa.";;;2019;;
628;Metodologias Ativas;https://www.escolavirtual.gov.br/curso/628;Educação, Docência e Pesquisa;Enap;Columbia University;25;30;Curso Aberto;Este curso foi elaborado para ajudar na compreensão da importância do uso de metodologias ativas para aumentar a produtividade em sala de aula. Também visa oferecer diretrizes para o desenvolvimento de uma estratégia ativa e fornecer uma plataforma na qual os alunos podem compartilhar suas ideias e apreciar o trabalho uns dos outros.;Servidores públicos brasileiros. Curso aberto, gratuito e com certificado, qualquer pessoa pode se inscrever.;"Módulo 1: Metodologias Ativas, Definição, Contexto e Significado;Módulo 2: Implementação de Metodologias Ativas;Módulo 3: O Plano de Ação Futuro;Módulo 4: Projeto Final.";28/09/2021;;
358;Modalidades de Avaliação;https://avasus.ufrn.br/local/avasplugin/cursos/curso.php?id=358;Educação, Docência e Pesquisa;Avasus;UFRN / SEDIS / LAIS / ESUFRN / IFHT / EBSERH / HUOL / UERJ / MS;30;;;Descrever e analisar as diferentes práticas de preceptoria e as formas de avaliação utilizadas pelos preceptores.;;;2020;;
198;Noções Básicas para Coordenar Cursos On-line;https://www.escolavirtual.gov.br/curso/198;Educação, Docência e Pesquisa;Enap;Enap - Escola Nacional de Administração Pública;20;30;Curso Aberto;Este curso apresenta como utilizar ferramentas para a execução de atividades de Coordenação e oferta de cursos on-line. Uma oportunidade para desenvolver competências para atuar como Coordenador Pedagógico em EaD. Os conteúdos dos módulos são fundamentados em conceitos e concepções específicas da modalidade de Educação a Distância. Confira!;Pessoas que atuem, ou venham a atuar, na coordenação pedagógica de cursos a distância. Curso aberto, gratuito e com certificado, qualquer pessoa pode se inscrever.;"Módulo 1 - Conhecimentos Básicos Contextualização da Educação On-line; Evolução da Educação a Distância Módulo 2 - Fundamentos da Educação On-line Processo educativo; A coordenação de curso. Módulo 3 - Atribuições do Coordenador de curso On - line";28/02/2019;;
1214;O Desenvolvimento na Primeira Infância;https://www.escolavirtual.gov.br/curso/1214;Educação, Docência e Pesquisa;Enap;ANUP Social;40;30;Curso Aberto;Investir na Primeira Infância é essencial para reduzir desigualdades sociais. O curso aborda aspectos cognitivos, com foco nas contribuições da neurociência, além de direitos e políticas públicas. O objetivo é promover reflexões sobre a importância dos vínculos afetivos, cuidados e proteção necessários às crianças e suas famílias. Quer saber mais? Inscreva-se!;Servidores públicos e todo cidadão interessado na temática. Curso aberto, gratuito e com certificado, qualquer pessoa pode se inscrever.;Módulo 1: Começando pelos porquêsMódulo 2: O colecionador de direitosMódulo 3: O colecionador de experiênciasMódulo 4: O colecionador de habilidadesMódulo 5: O colecionador de significadosMódulo 6: O colecionador de cuidadosMódulo 7: O colecionador de açõesMódulo 8: O colecionador de futuros;24/09/2024;;
331;Pesquisa com usuários: como ouvir cidadãos e empresas para melhorar seus serviços;https://www.escolavirtual.gov.br/curso/331;Educação, Docência e Pesquisa;Enap;Ministério da Fazenda;20;30;Curso Aberto;O curso abordará a pesquisa com usuários, tendo em vista que é a melhor maneira de descobrir qual é a experiência e a expectativa das pessoas que realmente utilizam (ou utilizarão) determinado produto ou serviço, de forma a obter insights para projetá-lo ou aprimorá-lo. Além disto, apresentará a pesquisa sobre a experiência dos usuários no contexto de transformação digital de serviços públicos, a fim de evidenciar a melhoraria da experiência do cidadão com os serviços.;"Pessoas que trabalham com a temática ""pesquisa com usuários"". Curso aberto, gratuito e com certificado, qualquer pessoa pode se inscrever.";Módulo 1 - A pesquisa com usuários de serviços públicos: conceitos fundamentaisMódulo 2 - O desenho da pesquisaMódulo 3 - O trabalho de campoMódulo 4 - Consolidação dos achados;25/09/2020;;
365;Segurança Química em Laboratórios de Ensino e Pesquisa;https://www.escolavirtual.gov.br/curso/365;Educação, Docência e Pesquisa;Enap;FUNDACENTRO - Fundação Jorge Duprat Figueiredo de Segurança e Medicina do Trabalho;40;60;Curso Aberto;Este curso fornece subsídios para que profissionais que atuam em laboratórios de pesquisa e ensino saibam buscar informações adequadas e confiáveis com relação ao manejo seguro de produtos químicos e seus efeitos adversos em decorrência de manipulações inadequadas.;Profissionais que atuam em Laboratórios de Ensino e Pesquisa. Curso aberto, gratuito e com certificado, qualquer pessoa pode se inscrever.;"Módulo I – Segurança Química;Módulo II – Boas Práticas de Segurança em Laboratórios de Pesquisa; Módulo III – Perigos Físicos;Módulo IV – Comunicação de Perigos Físicos;Módulo V –&nbsp;Resíduos Químicos;";14/12/2020;;
3229;Criando Trabalhos Acadêmicos com Ferramentas Digitais - Turma 2026B;https://aprendamais.mec.gov.br/course/view.php?id=3229;Educação, Docência e Pesquisa;MEC;MEC;20;;;;;;;;
FGV 23;Marca Pessoal para Docentes: Potencialize a Sua Presença Digital com IA Generativa (curso gera declaração de finalização, não gera certificado);https://educacao-executiva.fgv.br/cursos/online/curta-media-duracao-online/marca-pessoal-para-docentes-potencialize-sua-presenca-digital-com-ia-generativa;Educação, Docência e Pesquisa;FGV;FGV EAESP;2;;;O curso Marca Pessoal para Docentes: Potencialize a Sua Presença Digital com IA Generativa, caracteriza os conceitos fundamentais de marca pessoal aplicados à carreira docente.;;O curso Marca Pessoal para Docentes: Potencialize a Sua Presença Digital com IA Generativa, caracteriza os conceitos fundamentais de marca pessoal aplicados à carreira docente.;;;
422;Administração Pública e Contexto Institucional Contemporâneo;https://www.escolavirtual.gov.br/curso/422;Gestão Pública - Estratégia e Planejamento;Enap;Enap - Escola Nacional de Administração Pública;20;30;Curso Aberto;O curso em 2020 pela Enap e integra o Programa de Desenvolvimento de Gerentes Operacionais (PDGO), e tem como desafio compreender a Administração Pública enquanto área do conhecimento e de práticas profissionais voltadas para a gestão das organizações que a integram. Para tanto, vamos associar o processo de consolidação desse tema ao seu campo de aplicação: o Estado.;Servidores públicos e demais interessados na temática. Curso aberto, gratuito e com certificado, qualquer pessoa pode se inscrever.;Módulo 1 – A formação do Estado contemporâneo.Módulo 2 – Mudanças recentes no campo da Administração Pública e seus impactos no Brasil.;01/09/2021;;
560;Ágil en el Contexto del Servicio Público;https://www.escolavirtual.gov.br/curso/560;Gestão Pública - Estratégia e Planejamento;Enap;Ministério da Fazenda;15;30;Curso Aberto;El curso pretende mostrar la mentalidad Agile en la gestión de proyectos y en la ejecución de acciones públicas a través de la presentación del movimiento, así como sus desafíos y posibilidades, además de abordar la importancia de adoptar Agile en la transformación digital en el contexto de servicio público.;Agentes públicos que ocupan cargos directivos. Curso abierto, cualquiera puede postularse.;Módulo 1: Consideraciones iniciales sobre el movimiento ÁgilMódulo 2: Retos y posibilidades del movimiento ÁgilMódulo 3: Consideraciones finales sobre el movimiento Ágil;27/08/2021;;
317;Ágil no Contexto do Serviço Público;https://www.escolavirtual.gov.br/curso/317;Gestão Pública - Estratégia e Planejamento;Enap;Ministério da Fazenda;15;30;Curso Aberto;O curso, de caráter introdutório, pretende mostrar a mentalidade Ágil no gerenciamento de projetos e nas execuções de ações públicas por meio da apresentação dos aspectos teóricos da mentalidade ágil e do movimento, bem como seus desafios e possibilidades, além de abordar a importância da adoção do Ágil na transformação digital no contexto do serviço público.;Agentes públicos que ocupam cargo de gestão. Curso aberto, gratuito e com certificado, qualquer pessoa pode se inscrever.;Módulo 1 - Considerações iniciais sobre o movimento ÁgilMódulo 2 - Desafios e possibilidades do movimento ÁgilMódulo 3 - Considerações finais do movimento Ágil;07/07/2020;;
424;Análise e Melhoria de Processos;https://www.escolavirtual.gov.br/curso/424;Gestão Pública - Estratégia e Planejamento;Enap;Enap - Escola Nacional de Administração Pública;20;30;Curso Aberto;O curso Análise e Melhoria de Processos foi transposto da modalidade presencial para a autoinstrucional em 2021 pela Enap, com o intuito de oferecer aos participantes apresenta uma visão geral e abrangente da gestão da qualidade no serviço público, aprofundando um de seus aspectos, a análise e melhoria de processos.;Servidores públicos que queiram conhecer a análise e a melhoria de processos em sua área de trabalho. Curso aberto, gratuito e com certificado, qualquer pessoa pode se inscrever.;Módulo 1 – Visão geral sobre análise e melhoria de processos.Módulo 2 – Fundamentos da Gestão por Processos.Módulo 3 – Gestão de Processos.Módulo 4 – Planejamento e ferramentas para Análise e Melhoria.Módulo 5 – Método de Análise e Solução de Problemas.;23/09/2021;;
423;Aprendizagem Organizacional e Programas de Aprendizagem;https://www.escolavirtual.gov.br/curso/423;Gestão Pública - Estratégia e Planejamento;Enap;Enap - Escola Nacional de Administração Pública;30;30;Curso Aberto;Este curso apresenta capacitação e conhecimento de boas práticas de desenvolvimento de competências das organizações contemporâneas e a importância da aprendizagem baseada no autodesenvolvimento. Portanto, oferece aos participantes a oportunidade de compreenderem o conceito e a modelagem de programas de aprendizagem construída em ambientes digitais e sua potencialidade para se integração ao trabalho e desenvolvimento de competências.;Destina-se a servidores públicos que atuam na concepção, no desenvolvimento, na execução e na avaliação de soluções de capacitação para desenvolvimento de competências. Curso aberto, gratuito e com certificado, qualquer pessoa pode se inscrever.;"Módulo 1 Contextualização dos Programas de Aprendizagem;Módulo 2: Fundamentos dos Programas de Aprendizagem;Módulo 3: Seleção de Temas, Programas e Eixos;Módulo 4: Modelagem de Programas e Curadoria de Conhecimento.";26/05/2021;;
427;Celebração de Parcerias no Setor Público;https://www.escolavirtual.gov.br/curso/427;Gestão Pública - Estratégia e Planejamento;Enap;Enap - Escola Nacional de Administração Pública;25;30;Curso Aberto;Para gerir políticas públicas é importante que o gestor conheça os tipos de parcerias possíveis e saiba identificar aquelas mais adequadas ao problema público a ser resolvido. Neste curso, você conhecerá os tipos de parcerias e ações de cooperação que podem ser realizadas pelo setor público, como as parcerias com o setor privado e com as entidades sem fins lucrativos. Que tal realizar este curso e saber mais sobre o assunto ?;Agentes públicos que atuam na gestão e celebração de parcerias e interessados no tema.;Módulo 1 – Visão geral sobre parcerias e cooperação no setor públicoMódulo 2 – Parcerias e cooperação com as entidades privadas sem fins lucrativosMódulo 3 – Parcerias e cooperação com o setor privadoMódulo 4 – Os tipos de parcerias e o planejamento da implementação;23/01/2023;;
430;Contratações Públicas Sustentáveis;https://www.escolavirtual.gov.br/curso/430;Gestão Pública - Estratégia e Planejamento;Enap;Enap - Escola Nacional de Administração Pública;20;30;Curso Aberto;Você conhece o embasamento teórico e legislativo das contratações públicas sustentáveis? Esse curso apresenta os principais conceitos e fundamentos para repensar o processo das licitações e aquisições de bens e serviços na perspectiva da sustentabilidade. Além disso, propõe a reflexão sobre a relação meio ambiente, sociedade e desenvolvimento sustentável e contribui para a implementação da gestão de logística sustentável. Inscreva-se!;Servidores públicos, colaboradores e demais interessados na temática do curso. Curso aberto, gratuito e com certificado, qualquer pessoa pode se inscrever.;Módulo 1 – Meio Ambiente, Sociedade e Sustentabilidade.Módulo 2 – Princípios das Contratações Públicas Sustentáveis.Módulo 3 – Sustentabilidade aplicada à licitação no Setor Público.Módulo 4 – Gestão de logística sustentável.;23/09/2021;;
908;Acervos Digitais nos Museus: realização de projetos;https://www.escolavirtual.gov.br/curso/908;Gestão da Informação e do Conhecimento;Enap;Instituto Brasileiro de Museus - IBRAM;25;30;Curso Aberto;Neste curso, você conhecerá o que são acervos digitais e como eles podem ser elaborados, implementados e gerenciados, com o objetivo de propiciar a melhoria da gestão de acervos nos museus, por meio do conhecimento de recursos e ferramentas digitais. Saiba mais, inscreva-se!;Agentes públicos e demais pessoas interessadas no assunto.;Módulo 1: Acervos digitais nos museus: o que são?Módulo 2: Implantação de acervos digitaisMódulo 3: Construindo repositórios digitais de acervos culturaisMódulo 4: Acervos Digitais nos Museus: Gerenciamento;06/07/2023;;
795;Arquivos Permanentes: recolhimento, processamento técnico, preservação e acesso;https://www.escolavirtual.gov.br/curso/795;Gestão da Informação e do Conhecimento;Enap;Arquivo Nacional;27;30;Curso Aberto;Neste curso, você vai encontrar as principais orientações e procedimentos para o recolhimento de acervos para os arquivos permanentes e as informações sobre o tratamento técnico aplicado à documentação arquivística, como também conhecerá as ações fundamentais para a conservação preventiva de acervos. Quer conhecer mais sobre esse assunto? Faça sua inscrição.;Servidores públicos dos órgãos ou entidades que integram o Sistema de Gestão de Documentos e Arquivos (SIGA) e o Sistema Nacional de Arquivos (SINAR). Curso aberto, gratuito e com certificado, qualquer pessoa pode se inscrever.;"Módulo 1: Procedimentos para o recolhimento de acervos arquivísticos;Módulo 2: Processamento técnico e normalização arquivística;Módulo 3: Conservação preventiva de documentos e arquivos.";21/06/2022;;
775;Assinatura Digital;https://www.escolavirtual.gov.br/curso/775;Gestão da Informação e do Conhecimento;Enap;Serviço Federal de Processamento de Dados;15;30;Curso Aberto;O processo da transformação digital oportunizou no cenário atual a oferta de certificados e assinaturas digitais como soluções seguras e viáveis à realização de transações e de validação de documentos de forma segura e ágil. Este curso oferece conhecimento teórico e prático a respeito da aplicabilidade das assinaturas digitais e dos procedimentos para sua adoção. Quer saber mais? Inscreva-se.;Agentes públicos e qualquer pessoa que tenha interesse em conhecer a aplicabilidade da Assinatura Digital nas atividades pessoais e profissionais. Curso aberto, gratuito e com certificado, qualquer pessoa pode se inscrever.;Módulo 1 - IntroduçãoMódulo 2 - Primeiro Contato com a Assinatura DigitalMódulo 3 - Assinaturas, Coassinaturas e Carimbo de TempoMódulo 4 - Selo da Assinatura DigitalMódulo 5 - Token como Ferramenta de TrabalhoMódulo 6 - Assinatura ou Certificado Digital em Nuvem?;02/06/2022;;
668;Auditoria de Gestão Documental: prepare-se para ser auditado;https://www.escolavirtual.gov.br/curso/668;Gestão da Informação e do Conhecimento;Enap;Enap - Escola Nacional de Administração Pública;25;30;Curso Aberto;Você sabia que auditoria não significa apenas investigar casos judiciais ou balancear contas apontando discrepâncias entre passivos e ativos? A auditoria também auxilia a alcançar os objetivos de uma instituição! Se você quer entender melhor a importância de uma auditoria, prepare-se com este curso.;Agentes públicos, arquivistas e gestores documentais. Curso aberto, gratuito e com certificado, qualquer pessoa pode se inscrever.;"Módulo 1 - Auditoria: Tipos, Critérios e Requisitos;Módulo 2 - Critérios auditáveis de Gestão de Documentos;Módulo 3 - Auditoria de Gestão de Documentos;Módulo 4 - Estudos de Caso de Gestão Documental e de Arquivos.";03/08/2022;;
412;Classificação de Documentos;https://avasus.ufrn.br/local/avasplugin/cursos/curso.php?id=412;Gestão da Informação e do Conhecimento;Avasus;LAIS / SEDIS / UFRN / MS;30;;;Por ser a classificação de documentos uma atividade que exige conhecimento de alguns conceitos de Arquivologia, podemos dizer que o objetivo deste curso é demonstrar como se efetua a atividade de classificação de documentos de arquivo no âmbito do Ministério da Saúde, com base nos conceitos e legislação arquivística.;;;2020;;
529;Como implementar a LGPD: bases, mecanismos e processos;https://www.escolavirtual.gov.br/curso/529;Gestão da Informação e do Conhecimento;Enap;Secretaria de Governo Digital;25;30;Curso Aberto;Seja para implementar um serviço simples ao cidadão ou um que utiliza dados mais sensíveis, é essencial ter em mente a necessidade de criar uma política de segurança e toda a estrutura que acompanha esse processo, para que o passo lógico seja apenas ajustá-lo à LGPD. Para aprender as bases, mecanismos e outros processos relacionados à lei, faça já sua inscrição neste curso e venha ser EV.G!;Servidores públicos que atuam nos órgãos e entidades do Sistema de Administração dos Recursos de Tecnologia da Informação (SISP). Curso aberto, qualquer pessoa pode se inscrever.;"Módulo 1: Bases para Aplicação da LGPD;Módulo 2: Mecanismos para Implementação da LGPD;Módulo 3: Implementando a LGPD;Módulo 4: Infrações e Penalidades.";19/12/2022;;
265;Documentação de Acervo Museológico;https://www.escolavirtual.gov.br/curso/265;Gestão da Informação e do Conhecimento;Enap;Instituto Brasileiro de Museus - IBRAM;40;60;Curso Aberto;Para um objeto, a entrada no museu é o setor de documentação. Ali ele receberá seu número de identificação e sua ficha de catalogação. É assim que ele passa de objeto a “bem cultural musealizado”, integrando o inventário da instituição. A documentação é um processo técnico primordial para todas as funções do museu e é feita a partir de diretrizes específicas. Reconhecendo sua importância para gestão do patrimônio cultural musealizado e sua obrigatoriedade legal, o Instituto Brasileiro de Museus oferece, por meio deste curso, subsídios para a compreensão desse processo técnico.;Profissionais que já atuam ou que queiram atuar em museus. Curso aberto, gratuito e com certificado, qualquer pessoa pode se inscrever.;"1.Entrada do objeto: como um objeto se torna um bem cultural musealizado; o objeto dentro do museu; histórico, conceito e importância da documentação museológica; legislação museológica e código de ética; política de aquisições e descartes.&nbsp;2.Organização – instrumentos de gestão: número de registro e marcação do objeto; livro-tombo e inventário; vocabulário controlado e Tesauros (Thesaurus); catalogação; controle de movimentação e localização.&nbsp;3.Difusão das informações: pré-requisitos para um bom Sistema de Documentação Museológica; pesquisa e divulgação nos museus; sistema DONATO/SIMBA.";13/03/2020;;
858;Elaboração de instrumentos de gestão de documentos arquivísticos relativos às atividades-fim;https://www.escolavirtual.gov.br/curso/858;Gestão da Informação e do Conhecimento;Enap;Arquivo Nacional;20;30;Curso Aberto;Neste curso você irá conhecer os conceitos básicos e os instrumentos de gestão para a classificação e avaliação de documentos de arquivos e compreenderá como se elabora o seu Código de Classificação e a Tabela de Temporalidade e Destinação de documentos relativos às atividades-fim.;"Servidores do Poder Executivo federal, cujos órgãos ou entidades sejam integrantes do Sistema de Gestão de Documentos e Arquivos (SIGA); do Sistema Nacional de Arquivos (SINAR); e/ou membros de Comissões Permanentes de Avaliação de Documentos (CPAD). Curso aberto, gratuito e com certificado, qualquer pessoa pode se inscrever.";Módulo 1: Aspectos gerais da classificação e avaliaçãoMódulo 2: Etapas para elaboração dos instrumentos de gestão de documentosMódulo 3: Elaboração do código de classificação de documentosMódulo 4: Elaboração da Tabela de temporalidade e destinação de documentosMódulo de Encerramento;17/08/2022;;
1075;Evidências para decisões em Políticas Públicas;https://www.escolavirtual.gov.br/curso/1075;Gestão da Informação e do Conhecimento;Enap;Enap - Escola Nacional de Administração Pública;30;30;Curso Aberto;Neste curso, você terá a oportunidade de conhecer os principais conceitos relacionados a políticas públicas informadas por evidências e os desafios e possíveis soluções para integrá-las ao processo de políticas públicas no contexto da gestão pública brasileira. Ao longo deste curso, exploraremos o papel das evidências para o aprimoramento das políticas públicas. Venha com a gente e aproveite essa jornada!;O curso destina-se a agentes públicos e atores do processo de políticas públicas que desejam fortalecer o uso de evidências na tomada de decisão, bem como público geral e sociedade civil.;Módulo 1 - Incertezas no processo decisório e os potenciais benefícios com o uso de evidências.Módulo 2 - Politicas informadas por evidências: uma introduçãoMódulo 3 - Incorporação da prática de uso de evidências ao meu ambiente de trabalho.;12/12/2024;;
466;Fotografia Institucional;https://www.escolavirtual.gov.br/curso/466;Gestão da Informação e do Conhecimento;Enap;Secretaria Especial da Receita Federal do Brasil;25;30;Curso Aberto;Que tal realizar este curso e adquirir os conhecimentos necessários para a produção de imagens fotográficas mais aperfeiçoadas? Todas as imagens das instituições que são veiculadas na mídia e nas redes sociais, quando aprimoradas, resultam na transmissão de credibilidade e profissionalismo que valorizam essas organizações. Inscreva-se.;Agentes públicos interessados aperfeiçoar o conhecimento em fotografia institucional. Curso aberto, gratuito e com certificado, qualquer pessoa pode se inscrever.;Módulo 1: Linguagem fotográfica/composiçãoMódulo 2: Recursos do aparelhoMódulo 3: LuzMódulo 4: Digital;12/05/2022;;
243;Geoinformação na SPU – conceitos, fundamentos e tecnologias;https://www.escolavirtual.gov.br/curso/243;Gestão da Informação e do Conhecimento;Enap;Secretaria do Patrimônio da União - SPU;80;90;Curso Aberto;O curso de Geoinformação na SPU oferece ao participante um conjunto de conhecimentos divididos em quatro módulos? que demostram os conceitos, fundamentos e tecnologias que a Secretaria vem utilizando e implementando para gestão de dados geoespaciais dos imóveis e áreas da União. É voltado para um público iniciante nos dois primeiros módulos e para um público mais avançado, usuários de geotecnologias, nos últimos módulos. O curso carrega a base das diretrizes nacionais da infraestrutura de dados espaciais do Brasil - INDE/BR, aplicadas a uma instituição e sua informação geoespacial específica.;Pessoas que atuam ou possam vir atuar com dados e informações geoespaciais em ambientes públicos ou privados e que desejam iniciar o conhecimento sobre a natureza, obtenção, produção e organização desses dados e informações em ferramentas de sistemas de informações geográficas para a produção de mapas temáticos. O curso também é voltado para profissionais mais avançados na área de geomática que queiram se aprofundar na organização da gestão da geoinformação que a SPU implementou para a produção e publicação de informações geoespaciais à luz da infraestrutura de dados espaciais do Brasil, a INDE. Curso aberto, gratuito e com certificado, qualquer pessoa pode se inscrever.;Módulo 1: Conceitos Teóricos para Implementação da Geoinformação na SPUMódulo 2: SIG e QGIS básicoMódulo 3: Infraestrutura de dados espaciais da SPUMódulo 4: Gestão da Geoinformação na SPU;08/06/2020;;
1082;Gestão da Informação e Documentação - Conceitos Básicos em Gestão Documental;https://www.escolavirtual.gov.br/curso/1082;Gestão da Informação e do Conhecimento;Enap;Ministério da Fazenda;20;30;Curso Aberto;Esse curso é uma ótima oportunidade para quem deseja conhecer um pouco mais sobre o universo da Gestão da Informação e Documentação. O objetivo do curso é disseminar conhecimentos relacionados à gestão da documentação, tendo como foco o conceito de gestão documental.;Servidoras e servidores que tenham vínculo com a Administração Pública de todas as esferas de governo e atuem em procedimentos arquivísticos. Curso aberto, gratuito e com certificado, qualquer pessoa pode se inscrever.;1 Conceitos básicos 1.1 Gestão da Informação 1.2 Gestão de documentos 1.3 Diferença entre dado e Informação 1.4 Documentos 1.5 Arquivos 2 Características dos documentos 2.1 Valor 2.1 Atributos 2.1 Gênero 2.1 Espécie 2.1 Tipos 2.1 Natureza do assunto 3 Ciclo de vida dos documentos 3.1 Fases da gestão documental 3.2 Teoria das três idades 3.3 Código de classificação 3.4 Tabela de temporalidade 4 Gerenciamento de documentos arquivísticos 4.1 Recepção e registro 4.2 Classificação do documento e da informação 4.3 Instrução, reconstituição e digitalização 4.4 Trâmite, acesso e restauração 4.5 Arquivamento e desarquivamento 4.6 Avaliação, destinação e microfilmagem;27/10/2015;;
904;Gestão do Conhecimento - Teoria e Práticas;https://www.escolavirtual.gov.br/curso/904;Gestão da Informação e do Conhecimento;Enap;Enap - Escola Nacional de Administração Pública;20;30;Curso Aberto;O que é Gestão do Conhecimento? Quais os seus tipos e sua importância nas organizações? Como se dá o seu processo e a sua prática? Para saber a resposta destas e outras perguntas, inscreva-se no curso. Vamos lá?;Agentes públicos que atuam ou que tenham interesse na temática gestão do conhecimento e na implementação da gestão do conhecimento nas instituições públicas.;"Módulo 1 – Gestão do conhecimento: conceitos e teorias;Módulo 2 – O processo de gestão do conhecimento;Módulo 3 – Gestão do conhecimento: a prática nas organizações.";30/12/2022;;
414;Gestão do Conhecimento no Setor Público;https://www.escolavirtual.gov.br/curso/414;Gestão da Informação e do Conhecimento;Enap;Enap - Escola Nacional de Administração Pública;20;30;Curso Aberto;Em um contexto de mudanças e aumento das aposentadorias, a gestão do conhecimento contribui com as organizações públicas na promoção da cultura de aprendizado organizacional, possibilitando a criação, o compartilhamento, a retenção e a integração do conhecimento gerado em prol de resultados melhores nos serviços públicos.;Servidores públicos que atuam ou tenham interesse na temática gestão do conhecimento e na implementação da gestão do conhecimento nas instituições públicas. Curso aberto, gratuito e com certificado, qualquer pessoa pode se inscrever.;Módulo 1: A gestão do conhecimento na era do conhecimento.Módulo 2: Governança em gestão do conhecimento.Módulo 3: Etapas para a implementação da gestão do conhecimento.;28/05/2021;;
703;Gestão Documental;https://www.escolavirtual.gov.br/curso/703;Gestão da Informação e do Conhecimento;Enap;Tribunal de Contas da União;30;30;Curso Aberto;O curso traz conceitos básicos relativos à gestão documental de acordo com a legislação em vigor e a arquivologia: o que é e porquê se deve fazer Gestão Documental, documento de arquivo, documento digital, processo eletrônico, processo híbrido, espécie, ciclo de vida dos documentos, teoria das três idades, transferência, descarte, recolhimento. Traz ainda uma breve história da gestão documental no Tribunal de Contas da União e mostra como foram construídos os instrumentos: código de classificação por assunto e tabela de temporalidade no órgão.;Servidores que realizam funções de gestão de documentos. Curso aberto, gratuito e com certificado, qualquer pessoa pode se inscrever.;"Conceitos e legislação relacionados à Gestão Documental;Função da gestão documental, sua legislação, importância e vantagens;História e instrumentos de Gestão Documental adotados no TCU: código de classificação por assunto, tabela de temporalidade e destinação de documentos;Código de classificação por assunto do TCU;Tabela de temporalidade do TCU.";06/10/2021;;
857;Gestão e preservação de documentos digitais;https://www.escolavirtual.gov.br/curso/857;Gestão da Informação e do Conhecimento;Enap;Arquivo Nacional;26;30;Curso Aberto;Neste curso você aprenderá a identificar e distinguir a autenticação e autenticidade de documentos de arquivos digitais e também a controlar o seu ciclo de vida, de forma a compreender os principais conceitos inerentes ao processo de gestão e as estratégias de preservação de documentos arquivísticos digitais, e os aspectos gerais sobre o Repositório Digital Arquivístico Confiável (RDC-ARQ) e as suas normas de certificação.;"Servidores do Poder Executivo federal, cujos órgãos ou entidades sejam integrantes do Sistema de Gestão de Documentos e Arquivos (SIGA); servidores públicos do Sistema Nacional de Arquivos (SINAR). Curso aberto, gratuito e com certificado, qualquer pessoa pode se inscrever.";Módulo 1: Gestão de Documentos DigitaisMódulo 2: Preservação de Documentos Digitais e RDC-ARQMódulo de Encerramento;18/08/2022;;
936;GTFS, GPS e bilhetagem eletrônica no transporte público coletivo;https://www.escolavirtual.gov.br/curso/936;Gestão da Informação e do Conhecimento;Enap;Frente Nacional de Prefeitas e Prefeitos;20;30;Curso Aberto;Neste curso, você conhecerá os aspectos fundamentais para a operacionalização da gestão de dados do transporte público coletivo. Você compreenderá também como aplicar técnicas e ferramentas de estruturação, armazenamento e publicação de dados, identificando os principais desafios e soluções para a gestão de dados padronizados ou provenientes dos sistemas inteligentes de transporte, como o GTFS, o GPS e a bilhetagem eletrônica.;Gestores, gestoras e demais agentes responsáveis pelo planejamento, regulação e fiscalização do transporte público e da mobilidade urbana nos órgãos públicos locais.;"Módulo 1: Gestão de dados de GTFS;Módulo 2: Gestão de dados de GPS;Módulo 3: Gestão de dados de Bilhetagem eletrônica.";19/04/2023;;
798;Internet do Comportamento (loB) em Serviços Públicos Digitais;https://www.escolavirtual.gov.br/curso/798;Gestão da Informação e do Conhecimento;Enap;Secretaria de Governo Digital;16;30;Curso Aberto;Neste curso, você conhecerá os conceitos e aspectos da Internet do Comportamento (IoB) e entenderá como ocorre a sua aplicação no contexto da Administração Pública. Você compreenderá também a relação entre a IoB e a Internet das Coisas (IoT) e como a integração entre elas possibilita decisões mais precisas e acertadas na utilização. Inscreva-se para saber mais.;Agentes públicos e públicas que atuam na transformação digital do serviço público e demais pessoas interessadas no assunto.;"Módulo 1: A Era Digital e a Transformação Digital no Serviço Público;Módulo 2: Da internet das Coisas (loT) à Internet do Comportamento (loB);Módulo 3: A aplicação da IoB no contexto das organizações.";09/11/2023;;
153;Introdução à Lei Brasileira de Proteção de Dados Pessoais;https://www.escolavirtual.gov.br/curso/153;Gestão da Informação e do Conhecimento;Enap;ITS Rio;10;30;Curso Aberto;O curso apresenta um panorama sobre a nova legislação brasileira de proteção de dados pessoais (Lei 13.709/18), compreendendo os temas mais importantes para a sua implementação, como: fundamentos e campo de aplicação, princípios e direitos do titular, responsabilidades dos agentes, aspectos internacionais, segurança e a Autoridade Nacional de Proteção de Dados, entre outros. O objetivo do curso é capacitar as pessoas para entenderem, de forma rápida e acessível, o funcionamento e diretrizes básicas expostas na nova lei geral de proteção de dados do Brasil.;Agentes públicos federais, municipais e estaduais que tenham interesse na legislação brasileira sobre proteção de dados pessoais. Curso aberto, gratuito e com certificado, qualquer pessoa pode se inscrever.;"1. Introdução e Conceitos 2. Chave Abrangência e Aplicabilidade 3. Fundamentos Legais e Princípios Norteadores 4. Direitos do Titular 5. Agentes no Tratamento de Dados 6. Hipótese de Tratamento e Exceções 7. Transferência Internacional 8. Segurança de Dados e Notificação 9. Responsabilidade e Possíveis sanções 10. Atribuições e Composição da Autoridade Nacional de Proteção de Dados11.&nbsp;Atualizações da Lei 13.709/18 ";08/02/2019;;
223;Introdução ao Sistema Sigepe - AFD;https://www.escolavirtual.gov.br/curso/223;Gestão da Informação e do Conhecimento;Enap;Ministério da Fazenda;10;30;Curso Aberto;Apresenta conceitos e diretrizes relativas ao Assentamento Funcional Digital e o fluxo operacional de manutenção do Sistema. Esse curso apresenta noções básicas de gestão de documentação: conceitos, normativos legais, tratamento documental, entre outros. É voltado para a capacitação de servidores das Unidades de Recursos Humanos (UPAGs) que são os responsáveis pela execução das atividades diárias relacionadas a documentação dos servidores lotados nos órgãos.;Servidores públicos federais que atuam nas unidades de gestão de pessoas do Sistema de Pessoal Civil da Administração Federal - SIPEC. Curso aberto, gratuito e com certificado, qualquer pessoa pode se inscrever.;Módulo 1: Introdução ao Sistema Sigepe - AFD. Módulo 2: Noções de Gestão de Documentação. Módulo 3: Demonstrações do Sigepe - AFD;09/04/2019;;
559;Introdução às Práticas Arquivísticas;https://www.escolavirtual.gov.br/curso/559;Gestão da Informação e do Conhecimento;Enap;Arquivo Nacional;27;30;Curso Aberto;O curso tem como objetivo introduzir os conceitos básicos relativos à gestão e preservação de documentos, de acordo com a legislação em vigor e o referencial teórico arquivístico. Aborda conceitos e noções básicas de: arquivos, gestão de documentos, documentos digitais e preservação de documentos de arquivo. Essa é uma ótima oportunidade para o seu desenvolvimento profissional, onde suas competências para realizar as práticas arquivísticas serão aprimoradas.;Servidores do Poder Executivo Federal. Curso aberto, gratuito e com certificado, qualquer pessoa pode se inscrever.;"Noções Básicas de arquivo;Conceitos básicos de gestão de documentos;Conceitos básicos de documentos digitais;Conceitos básicos de preservação de documentos de arquivos.";06/08/2021;;
76;Introdução às Práticas Arquivísticas;https://www.escolavirtual.gov.br/curso/76?;Gestão da Informação e do Conhecimento;Enap;Controladoria Geral da União;20;30;Curso Aberto;O curso demonstra as bases normativas, conceituais e operacionais que podem ser utilizadas na aplicação da Lei de Acesso à Informação (LAI), oferecendo subsídios aos cidadãos e à administração pública em geral para a realização consciente e eficiente de atos relacionados a essa área.;Servidores e empregados públicos que tenham atuação no âmbito do Poder Executivo federal e desenvolvam atividades em ouvidorias ou em áreas que tratem de temas afins. Curso aberto, gratuito e com certificado, qualquer pessoa pode se inscrever.;1 Direito de acesso à informação no Brasil 1.1 Abrangência da Lei de Acesso à Informação no Brasil 1.2 Exercício do direito ao acesso à informação 1.3 Prazos e procedimentos para acesso à informação 2 Negativas de acesso 2.1 Fundamentos para negação de acesso 2.2 Possibilidades de restrição de acesso 2.3 Procedimentos para proteção da informação 3 Informações Classificadas e Dados Abertos 3.1 Diretrizes de classificação 3.2 Tratamento de informação classificada 3.3 Comissões de tratamento 3.4 Dados abertos;06/06/2017;;
855;Noções Básicas de Gerenciamento em Serviços Arquivísticos;https://www.escolavirtual.gov.br/curso/855;Gestão da Informação e do Conhecimento;Enap;Arquivo Nacional;15;30;Curso Aberto;Neste curso, você irá aprender sobre o planejamento das ações relativas à gestão, acesso e preservação de documentos arquivísticos públicos e quais os passos necessários para implantá-las em sua instituição.;"Servidores do Poder Executivo federal, cujos órgãos ou entidades sejam integrantes do Sistema de Gestão de Documentos e Arquivos (SIGA); servidores públicos do Sistema Nacional de Arquivos (SINAR); bem como cidadãos em geral. Curso aberto, gratuito e com certificado, qualquer pessoa pode se inscrever.";Elaboração de plano de ação para implantação do Programa de Gestão de Documentos.Contratação e fiscalização em gestão de documentos e arquivos.Elaboração de indicadores em gestão de documentos e arquivos.;20/07/2022;;
791;Procedimentos de Protocolo;https://www.escolavirtual.gov.br/curso/791;Gestão da Informação e do Conhecimento;Enap;Arquivo Nacional;20;30;Curso Aberto;O curso foi desenvolvido com foco na necessidade de padronizar e adequar os procedimentos para realizar as atividades de protocolo nos órgãos e entidades do Poder Executivo federal, levando em consideração as mudanças, sobretudo tecnológicas e informacionais, que aconteceram devido ao desenvolvimento dessas atividades.;Servidores do Poder Executivo federal, cujos órgãos ou entidades sejam integrantes do Sistema de Gestão de Documentos e Arquivos (SIGA). Servidores públicos de qualquer esfera e Poder, bem como cidadãos em geral, estão autorizados a realizar o curso. Curso aberto, qualquer pessoa pode se inscrever.;"Apresentação das atividades de protocolo;Procedimentos de recebimento, distribuição, tramitação, expedição e autuação;Procedimentos que apoiam a instrução processual;Diferenças entre procedimentos de arquivamento, desarquivamento, consulta e empréstimo.";26/04/2022;;
8;Regulamentação da Lei de Acesso à Informação nos Municípios;https://www.escolavirtual.gov.br/curso/8;Gestão da Informação e do Conhecimento;Enap;Controladoria Geral da União;20;30;Curso Aberto;A Lei Federal nº 12.527, de 18 de novembro de 2011, regulamentou o direito de acesso a informações públicas no Brasil. Considerando o disposto nessa Lei, o curso busca capacitar os gestores públicos municipais para dar acesso às informações públicas de maneira adequada. O curso busca, também, consolidar o entendimento de que as informações públicas pertencem à sociedade, e não aos órgãos públicos. O Decreto nº 9.690, de 24 de janeiro de 2019, altera a regulamentação da Lei nº 12.527/2011, a Lei de Acesso à Informação e, em breve, será incorporado ao conteúdo do Curso Acesso à Informação.;Agentes públicos municipais. Curso aberto, gratuito e com certificado, qualquer pessoa pode se inscrever.;Módulo 1 - Acesso à Informação - Um direito de todos1. O que é Acesso à Informação?2. Acesso à Informação Pública: Um Direito Universal3. Abrangência da LAIMódulo 2 - Regulamentando a LAI no Município1. Introdução2. Regulamentação Local3. Dispositivos De Regulamentação Obrigatória4. Dispositivos De Regulamentação Recomendável5. Dispositivos De Regulamentação Auxiliar;14/04/2015;;
358;SCDP - Solicitação do Afastamento a Serviço;https://www.escolavirtual.gov.br/curso/358;Gestão da Informação e do Conhecimento;Enap;Enap - Escola Nacional de Administração Pública;20;30;Curso Aberto;Este curso apresenta orientações importantes para a utilização do Sistema de Concessão de Diárias e Passagens - SCDP, principalmente no que se trata dos perfis de solicitante de passagem e solicitante de viagem. As informações trazidas são pautadas pela legislação em vigência que aborda esse assunto. Se você opera no SCDP ou quer saber mais sobre o sistema, inscreva-se.;Servidores públicos que utilizem o Sistema de Concessão de Diárias e Passagens com os perfis de solicitante de passagem ou solicitante de viagem. Curso aberto, gratuito e com certificado, qualquer pessoa pode se inscrever.;Módulo 1 - Visão Geral do Sistema de Concessão de Diárias e PassagensMódulo 2 - Solicitante de ViagemMódulo 3 – Solicitante de Passagem;29/10/2020;;
1052;SEI! USAR 4.0;https://www.escolavirtual.gov.br/curso/1052;Gestão da Informação e do Conhecimento;Enap;Secretaria de Gestão e Inovação (SEGES/MGI);25;30;Curso Aberto;Você já ouviu falar do SEI, o Sistema Eletrônico de Informações? Se você faz parte da Administração Pública brasileira ou está interessado em aprimorar suas habilidades em gestão documental, este curso apresenta as principais funcionalidades do SEI. Descubra como facilitar o acesso a informações institucionais, proporcionando celeridade, segurança e economicidade. Torne-se apto a identificar e utilizar plenamente as funcionalidades do SEI. Inscreva-se!;Servidores de órgãos públicos que desempenham funções administrativas, gerenciais ou operacionais que envolvem o uso do SEI. Curso aberto, gratuito e com certificado, qualquer pessoa pode se inscrever.;"Módulo 1: Introdução ao SEI 4.0;Módulo 2: Operações com Processos com o SEI;Módulo 3: Operações com Documentos no SEI;Módulo 4: Operações em Blocos no SEI;Módulo 5: Recuperando Informações no SEI;Módulo 6: Usuário Externo ao SEI.";29/05/2024;;
304;Sistema Eletrônico de Informações - SEI! ADMINISTRAR;https://www.escolavirtual.gov.br/curso/304;Gestão da Informação e do Conhecimento;Enap;Ministério da Fazenda;40;60;Curso Aberto;Aprenda a parametrizar, configurar e administrar o Sistema Eletrônico de Informações (SEI). Desvende alguns segredos, solucione problemas e aproveite para alinhar as boas práticas de administração da ferramenta. Tudo isso em um único curso!;Responsáveis pela parametrização do SEI no seu órgão ou entidade, após a instalação do sistema pela área de tecnologia. Curso aberto, gratuito e com certificado, qualquer pessoa pode se inscrever.;Módulo 1: Introdução.Módulo 2: Estrutura Organizacional.Módulo 3: Controle de Acesso.Módulo 4: Administração do SEI (Parte I).Módulo 5: Administração do SEI (Parte II).Módulo 6: Administração do SEI (Parte III).Módulo 7: Relatórios e Auditoria.;08/05/2020;;
74;Sistema Eletrônico de Informações - SEI! USAR;https://www.escolavirtual.gov.br/curso/74;Gestão da Informação e do Conhecimento;Enap;Unicorreios;20;30;Curso Aberto;Este curso apresenta as principais funcionalidades do Sistema Eletrônico de Informações (SEI), utilizado na Administração Pública federal para aprimorar a gestão documental e facilitar o acesso de servidores e cidadãos às informações institucionais, propiciando celeridade, segurança e economicidade. O objetivo do curso é capacitar as pessoas que atuam na gestão de documentos para utilizar o SEI e usufruir dos seus benefícios no dia a dia de trabalho.;Agentes públicos das esferas de governo federal, estadual e municipal que tenham atuação na gestão de documentos. Curso aberto, gratuito e com certificado, qualquer pessoa pode se inscrever.;1 Introdução 1.1 Acesso ao Sistema 1.2 Elementos da tela inicial 1.3 Recebimento e atribuição de processos 1.4 Inclusão de Anotações 2 Operações com processos 2.1 Criação, abertura e exclusão 2.2 Relacionamento e anexação 2.3 Sobrestamento, duplicação e envio 2.4 Conclusão, Retorno programado e Pontos de controle 3 Operações com documentos 3.1 Criação e edição 3.2 Barra de ferramentas 3.3 Assinatura 3.4 Padrões e modelos 3.5 Documentos externos 3.6 Exclusão e cancelamento 3.7 Manifestação de Ciência 4 Utilização de Blocos 4.1 Assinatura em unidades diferentes 4.2 Consultas 4.3 Visualização de minutas em Blocos de Reunião 4.4 Inclusão e visualização de processos em Blocos Internos 5 Recuperação de informações 5.1 Histórico do processo 5.2 Acompanhamento Especial 5.3 Reabertura de processos 5.4 Exportação de documentos 5.5 Base de conhecimentos e estatística de processos 6 Usuários Externos 6.1 Cadastro 6.2 Visualização e assinatura de processos 6.3 Envio de mensagens eletrônicas;23/08/2016;;
937;Uso de dados para a gestão do transporte público coletivo;https://www.escolavirtual.gov.br/curso/937;Gestão da Informação e do Conhecimento;Enap;Frente Nacional de Prefeitas e Prefeitos;10;30;Curso Aberto;Neste curso, você conhecerá os aspectos fundamentais para o desenvolvimento de estratégia para a gestão de dados do transporte público. Além disso, você compreenderá a importância dos dados da bilhetagem eletrônica, do GPS e do GTFS, bem como reconhecerá as inovações nos contratos de transporte público, as noções básicas sobre dados abertos e as boas práticas em gestão de dados. Inscreva-se para saber mais!;Gestores, gestoras e demais agentes responsáveis pelo planejamento, regulação e fiscalização do transporte público e da mobilidade urbana nos órgãos públicos locais;Módulo 1: Por que utilizar e abrir dados de transporte público?Módulo 2: Boas práticas de contratos para a gestão de dados de transporte públicoMódulo 3: Dados abertos e segurança de dados de transporte públicoMódulo 4: Uso de dados de transporte público para elaboração e avaliação de políticas públicasMódulo 5: Indicadores de oferta e demanda para a qualidade do transporte público;19/04/2023;;
681;A Previdência Social dos Servidores Públicos: Regime Próprio e Regime de Previdência;https://www.escolavirtual.gov.br/curso/681;Gestão de Pessoas;Enap;Ministério da Fazenda;30;30;Curso Aberto;Já parou para pensar em quanto tempo falta para você se aposentar? Conhece as regras de aposentadoria do serviço público federal? Se você nunca pensou sobre esses assuntos, essa é uma ótima oportunidade para se capacitar e entender na prática como funcionam os critérios de acesso e de concessão. Que tal cursar e adquirir condições de reconhecer os aspectos gerais do Regime Próprio de Previdência Social da União?;Servidores federais, principalmente, do Poder Executivo. Curso aberto: qualquer pessoa pode se inscrever.;"Módulo 1: A Previdência Social;Módulo 2: Constituição do Regime Próprio de Previdência Social da União (RPPS União) e seus benefícios;Módulo 3: Como funciona o Regime de Previdência Complementar dos servidores da União?;Módulo 4: Fundamentos de Aposentadoria;Módulo 5: Concessão de pensão.";20/12/2021;;
695;Aposentadoria e Pensão de servidores: Atualizações conforme Emenda 103/2019;https://www.escolavirtual.gov.br/curso/695;Gestão de Pessoas;Enap;Enap - Escola Nacional de Administração Pública;25;30;Curso Aberto;Você conhece as atualizações das regras sobre aposentadoria e pensão de servidores? Para lhe esclarecer sobre o assunto este curso busca apresentar as novidades trazidas pela Emenda Constitucional n.º 103/2019 aplicadas ao Regime Próprio de Previdência Social dos servidores civis da União. Se inscreva e venha conhecer as novas regras aplicadas a esse tema de grande importância.;Servidores civis da União. Curso aberto, qualquer pessoa pode se inscrever.;"Módulo 1: Introdução à Emenda Constitucional n.º 103/2019;Módulo 2: Regras de Aposentadoria Voluntária Aplicáveis aos Servidores Civis da União;Módulo 3: Aposentadoria por Incapacidade Permanente e Aposentadoria Compulsória;Módulo 4: Pensão por Morte.";15/03/2022;;
836;Assédio Moral: O que saber e fazer;https://www.escolavirtual.gov.br/curso/836;Gestão de Pessoas;Enap;Serviço Federal de Processamento de Dados;12;30;Curso Aberto;Conhecer e refletir sobre o Assédio Moral no trabalho é uma das medidas que podem proteger a organização desse mal que tanto prejudica as relações de trabalho. Neste curso, você irá refletir sobre este tema, estabelecer paralelos com a realidade que você vivencia e refletir se algo na sua conduta profissional ou no seu ambiente de trabalho precisa ser revisto.;Servidores da administração pública e comunidade em geral. Curso aberto, gratuito e com certificado, qualquer pessoa pode se inscrever.;Módulo 1: Assédio Moral no Trabalho: o que eu tenho a ver com isso?Módulo 2: O que é Assédio Moral no Ambiente de TrabalhoMódulo 3: Legislação e Regulamentação sobre Assédio Moral e suas consequênciasMódulo 4: Entendendo como o Assédio Moral ocorre;21/06/2022;;
201;Censo Cadastral Previdenciário;https://www.escolavirtual.gov.br/curso/201;Gestão de Pessoas;Enap;Previdência Social;30;30;Curso Aberto;O curso “Censo Cadastral Previdenciário para os RPPS utilizando o SIGEV/Gestão” foi produzido por meio da parceria entre a Escola de Administração Fazendária e a Secretaria de Previdência. Sua estrutura está configurada em 4 (quatro) módulos que abordam todas as fases de planejamento e execução para a criação e a manutenção de um banco de dados atualizado, utilizando a ferramenta SIPREV/Gestão.;Gestores, Técnicos e Conselheiros dos Regimes Próprios de Previdência Social - RPPS. Curso aberto, gratuito e com certificado, qualquer pessoa pode se inscrever.;Módulo 1: Tópicos Iniciais sobre Censo Cadastral Módulo 2: Fases do Planejamento do censo cadastral previdenciário Módulo 3: Fases da execução do censo cadastral previdenciário Módulo 4: Fases Pós-Censo Cadastral Previdenciário;31/08/2019;;
202;Critérios do Certificado de Regularidade Previdenciária - CRP;https://www.escolavirtual.gov.br/curso/202;Gestão de Pessoas;Enap;Enap - Escola Nacional de Administração Pública;60;60;Curso Aberto;O curso “Critérios do Certificado de Regularidade Previdenciária - CRP” foi produzido por meio da parceria entre a Escola de Administração Fazendária e a Secretaria de Previdência. Sua estrutura está configurada em 7 (sete) módulos que abordam de forma detalhada, a base legal, os critérios para a obtenção do CRP e medidas para a manutenção da sua regularidade.;Gestores, Técnicos e Conselheiros dos Regimes Próprios de Previdência Social - RPPS. Curso aberto, gratuito e com certificado, qualquer pessoa pode se inscrever.; Módulo 1: Certificado de Regularidade Previdenciária Módulo 2: Critérios relacionados ao acompanhamento legal Módulo 3: Caráter Contributivo Módulo 4: Informações Contábeis do RPPS Módulo 5: Investimentos Módulo 6: Critérios relacionados ao Equilíbrio Financeiro e Atuarial Módulo 7: Auditoria e Contencioso ;29/04/2019;;
70141;Curso Saúde Mental no Trabalho - Práticas Possíveis e Gerenciáveis;https://moodle.ebserh.gov.br/course/view.php?id=70141;Gestão de Pessoas;3EC ;EBSERH;16;0;Curso Aberto;"Este curso vai abordar os seguintes temas:Autoconhecimento e Autocuidado; Estresse e Estresse no Trabalho; Relacionamento InterpessoaL; Fatores Psicossociais no Trabalho; Psicopatologia no Trabalho; Primeiros Socorros Psicológicos; Segurança Psicológica no Trabalho: Definição e Conceitos Fundamentais; Felicidade no Trabalho.";Aberto para todos os públicos;"Este curso vai abordar os seguintes temas:Autoconhecimento e Autocuidado; Estresse e Estresse no Trabalho; Relacionamento InterpessoaL; Fatores Psicossociais no Trabalho; Psicopatologia no Trabalho; Primeiros Socorros Psicológicos; Segurança Psicológica no Trabalho: Definição e Conceitos Fundamentais; Felicidade no Trabalho.";;;
225;Demonstrativo de Investimentos do RPPS - DAIR E DPIN;https://www.escolavirtual.gov.br/curso/225;Gestão de Pessoas;Enap;Enap - Escola Nacional de Administração Pública;30;30;Curso Aberto;O curso “Demonstrativo de Investimentos dos RPPS - DAIR e DPIN” foi produzido por meio da parceria entre a Escola de Administração Fazendária e a Secretaria de Previdência. Sua estrutura está configurada em 6 (seis) módulos que abordam os novos demonstrativos, DAIR e DPIN, que têm como objetivo principal ser um meio transparente para proporcionar informações seguras aos agentes envolvidos e participantes com foco nas condições indicadas no Art, 1º da Resolução CMN n° 3922/2010: Segurança, Rentabilidade, Solvência, Liquidez e Transparência.;Gestores, Técnicos e Conselheiros dos Regimes Próprios de Previdência Social - RPPS. Curso aberto, gratuito e com certificado, qualquer pessoa pode se inscrever.;Módulo 1 - Tópicos sobre Investimentos dos RPPS Módulo 2 - Conhecendo os demonstrativos de investimento Módulo 3 - Preenchimento do DAIR e DPIN/ Informações gerais Módulo 4 - Aspectos do DAIR Módulo 5 - Aspectos do DPIN Módulo 6 - Envio e processamento;18/04/2019;;
1336;Diversidade e inclusão no ambiente de trabalho;https://www.escolavirtual.gov.br/curso/1336;Gestão de Pessoas;Enap;Tribunal Regional do Trabalho da 2ª Região;20;30;Curso Aberto;O curso oferece uma base teórica e prática, destacando sua relevância estratégica para o sucesso organizacional e o bem-estar social. Você terá uma compreensão profunda dos princípios de DEI, estará equipada(o) com as habilidades necessárias para liderar iniciativas de inclusão e terá a capacidade de influenciar positivamente a cultura organizacional. Quer saber mais? Increva-se;Profissionais que atuam em posições de liderança ou gestão interessados em desenvolver habilidades em inclusão no trabalho. Curso aberto, gratuito e com certificado. Qualquer pessoa pode se inscrever.;Módulo 1 - Diversidade e inclusão socialMódulo 2 - Pauta da organização: Diversidade, Equidade e InclusãoMódulo 3 - As políticas públicas na Gestão de pessoasMódulo 4 - Recursos Humanos (RH) inclusivo;15/05/2025;;
1227;Eixo 1 - Colaborando e cooperando para metas compartilhadas Programa - Trabalho em Equipe;https://www.escolavirtual.gov.br/curso/1227;Gestão de Pessoas;Enap;Enap - Escola Nacional de Administração Pública;46;365;Curso Aberto;As metas organizacionais institucionais e da unidade devem ser conhecidas e compartilhadas por todos os seus membros. Dessa forma, o trabalho em equipe se desenvolve quando são identificados objetivos comuns e os seus integrantes se comprometem com o propósito do grupo, associando objetivos e metas da equipe às suas metas e atividades individuais.;Desenvolvida com foco em servidoras e servidores públicos em geral. Trilha de aprendizagem aberta, gratuita e com certificado. Qualquer pessoa pode se inscrever.;Colaborando e cooperando para metas compartilhadas;27/09/2024;;
1228;Eixo 2 - Identificando a repercussão de suas ações nos objetivos Programa - Trabalho em equipe;https://www.escolavirtual.gov.br/curso/1228;Gestão de Pessoas;Enap;Enap - Escola Nacional de Administração Pública;66;365;Curso Aberto;O funcionamento de uma equipe, além de um propósito comum e metas compartilhadas por todos, pressupõe a interdependência e complementaridade das ações, atividades e tarefas desempenhadas. Para isso, além da identificação de como as tarefas e atividades se complementam, é preciso cuidar para existir um clima harmônico da equipe, cultivando a prática de dar e receber feedback e gerenciar eventuais conflitos.;Desenvolvida com foco em servidoras e servidores públicos em geral. Trilha de aprendizagem aberta, gratuita e com certificado. Qualquer pessoa pode se inscrever.;Identificando a repercussão de suas ações nos objetivos;27/09/2024;;
1344;Elaboração de Planos de Entrega e de Trabalho do PGD;https://www.escolavirtual.gov.br/curso/1344;Gestão de Pessoas;Enap;Secretaria de Gestão e Inovação (SEGES/MGI);20;30;Curso Aberto;Aprenda a fazer os planos de entregas e a pactuar planos de trabalho com os membros da sua equipe para organizar o trabalho e alcançar resultados do PGD.;Servidores públicos participantes do Programa de Gestão e Desempenho, com foco prioritário em ocupantes de cargos de chefia com equipes em PGD, particularmente equipes em teletrabalho parcial (híbridas) ou teletrabalho integral.;Módulo 1 - Seleção dos participantes e assinatura do TCRMódulo 2 - Introdução aos Planos de Entregas e TrabalhoMódulo 3 - Estruturação do Plano de EntregasMódulo 4 - Estruturação do Plano de Trabalho;25/02/2025;;
219;eSocial para Órgãos Públicos - RPPS;https://www.escolavirtual.gov.br/curso/219;Gestão de Pessoas;Enap;Previdência Social;20;30;Curso Aberto;O curso “eSocial para Órgãos Públicos - RPPS” foi produzido por meio da parceria entre a Escola de Administração Fazendária e a Secretaria de Previdência. Sua estrutura está configurada em 3 (três) módulos que abordam a prestação de informações, dos dados cadastrais, funcionais e financeiros dos servidores, dos beneficiários e dos dependentes do eSocial.;Gestores e Técnicos dos RPPS, bem como os servidores públicos da área de cadastro, da folha de pagamento, da tecnologia da informação e do financeiro, os Conselheiros dos RPPS, além dos servidores que trabalham nos Órgãos de Controle. Curso aberto, gratuito e com certificado, qualquer pessoa pode se inscrever.;Módulo 1 - Tópicos Iniciais eSocial Módulo 2 - Conhecendo os eventos e tabelas do eSocial Módulo 3 – Consulta Qualificação Cadastral;29/03/2019;;
232;Ética Profissional do Serviço Público na Receita Federal do Brasil;https://www.escolavirtual.gov.br/curso/232;Gestão de Pessoas;Enap;Secretaria Especial da Receita Federal do Brasil;20;30;Curso Exclusivo;O curso foi desenvolvido para propiciar conhecimentos sobre os valores e princípios éticos que permeiam a Administração Pública no âmbito do Poder Executivo Federal e possibilitar aos servidores públicos da RFB, por meio da instrução sobre a ética, o bom desenvolvimento da competência fundamental “ética profissional”.;Exclusivo para servidores da Receita Federal do Brasil. Para o usuário ter acesso ao curso é necessário que você tenha cadastro na EV.G com seu e-mail institucional (@rfb.gov.br ou @receita.fazenda.gov.br ou @receita.economia.gov.br).;"Módulo 1 - Conceitos, Regras Deontológicas, Princípios Basilares e Sistema de Gestão da Ética no Serviço Público;Módulo 2 - Fundamentos da Ética Profissional na Secretaria da Receita Federal do Brasil;Módulo 3 - Temas Específicos da Ética Pública;Módulo 4 - A Apuração Ética.";13/05/2020;;
196;Funpresp - A previdência complementar do servidor público federal;https://www.escolavirtual.gov.br/curso/196;Gestão de Pessoas;Enap;FUNPRESP - Fundação de Previdência Complementar do Servidor Público Federal do Poder Executivo;40;60;Curso Aberto;O curso Funpresp - a Previdência Complementar do Servidor Público Federal é uma oportunidade para o servidor conhecer mais sobre a previdência complementar e sobre a Fundação de Previdência Complementar do Servidor Público Federal do Poder Executivo (Funpresp). Dentro das ações de Educação Previdenciária da Fundação, este curso vai compreender o plano ExecPrev, entender os cálculos de contribuição, como é feito o custeio do plano, os investimentos e a rentabilidade. Ao final do curso, o estudante poderá, por exemplo, diferenciar os tipos de regimes tributários oferecidos pela Receita Federal e terá mais segurança para escolher o regime mais adequado a sua realidade e saber mais sobre as regras de aposentadoria do servidor público.;Servidores Públicos Federais em geral. Curso aberto, gratuito e com certificado, qualquer pessoa pode se inscrever.; 1. Contexto histórico dos Regimes de Previdência Social 2. Criação da FUNPRESP 3. Plano de benefício ExecPrev e Categorias de participantes 4. Coberturas adicionais de risco 5. Institutos dos Planos 6. Imposto de Renda na previdência complementar 7. Investimentos e rentabilidade dos planos 8. Sala do Participante 9. Operações com Participantes 10. Migração de Regime Previdenciário ;29/03/2019;;
197;Funpresp para RH - A Previdência Complementar do Servidor Público Federal;https://www.escolavirtual.gov.br/curso/197;Gestão de Pessoas;Enap;FUNPRESP - Fundação de Previdência Complementar do Servidor Público Federal do Poder Executivo;50;60;Curso Aberto;O curso permite o servidor conhecer mais sobre a previdência complementar e sobre a Fundação de Previdência Complementar do Servidor Público Federal do Poder Executivo (Funpresp). Dentro das ações de Educação Previdenciária da Fundação, este curso vai compreender o plano ExecPrev, entender os cálculos de contribuição, como é feito o custeio do plano, os investimentos e a rentabilidade. Para os servidores que compõem as equipes de Gestão de Pessoas dos órgãos da União, o curso será um importante instrumento de informação acerca do Regime de Previdência Complementar e sobre a Funpresp.;Servidores das áreas de Gestão de Pessoas. Curso aberto, gratuito e com certificado, qualquer pessoa pode se inscrever.;"1. Contexto histórico dos Regimes de Previdência Social; 2. Criação da FUNPRESP; 3. Plano de benefício ExecPrev e Categorias de participantes; 4. Coberturas adicionais de risco; 5. Institutos dos Planos; 6. Imposto de Renda na previdência complementar; 7. Investimentos e rentabilidade dos plano; 8. Sala do Participante; 9. Operações com Participantes; 10. Migração de Regime Previdenciário; 11. Responsabilidades do Patrocinador.";01/08/2019;;
1337;Gestão de Conflitos;https://www.escolavirtual.gov.br/curso/1337;Gestão de Pessoas;Enap;Tribunal Regional do Trabalho da 2ª Região;20;30;Curso Aberto;Este curso apresenta as práticas mais atuais e eficazes em gestão de conflitos, ajudando você a desenvolver habilidades essenciais para lidar com desafios e alcançar melhores resultados em sua vida pessoal e profissional. Ideal para quem busca se comunicar melhor e tomar decisões mais assertivas.;Profissionais e indivíduos interessados em melhorar habilidades de resolução de conflitos. Curso aberto, gratuito e com certificado. Qualquer pessoa pode se inscrever.;Módulo 1 - Introdução à gestão de conflitosMódulo 2 - Tipos, níveis e estágios de conflitoMódulo 3 - Abordagens e estratégias para gestão de conflitosMódulo 4 - Negociação para gestão de conflitos;06/05/2025;;
372;Gestão de Conflitos e Negociação;https://www.escolavirtual.gov.br/curso/372;Gestão de Pessoas;Enap;Ministério da Fazenda;20;30;Curso Aberto;Resolver diferenças e divergências, e tomar decisões de forma colaborativa são formas efetivas de preservar e ampliar os objetivos a serem alcançados nas organizações. A temática é relevante uma vez que o desenvolvimento das competências de resolução de conflitos e de negociação tem se mostrado fundamental para o adequado desempenho e atuação de gestores e servidores em suas rotinas de trabalho.;Agentes públicos dos órgãos e entidades participantes da Rede Nacional de Governo Digital, denominada como rede.gov.br. Curso aberto, gratuito e com certificado, qualquer pessoa pode se inscrever.;Módulo 1 – Compreensão e Análise de Conflitos no Ambiente de TrabalhoMódulo 2 – Estratégias para Administrar e Resolver ConflitosMódulo 3 – Comunicação e RapportMódulo 4 – Conceitos, ferramentas e técnicas do Método de Negociação Baseado em Interesses;24/12/2020;;
227;Gestão de Consultas e Normas GESCON - RPPS;https://www.escolavirtual.gov.br/curso/227;Gestão de Pessoas;Enap;Enap - Escola Nacional de Administração Pública;40;60;Curso Aberto;O curso “Gestão de Consultas e Normas GESCON - RPPS” foi produzido por meio da parceria entre a Escola de Administração Fazendária e a Secretaria de Previdência. Sua estrutura está configurada em 6 (seis) módulos que abordam de forma detalhada as funcionalidades e a utilização do GESCON;Gestores, analistas, técnicos e conselheiros dos RPPS. Curso aberto, gratuito e com certificado, qualquer pessoa pode se inscrever.;Módulo 1: Utilização do Gerid Módulo 2: Conhecendo o Sistema de Gestão de Consultas e Normas (Gescon) Módulo 3: Módulo de Consultas Módulo 4: Minhas Consultas Módulo 5: Gestão de normas RPPS Módulo 6: Notificação de irregularidade de legislação;29/04/2019;;
1338;Gestão de Pessoas;https://www.escolavirtual.gov.br/curso/1338;Gestão de Pessoas;Enap;Tribunal Regional do Trabalho da 2ª Região;20;30;Curso Aberto;A gestão de pessoas evoluiu para um papel estratégico nas organizações. Este curso apresenta os principais conceitos, técnicas e ferramentas que fazem parte do processo de gestão de pessoas. Aborda, ainda, o papel do gestor de pessoas e sua importância para o alcance dos objetivos institucionais.;O curso Gestão de Pessoas é voltado para gestores, servidores públicos e demais pessoas interessadas no tema. Curso aberto, gratuito e com certificado. Qualquer pessoa pode se inscrever.;Módulo 1 - A evolução da gestão de pessoasMódulo 2 - O processo de gestão de pessoas: agregar e aplicar pessoasMódulo 3 - O processo de gestão de pessoas: monitorar e desenvolver pessoasMódulo 4 - O processo de gestão de pessoas: recompensar e manter pessoas;09/05/2025;;
468;Gestão do Tempo e Produtividade;https://www.escolavirtual.gov.br/curso/468;Gestão de Pessoas;Enap;Secretaria Especial da Receita Federal do Brasil;40;60;Curso Aberto;Você sabe para onde está indo? Como você pode fazer para escolher o melhor caminho? Neste curso, você empreenderá uma jornada de autoconhecimento e conhecerá processos e métodos produtivos para o aperfeiçoamento de suas competências individuais e coletivas relacionadas ao aumento da produtividade e à eficiência no gerenciamento do tempo.;Agentes públicos e demais interessados no tema. Curso aberto, gratuito e com certificado, qualquer pessoa pode se inscrever.;Módulo 1 – AUTOCONHECIMENTO: paradas e reflexões.Módulo 2 – PRODUTIVIDADE: conceitos e contextos.Módulo 3 – Elementos e ferramentas de produtividade.Módulo 4 – Gestão do tempo.Módulo 5 – Atitudes de pessoas produtivas.;09/08/2022;;
541;Gestão do Voluntariado no ICMBio: Manejo Integrado do Fogo;https://www.escolavirtual.gov.br/curso/541;Gestão de Pessoas;Enap;Instituto Chico Mendes de Conservação da Biodiversidade;23;30;Curso Aberto;Você sabe como é feita a gestão de voluntariado no ICMBio? Com a missão de proteger as Unidades de Conservação federais, voluntários trabalham em ações de combate e prevenção de incêndios. Mas, para que o trabalho seja feito com responsabilidade, os gestores planejam sua realização de dentro das UCs. Caso se interesse nessa função fundamental para a preservação ambiental, este curso é para você!;Pessoas interessadas em atuar como gestores no ICMBio na área temática de Proteção Ambiental, especificamente na prevenção e combate a incêndios sob a ótica do Manejo Integrado do Fogo. Curso aberto, gratuito e com certificado, qualquer pessoa pode se inscrever.;Módulo 1: Voluntariado na Proteção AmbientalMódulo 2: Voluntariado no Manejo Integrado do FogoMódulo 3: Atuação do Gestor;14/10/2022;;
685;Gestão Estratégica de Pessoas no Setor Público e o Sistema de Carreiras;https://www.escolavirtual.gov.br/curso/685;Gestão de Pessoas;Enap;Enap - Escola Nacional de Administração Pública;20;30;Curso Aberto;As particularidades do setor público podem oferecer uma série de desafios para a gestão estratégica de pessoas. Neste curso, além de um panorama conceitual sobre gestão estratégica e gestão de pessoas, você vai compreender como, historicamente, os planos e carreiras se constituíram, além obter referências do modelo de organização de planos, carreiras e cargos efetivos no poder executivo federal.;Agentes públicos do Poder Executivo Federal. Curso aberto, gratuito e com certificado, qualquer pessoa pode se inscrever.;"Módulo 1: Introdução à Gestão Estratégica de Pessoas;Módulo 2: Gestão de Pessoas no Setor Público;Módulo 3: Sistema de Carreiras no Executivo Federal;Módulo 4: Estruturação de carreiras.";02/02/2022;;
175;Gestão por Competências;https://www.escolavirtual.gov.br/curso/175;Gestão de Pessoas;Enap;Secretaria Especial da Receita Federal do Brasil;40;60;Curso Aberto;O que você sabe sobre Gestão por Competências? Como ela é aplicada no setor público? A partir da experiência da Receita Federal, esse curso aborda o papel da gestão por competências no contexto público e como ela pode contribuir na identificação de lacunas e para o aperfeiçoamento de servidores. Quer saber mais? Se inscreva! Disponível também a versão em inglês deste curso.;Servidores públicos lotados na Receita Federal do Brasil e aos interessados em conhecer como a Gestão por Competências pode ocorrer administração pública. Curso aberto, gratuito e com certificado, qualquer pessoa pode se inscrever.;"Módulo 1 - Modelos de administração de pessoal e o panorama da Gestão por Competências&nbsp;Módulo 2 - Conceitos, definições e tipologias de competências&nbsp;Módulo 3 - Gestão por Competências na RFB";28/02/2020;;
AP8;Liderança em IA no governo: construindo confiança, habilidades e uma cultura inovadora;Apolitical: a rede social de aprendizado para governos;Gestão de Pessoas;Apolitical;Equipe Apolitical;3;Autoinstrucional;Curso aberto;Desenvolve competências para fornecer e receber feedback.;Líderes e equipes;Feedback, desenvolvimento profissional e comunicação interpessoal;Não informado;;
1074;Higiene Ocupacional;https://www.escolavirtual.gov.br/curso/1074;Gestão de Pessoas;Enap;FUNDACENTRO - Fundação Jorge Duprat Figueiredo de Segurança e Medicina do Trabalho;30;30;Curso Aberto;Neste curso, você conhecerá normas, estratégias e orientações para reconhecer, avaliar e controlar os riscos ocupacionais nos ambientes de trabalho. Ações de higiene ocupacional tem como foco a redução dos riscos e prevenção de doenças ocupacionais causadas por agentes ambientais. Quer saber mais? Inscreva-se!;Profissionais que atuam na área de segurança e saúde no trabalho, tais como especialistas em higiene ocupacional, técnicos, engenheiros e médicos da saúde ocupacional.;Módulo 1: Higiene Ocupacional e LegislaçãoMódulo 2: Agentes QuímicosMódulo 3: Agente Físicos: Ruído e Vibração;15/04/2024;;
1430;Jornada da Diversidade: Inclusão em Ação;https://www.escolavirtual.gov.br/curso/1430;Gestão de Pessoas;Enap;Banco Nacional de Desenvolvimento Econômico e Social - BNDES;6;30;Curso Aberto;Curso voltado a profissionais do setor público, com foco na promoção da diversidade, equidade e inclusão. Com módulos sobre raça e etnia, pessoas com deficiência, gênero, LGBTQIAPN+ e gerações, oferece conceitos e orientações práticas para a construção de ambientes de trabalho mais inclusivos.;Servidores, gestores e profissionais do setor público interessados em promover práticas de diversidade, equidade e inclusão no ambiente de trabalho.;"Módulo 1: Introdução;Módulo 2: Questões Étnico-Raciais;Módulo 3: Pessoas com Deficiência;Módulo 4: Diversidade de Gerações;Módulo 5: Pessoas LGBTQIAPN+;Módulo 6: Equidade de Gênero;Módulo 7: Conclusão.";17/09/2025;;
405;Lei nº 8112/90 e suas alterações;https://www.escolavirtual.gov.br/curso/405;Gestão de Pessoas;Enap;Instituto Federal de São Paulo;40;60;Curso Aberto;A Lei nº 8.112/90, conhecida como Regime Jurídico Único dos servidores da União, das autarquias e das fundações públicas federais, sofreu diversas alterações com o passar dos anos. Busca-se, com este curso, instruir os interessados quanto aos direitos e deveres dos servidores públicos federais, dirimir possíveis dúvidas e apresentar algumas peculiaridades sobre os temas abordados na legislação.;Servidores públicos de qualquer esfera e Poder bem como cidadãos em geral. Curso aberto, gratuito e com certificado, qualquer pessoa pode se inscrever.;Módulo 1- Do provimentoMódulo 2 - Da vacância, remoção, redistribuição e substituiçãoMódulo 3 - Dos direitos e vantagensMódulo 4 - Das férias e das licençasMódulo 5 - Dos afastamentosMódulo 6 - Das concessões, do tempo de serviço, e do direito de petiçãoMódulo 7 - Do regime disciplinarMódulo 8 - Do processo administrativo disciplinarMódulo 9 - Da seguridade social do servidorMódulo 10 - Da assistência à saúde;01/06/2021;;
1350;Liderança e Gestão no Trabalho Híbrido;https://www.escolavirtual.gov.br/curso/1350;Gestão de Pessoas;Enap;Tribunal Regional do Trabalho da 2ª Região;20;30;Curso Aberto;O curso explora conceitos, técnicas e ferramentas para liderança e gestão no contexto do trabalho híbrido, além de boas práticas organizacionais para enfrentar desafios atuais para ajudar você a conhecer e aplicar recursos valiosos de gestão, bem como a entender os diferentes papéis de um líder nesse “admirável mundo novo”. Inscreva-se!;Profissionais que atuam em posições de liderança ou gestão interessados em desenvolver habilidades adaptadas ao contexto do trabalho híbrido. Curso aberto, gratuito e com certificado. Qualquer pessoa pode se inscrever.;Módulo 1 - O trabalho em contextos de mudançasMódulo 2 - Trabalho e liderança de equipes híbridas em cenários complexosMódulo 3 - Desenvolvendo habilidades e atitudes para a liderança 4.0Módulo 4 - Gestão em trabalho híbrido;08/05/2025;;
1415;Neurodiversidade com Foco em Transtorno do Espectro Autista;https://www.escolavirtual.gov.br/curso/1415;Gestão de Pessoas;Enap;Banco Nacional de Desenvolvimento Econômico e Social - BNDES;1;10;Curso Aberto;Neste curso, você vai conhecer a neurodiversidade no trabalho, com foco no Transtorno do Espectro Autista (TEA). Vamos refletir sobre acolhimento, superação de estigmas e práticas inclusivas. Com linguagem clara e recursos de aprendizagem, apresentamos conceitos e estratégias aplicáveis nas organizações públicas. Inscreva-se!;Profissionais do setor público interessados em promover ambientes de trabalho inclusivos, com foco na neurodiversidade e na inclusão de pessoas com TEA. Curso aberto, gratuito e com certificado.;Módulo único - Neurodiversidade com Foco em Transtorno do Espectro Autista;27/08/2025;;
1349;Noções básicas de atendimento ao cidadão;https://www.escolavirtual.gov.br/curso/1349;Gestão de Pessoas;Enap;Tribunal Regional do Trabalho da 2ª Região;20;30;Curso Aberto;O atendimento no serviço público é alvo de críticas de cidadãos de todos os níveis sociais. Contudo, há esforços para mudar essa percepção, com investimentos em melhorias, conscientização e capacitação de servidores. Este curso oferece ferramentas conceituais e práticas para aprimorar o serviço prestado ao cidadão.;Servidores públicos, gestores e profissionais que buscam melhorar o atendimento ao cidadão. Curso aberto, gratuito e com certificado. Qualquer pessoa pode se inscrever.;Módulo 1 - Marketing de serviços aplicado ao serviço públicoMódulo 2 - Competências essenciais do servidor públicoMódulo 3 - Ética, imagem e responsabilidade do servidor públicoMódulo 4 - Situações extraordinárias, clima organizacional, sentido e significado do trabalhoMódulo 5 - Atendimento não presencial;30/04/2025;;
183;Noções Básicas em Previdência Complementar;https://www.escolavirtual.gov.br/curso/183;Gestão de Pessoas;Enap;Enap - Escola Nacional de Administração Pública;25;30;Curso Aberto;A Subsecretaria do Regime de Previdência Complementar – SURPC, órgão do Ministério da Fazenda – MF, é a responsável por promover políticas públicas com vistas ao desenvolvimento, ao fomento e a evolução técnica do Regime de Previdência Complementar – RPC, no âmbito das Entidades Fechadas de Previdência Complementar – EFPC. Como uma das formas de divulgar, informar, orientar e esclarecer o público em geral sobre o Regime, foi elaborado Curso de Noções Básicas em Previdência Complementar, com o intuito de prestar informações, instruções e orientações acerca da Previdência Complementar.;Servidores públicos, associados de sindicatos e entidades de classe e setoriais, empregados de Empresas e qualquer pessoa que tenha interesse em conhecer o tema.;Unidade 1 Aula 01 - Evolução da Seguridade Social e da Previdência Social no Brasil Aula 02 - Segmentos da Previdência Social no Brasil A história ilustrada da Previdência Unidade 2 Aula 01 - Evolução e Características do Regime de Previdência Complementar Aula 02 - Como o Regime de Previdência Complementar está organizado Unidade 3 Aula 01 - Como as EFPC estão organizadas Aula 02 - Conhecendo as EFPC e as Modalidades de Planos de Benefícios Unidade 4 Aula 01 - A Política de Investimento e a Aplicação dos Recursos Unidade 5 Aula 01 - Vantagens para os Participantes das EFPC Aula 02 - Vantagens para o Patrocinador, Instituidor e a Sociedade ;05/10/2019;;
716;Para que serve a análise ergonômica do trabalho;https://www.escolavirtual.gov.br/curso/716;Gestão de Pessoas;Enap;FUNDACENTRO - Fundação Jorge Duprat Figueiredo de Segurança e Medicina do Trabalho;20;30;Curso Aberto;O curso foi desenvolvido com foco na adoção de metodologia que contribua para a prevenção de agravos à saúde e na construção de sistemas seguros, a partir do conhecimento do trabalho real e da análise de acidentes e incidentes. Prevista na NR 17, a Análise Ergonômica do Trabalho é um método importante de análise voltado tanto para o setor público como o privado, de qualquer atividade produtiva.;Profissionais da área de Segurança e Saúde do Trabalho, Recursos Humanos, Auditoria Fiscal do Trabalho e Estudantes. Curso aberto, gratuito e com certificado, qualquer pessoa pode se inscrever.;"Módulo 1: Noções Fundamentais sobre Ergonomia e sobre AET: A Ergonomia e sua história no Brasil; Trabalho e prescrição; Trabalho real e atividade; Trabalho operário.Módulo 2: Princípios metodológicos, desenvolvimento e aplicação da AET: Intervenção no trabalho; O ponto de vista da atividade; O setor de entregas por motocicletas; Prevenção de acidentes.Módulo 3: Aplicação da AET para a prevenção de agravos à saúde no serviço público: Contribuições; Poder de agir e sofrimento; O adoecimento nos serviços públicos; Engajamento no trabalho, impedimentos organizacionais e adoecer.Módulo 4: Contribuição da AET para a investigação de acidentes e programas de segurança: Entendendo o “erro” humano; Gestão da segurança; Prevenção de acidentes do trabalho graves, fatais e tecnológicos ampliados.Módulo 5: Norma regulamentadora 17 e Gestão de Riscos: NR 17; Requisitos específicos da AET; GRO; AET e PGR.";17/01/2022;;
AP16;Pensamento sistêmico: enfrentando desafios complexos com uma abordagem de portfólio;https://apolitical.co/pt-BR/courses/systems-thinking-tackling-complex-challenges-with-a-portfolio-approach/default;Gestão de Pessoas;Apolitical;Equipe Apolitical;2h;Autoinstrucional;Curso aberto;"Os desafios complexos das políticas públicas exigem abordagens inovadoras que vão além dos métodos tradicionais e lineares.

Este curso demonstrará como uma abordagem de portfólio pode transformar a formulação de políticas — conectando iniciativas para impulsionar a colaboração, gerenciar riscos e promover a adaptabilidade.";Servidores públicos, gestores e equipes;"Seção 1: Explique por que precisamos de uma abordagem baseada em sistemas para enfrentar os desafios complexos das políticas públicas.

Seção 2: Entenda o que é uma abordagem de portfólio, explorando exemplos reais e seus benefícios.

Seção 3: Identifique como ajudar os sistemas a fazer a transição para uma mentalidade de portfólio.";Não informado;;
200;Preparação para Aposentadoria - Caminhos;https://www.escolavirtual.gov.br/curso/200;Gestão de Pessoas;Enap;Secretaria Especial da Receita Federal do Brasil;40;60;Curso Aberto;Venha conhecer regras de aposentadoria vigentes, além de aprender a fazer um planejamento financeiro para a aposentadoria. Você também encontrará informações sobre os aspectos psicossociais e do projeto de vida para a aposentadoria.;Agentes públicos que tenham vínculo com a Receita Federal e que estejam planejando a aposentadoria. Curso aberto, gratuito e com certificado, qualquer pessoa pode se inscrever.;Módulo 1 - Visão Geral sobre AposentadoriaMódulo 2 - O Mundo em Cinco DimensõesMódulo 3 - A Vida na AposentadoriaMódulo 4 - Plano de Vida;28/02/2019;;
1115;Prevenção e Enfrentamento do Assédio Sexual e Moral;https://www.escolavirtual.gov.br/curso/1115;Gestão de pessoas;Enap;Advocacia Geral da União;6;30;Curso Aberto;Neste curso, você conhecerá os elementos caracterizadores e as causas estruturantes do assédio moral e também sexual. Além disso, são apresentadas informações que contribuem para a prevenção e o combate ao assédio na Administração Pública, por meio da indicação de ferramentas e estratégias de enfrentamento. O curso tem como base o Programa de Auxílio à Prevenção e Enfrentamento ao Assédio Sexual da Procuradoria-Geral Federal (PGF). Faça já sua inscrição e colabore com uma cultura institucional de respeito e segurança.;Procuradores Federais, servidores da AGU em geral e demais agentes públicos das autarquias e fundações públicas federais.;Módulo 1 - Assédio SexualMódulo 2 - Aspectos relevantes do Processo Administrativo DisciplinarMódulo 3 - Assédio MoralMódulo 4 - O Assédio Contra MulheresMódulo 5 - Integridade;19/03/2024;;
1125;Previdência Complementar Aplicada às Empresas Estatais;https://www.escolavirtual.gov.br/curso/1125;Gestão de Pessoas;Enap;Secretaria de Coordenação e Governança das Empresas Estatais (SEST);10;30;Curso Aberto;O curso tem como finalidade tratar da responsabilidade dos conselheiros de administração de empresas estatais federais em relação aos fundos de pensão, apresentando as competências dos órgãos regulatórios e fiscalizadores, as normas mais relevantes vigentes, bem como introduzir conceitos sobre previdência complementar.;Conselheiros de Administração, membros de comitês de auditoria e outros interessados em atuar como administradores nas empresas estatais federais, bem como servidores públicos que atuam na interação com essas empresas.;Módulo 1 - Conceitos básicos da Previdência Complementar.Módulo 2 - Governança em Previdência Complementar Fechada e Referências Normativas.Módulo 3 - Previdência Complementar em empresas estatais federais.;28/02/2025;;
910;Previdência Complementar para Servidores Públicos;https://www.escolavirtual.gov.br/curso/910;Gestão de Pessoas;Enap;Enap - Escola Nacional de Administração Pública;25;30;Curso Aberto;O curso Previdência Complementar para Servidores Públicos Estaduais e Municipais foi desenvolvido pela Enap em parceria com SURPC/SPREV/MTP em 2022. O curso foi elaborado com foco na necessidade de apresentar conceitos fundamentais que regem o Sistema da Previdência do Brasil, assim como apresentar a Previdência Complementar, identificar tipos e planos e forma de monitoramento da Previdência.;"Servidores Públicos Estaduais e Municipais, além de profissionais e demais interessados na área. Curso aberto, gratuito e com certificado; qualquer pessoa pode se inscrever.";"Módulo 1: Contextualização do Sistema de Previdência do Brasil;Módulo 2: Previdência Complementar: Estrutura e Funcionamento;Módulo 3: O plano de previdência: Entenda o seu Funcionamento;Módulo 4: A Previdência é sua: Monitorando seu Plano de Benefícios.";30/12/2022;;
1070;Previdência Regime Geral;https://www.escolavirtual.gov.br/curso/1070;Gestão de Pessoas;Enap;Enap - Escola Nacional de Administração Pública;30;30;Curso Aberto;Você sabia que as regras da previdência social mudaram em 2019? E que essas mudanças podem impactar a sua vida? Neste curso, você ficará por dentro das principais alterações do Regime Geral de Previdência Social e entenderá como elas afetam direitos e benefícios previdenciários. Não perca este curso, inscreva-se!;"Servidores públicos estaduais e municipais, além de profissionais e demais interessados na área. Curso aberto, gratuito e com certificado; qualquer pessoa pode se inscrever.";Módulo 1 - Conceitos, Funções e Legislação Básica do Regime Geral de Previdência SocialMódulo 2 - Caracterísitcas do Regime Geral de Previdência SocialMódulo 3 - Mudanças com a Reforma de 2019 e EC 103/2019Módulo 4 - Desafios Futuros do Regime Geral de Previdência Social;29/12/2023;;
1380;Productivity Strategies: Clarity, Purpose, and Task Prioritization;https://www.escolavirtual.gov.br/curso/1380;Gestão de Pessoas;Enap;Enap - Escola Nacional de Administração Pública;25;30;Curso Aberto;Shall we uncover the path to a more productive life together? Discover how to make assertive decisions and prioritize tasks. Optimize your time with effective organization. Learn to cultivate focus, concentration, and efficiency, and uncover your values to achieve your goals and overcome procrastination. Ready for this transformation? Sign up now!;Public officials and other individuals interested in the topic.;Module 1 - Decision-making and task prioritizationModule 2 - Schedule organization based on effective result achievementModule 3 - Focus, concentration and efficiencyModule 4 - A clear setting of values for establishing priorities, negotiating, achieving purpose and overcome procrastination;18/06/2025;;
206;Pró-Gestão RPPS;https://www.escolavirtual.gov.br/curso/206;Gestão de Pessoas;Enap;Enap - Escola Nacional de Administração Pública;30;30;Curso Aberto;O curso “Pró-Gestão RPPS” foi produzido por meio da parceria entre a Escola de Administração Fazendária e a Secretaria de Previdência. Sua estrutura está configurada em 6 (seis) módulos que abordam os conceitos do modelo de gestão para os RPPS proposto pela Secretaria de Previdência, suas dimensões e como implementar os requisitos para buscar a certificação institucional.;Gestores, Técnicos e Conselheiros dos Regimes Próprios de Previdência Social - RPPS. Curso aberto, gratuito e com certificado, qualquer pessoa pode se inscrever.;Módulo 1: Considerações iniciais sobre o modelo Pró-Gestão RPPS 1.1 Perspectiva histórica do Pró-Gestão RPPS 1.2 Conceitos e definições básicas Módulo 2: Aspectos gerais do Pró-Gestão RPPS 2.1 Objetivos 2.2 Dimensões 2.3 Níveis de aderência 2.4 Adesão ao Programa 2.5 Regularidade Previdenciária 2.6 Temporalidade Módulo 3: Dimensão – Controles Internos 3.1 Ações Módulo 4: Dimensão – governança corporativa 4.1 Ações Módulo 5: Dimensão – Educação Previdenciária 5.1 Ações Módulo 6: Implementação do Pró-Gestão RPPS 6.1 Certificação 6.2 Atuação das entidades certificadoras 6.3 Passos para implementação 6.4 Monitoramento das ações do Pró-Gestão RPPS;18/04/2019;;
84;Provas no Processo Administrativo Disciplinar;https://www.escolavirtual.gov.br/curso/84;Gestão de Pessoas;Enap;Controladoria Geral da União;20;30;Curso Aberto;Esta é uma ótima oportunidade de qualificação para membros de comissões de Processo Administrativo Disciplinar (CPAD). O curso pretende instrumentar para a utilização adequada das diversas espécies de provas na fase instrutória do processo disciplinar. Umas das expectativas com o curso é minimizar a necessidade de instauração de novas comissões por nulidade processual.;Agentes públicos do Poder Executivo federal que atuem como responsáveis pela apuração de ilícitos administrativos em comissões disciplinares instituídas no âmbito do Poder Executivo federal. Curso aberto, gratuito e com certificado, qualquer pessoa pode se inscrever.;1 Processo Disciplinar e Prova Documental 1.1 Conceitos, finalidades e procedimentos disciplinares1.2 Servidores públicos que podem ser acusados ou sindicados1.3 Atos e omissões que podem ser apurados1.4 Princípios orientadores do processo punitivo1.5 Produção de provas em processo punitivo1.6 Conceito e características da prova documental1.7 Contraditório da prova documental1.7 Procedimentos a serem adotados pela comissão 2 Prova testemunhal e Pericial 2.1 Testemunha: identificação, parcialidade e dever de sigilo2.2 Planejamento de perguntas2.3 Aviso sobre o depoimento2.4 Oitiva2.5 Prova testemunhal2.6 Colaborador eventual e carta precatória2.7 Prova pericial 3 Diligências e Prova Emprestada 3.1 Conceito e características das diligências3.2 Concretização da diligência3.3 Como realizar uma diligência3.4 Diligência-prova e diligência genérica3.5 Prova emprestada: conceitos e categorias3.6 Interceptação telefônica e gravação clandestina;16/05/2017;;
863;Qualificação em Dimensionamento da Força de Trabalho;https://www.escolavirtual.gov.br/curso/863;Gestão de Pessoas;Enap;Ministério da Gestão e da Inovação em Serviços Públicos;20;30;Curso Aberto;Tornar o DFT um exercício contínuo para embasar as práticas de gestão de pessoas é um dos objetivos deste curso. Com isso, busca-se otimizar a alocação de pessoal, a fim de alcançar melhor desempenho e realizar entregas que agreguem valor ao cidadão. Para aprender as bases do Sistema de Dimensionamento de Pessoas e outros processos relacionados, faça já sua inscrição neste curso e venha ser EV.G!;Servidores públicos ou representantes que atuam nos órgãos e entidades do Sistema de Pessoal Civil da Administração Federal (SIPEC). Curso aberto, qualquer pessoa pode se inscrever.;"Módulo 1: O que Significa Dimensionar a Força de Trabalho?;Módulo 2: Utilizando Dados para Dimensionar a Força de Trabalho no Sisdip;Módulo 3: Utilizando o Sisdip para Dimensionar Forças de Trabalho;Módulo 4: Interpretando os Resultados do Dimensionamento da Força de Trabalho;Módulo 5: Tomando Decisões a partir do Dimensionamento da Força de Trabalho.";18/11/2022;;
760;Reconhecimento de Riscos Químicos nos Ambientes de Trabalho;https://www.escolavirtual.gov.br/curso/760;Gestão de Pessoas;Enap;FUNDACENTRO - Fundação Jorge Duprat Figueiredo de Segurança e Medicina do Trabalho;14;30;Curso Aberto;Neste curso, você irá conhecer os conceitos de química básica e compreender a importância da aplicação de características físico-químicas no reconhecimento e na gestão de riscos químicos, considerando os diversos níveis de complexidades das atividades desenvolvidas nos ambientes de trabalho.;Profissionais da área da saúde e da segurança do trabalho e demais interessados. Curso aberto, gratuito e com certificado, qualquer pessoa pode se inscrever.;"Módulo 1: Princípios básicos de perigo e risco: a importância do cenário de exposição;Módulo 2: Aplicação de características físico-químicas no reconhecimento de riscos;Módulo 3: Aplicação de características físico-químicas em líquidos orgânicos e derivados de petróleo;Módulo 4: Conceitos de química básica aplicada no reconhecimento de riscos químicos;Módulo 5: Como é feito o manuseio e a toxicidade;Módulo 6: Cenários de exposição e características do agente;Módulo 7: Sistemas GHS.";07/07/2022;;
212;Siafi Básico;https://www.escolavirtual.gov.br/curso/212;Gestão de Pessoas;Enap;Secretaria do Tesouro Nacional;35;60;Curso Aberto;O curso apresenta uma visão geral sobre o Sistema Integrado de Administração Financeira do Governo Federal para que o participante domine os principais conceitos, estrutura e algumas funcionalidades básicas do sistema.;Servidores públicos que trabalham na área de acompanhamento e execução orçamentária e financeira. Curso aberto, gratuito e com certificado, qualquer pessoa pode se inscrever.;Módulo 1 – Aspectos geraisMódulo 2 – Utilização do SistemaMódulo 3 – Módulo Comunica;18/11/2019;;
123;Siape Cadastro;https://www.escolavirtual.gov.br/curso/123;Gestão de Pessoas;Enap;Ministério da Fazenda;40;60;Curso Aberto;A proposta do curso é apresentar a operacionalização das principais atividades do cadastro de pessoal, no Sistema de Administração de Recursos Humanos (SIAPE), relativas à inclusões e alterações sistemáticas das mais variadas ocorrências funcionais de servidores públicos dos órgãos vinculados ao Sistema de Pessoal Civil da Administração Federal (SIPEC).;Servidores federais que tenham atuação nas unidades de gestão de pessoas do Sistema de Pessoal Civil da Administração Federal (Sipec). Curso aberto, gratuito e com certificado, qualquer pessoa pode se inscrever.; 1. Breve histórico do SIPEC 2. Como surgiu o SIAPE 3. Tipos de usuário e níveis de acesso no SIAPE 4. Módulos do SIAPE 5. O módulo de Administração do SIAPE (ADMINIST) e seus controles 6. Tabelas do SIAPE (funcionais, gerais e organizacionais) 7. Conhecendo o SIAPECAD e suas respectivas tabelas 8. Demonstração das estruturas dos órgãos 9. Distribuição de vagas (cargo, função e estágio) 10. Formas de provimento (cargos efetivo e derivado e contrato temporário) 11. Residência (médica e multiprofissional) 12. Provimento de função e de vaga para estágio 13. Férias (programação, reprogramação, cancelamento, interrupção, perda e webferias) 14. Cadastro de ocorrências de afastamento 15. Licença prêmio por assiduidade 16. Jornada de trabalho 17. Progressão funcional 18. Movimentações do servidor (remoção, cessão, redistribuição e exercício externo) 19. Vacâncias (de cargo efetivo e de função) 20. Concessão de Benefícios (auxílios transporte e alimentação e assistência à saúde suplementar) 21. Cadastro de dependentes 22. Manutenção cadastral (alteração de dados bancários e pessoais e atualização de endereço eletrônico) 23. Formação de recursos humanos 24. Tempos anteriores de serviço (PCA – Histórico e averbação de tempo de serviço);06/09/2018;;
86;Siape Folha;https://www.escolavirtual.gov.br/curso/86;Gestão de Pessoas;Enap;Ministério da Fazenda;40;60;Curso Aberto;O Sistema de Administração de Recursos Humanos (Siape) é amplamente utilizado pelas áreas de gestão de pessoas para controlar as informações cadastrais que dão suporte ao processamento dos pagamentos aos servidores públicos, aposentados e beneficiários de pensão vinculados aos órgãos e entidades do Poder Executivo federal. A proposta desse curso é apresentar algumas funcionalidades, recursos e operações para a elaboração e administração dos dados que compõem a folha de pagamento.;Agentes públicos do Poder Executivo federal que tenham atuação nas unidades de gestão de pessoas do Sistema de Pessoal Civil da Administração Federal (Sipec), inclusive com cadastro ativo no Senha-Rede do órgão ou entidade de lotação. Qualquer pessoa pode realiar o curso.; 1 Histórico da criação do Siape 1.1 Estrutura do Sistema 1.2 Administração do Sistema 1.3 Tabelas: gerais, organizacionais e funcionais 2 Folha de Pagamento e Movimentações Financeiras 2.1 Tipos de folha de pagamento e Principais transações 2.2 Manual de movimentação financeira 3 Direitos, Vantagens e Descontos na Folha 3.1 Remuneração 3.2 Abate-teto 3.3 Abono de permanência 3.4 Adicional de Plantão Hospitalar 3.5 Ajuda de custo 3.6 Assistência a Saúde Suplementar 3.7 Auxílios 3.8 Férias 3.9 Gratificação Natalina 3 Direitos, Vantagens e Descontos na Folha 3.10 Imposto de renda 3.11 Indenizações 3.12 Pensão civil 3.13 Plano de Seguridade Social (PSS) 3.14 Regime Geral de Previdência Social (RGPS) 3.15 Reposição ao erário 3.16 Substituição de chefia 4 Funcionalidades do Siapenet 4.1 Definição do Siapenet 4.2 Consultas cadastrais e financeiras 4.3 Documentação e legislação 4.4 Órgão/UPAG 4.5 Gratificações e adicionais 4.6 Atualização cadastral (pensão alimentícia) 4.7 Gestor do sistema (tabelas) ;30/05/2017;;
815;Storytelling com Dados para Comunicação Profissional de Sucesso;https://www.escolavirtual.gov.br/curso/815;Gestão de Pessoas;Enap;Enap - Escola Nacional de Administração Pública;25;30;Curso Aberto;O curso Storytelling com dados para comunicação profissional de sucesso apresenta a técnica do storytelling como uma revolução no mercado internacional. Por meio de imagens como veículos efetivos para a comunicação de mensagens e instrumentos para construir narrativas contundentes no seu trabalho, este curso vai habilitar o participante a usar a gestão com base em evidências na aplicação de técnicas de storytelling para atingir seu objetivo profissional.;Este curso destina-se a pessoas das esferas pública e privada e demais pessoas interessadas no tema. Curso aberto, gratuito e com certificado, qualquer pessoa pode se inscrever.;"Módulo 1: Introdução ao Storytelling;Módulo 2: Como passar sua mensagem com imagens?;Módulo 3: Construindo narrativas contundentes no trabalho;Módulo 4: Storytelling com dados aplicados.";19/12/2022;;
191;Supervisão de Estágio na Receita Federal do Brasil;https://www.escolavirtual.gov.br/curso/191;Gestão de Pessoas;Enap;Secretaria Especial da Receita Federal do Brasil;8;30;Curso Exclusivo;O curso Supervisão de Estágio foi produzido por meio da Receita Federal do Brasil - RFB. Sua estrutura está configurada em 1 (um) módulo que aborda conhecimentos relacionados aos procedimentos operacionais relativos à gestão de estagiários.;Exclusivo para servidores da Receita Federal do Brasil. Para o usuário ter acesso ao curso é necessário que você tenha cadastro na EV.G com seu e-mail institucional (@rfb.gov.br ou @receita.fazenda.gov.br ou @receita.economia.gov.br).;Capítulo 1: IntroduçãoCapítulo 2: ContrataçãoCapítulo 3: AdmissãoCapítulo 4: AvaliaçãoCapítulo 5: RenovaçãoCapítulo 6: DesligamentoCapítulo 7: Conclusão;13/03/2020;;
3267;EPI e EPC - Turma 2026B;https://aprendamais.mec.gov.br/course/view.php?id=3267;Gestão de Pessoas;MEC;MEC;20;;;;;;;;
3375;Legislação Cooperativista - Turma 2026B;https://aprendamais.mec.gov.br/course/view.php?id=3375;Gestão de Pessoas;MEC;MEC;20;;;;;;;;
3484;Riscos nas Organizações: análises e falhas - Turma 2026B;https://aprendamais.mec.gov.br/course/view.php?id=3484;Gestão de Pessoas;MEC;MEC;30;;;;;;;;
3496;Segurança do Trabalho: riscos ambientais e prevenção de acidentes - Turma 2026B;https://aprendamais.mec.gov.br/course/view.php?id=3496;Gestão de Pessoas;MEC;MEC;30;;;;;;;;
3498;Segurança na Eletrotécnica - Turma 2026B;https://aprendamais.mec.gov.br/course/view.php?id=3498;Gestão de Pessoas;MEC;MEC;30;;;;;;;;
59168;Norma Regulamentadora (NR) 32 – Segurança e Saúde no Trabalho em Serviços de Saúde, Portaria 3214/78.;https://moodle.ebserh.gov.br/admin/tool/lp/coursecompetencies.php?courseid=59168;Gestão de Pessoas;3EC ;EBSERH;6;0;Curso Aberto;O curso tem os seguintes módulos: Introdução a NR 32, Riscos Biológicos, Riscos Químicos e Resíduos dos Serviços de Saúde, Radiação Ionizante, Topic 5;Aberto para todos os públicos;O curso tem os seguintes módulos: Introdução a NR 32, Riscos Biológicos, Riscos Químicos e Resíduos dos Serviços de Saúde, Radiação Ionizante, Topic 5;;;
702;Gestão de Comportamento nas Organizações;https://www.escolavirtual.gov.br/curso/702;Gestão de Pessoas;Enap;Fundação CEPERJ;10;30;Curso Aberto;O curso Gestão de comportamento nas organizações aborda fundamentalmente sobre ética e relações de trabalho. A gestão do comportamento permite conhecer as principais características comportamentais dos colaboradores e atribuir a eles a função mais adequada à sua essência.;Curso aberto, qualquer pessoa interessada na temática pode se inscrever.;Módulo 1: Situando na HistóriaMódulo 2: Código de Ética como FerramentaMódulo 3: Consumo VerdeMódulo 4: Definições;29/09/2021;;
299;A Liderança Pública em Tempos de Crise;https://www.escolavirtual.gov.br/curso/299;Gestão de Pessoas - Liderança;Enap;CLP - Centro de Liderança Pública;10;30;Curso Aberto;Em cenários de graves crises mundiais, nossos olhares se voltam para as lideranças. Pensando nisso, o CLP – Liderança Pública e a ENAP prepararam este curso para apresentar a um passo a passo de como liderar em tempos de crise. O conteúdo tem uso prático para que lideranças consigam navegar pela crise, servindo como um repositório de apoio e suporte para o enfrentamento da instabilidade ocasionada pelo coronavírus.;Agentes públicos que atuam na gestão de equipes e interessados no tema. Curso aberto, gratuito e com certificado, qualquer pessoa pode se inscrever.;Módulo I: Como liderar em tempos de crise?Módulo II: Boas práticas de enfrentamento à pandemiaMódulo III: Diretrizes oficiaisMódulo IV: Lembre-se dos agentes invisíveis;17/04/2020;;
356;Desenvolvendo Times de Alta Performance;https://www.escolavirtual.gov.br/curso/356;Gestão de Pessoas - Liderança;Enap;Secretaria Especial da Receita Federal do Brasil;30;30;Curso Aberto;Parceria da RFB com a Enap, este curso aborda o conhecimento e o desenvolvimento de competências?gerenciais, além da?vivência?do exercício?da?liderança,?fundamentais?no?ambiente?de trabalho contemporâneo.?O objetivo da parceria é trazer conteúdo para possibilitar aos gestores o aprendizado de técnicas que promovem a alta performance de equipes para o alcance dos objetivos estratégicos da instituição. Se interessou? Não perca a oportunidade, se inscreva!;Agentes que exercem ou pretendem realizar a função de liderança no contexto do serviço público. Curso aberto, gratuito e com certificado, qualquer pessoa pode se inscrever.; Módulo 1 – Competências gerenciaisMódulo 2 – Técnicas de coachingMódulo 3 – Ferramentas de um time de alta performance;02/12/2020;;
1283;Eixo 1 - Desenvolvendo e expressando conceitos e ideias Programa - Comunicação estratégica;https://www.escolavirtual.gov.br/curso/1283/;Gestão de Pessoas - Liderança;Enap;Enap - Escola Nacional de Administração Pública;40;365;Curso Aberto;O eixo desenvolve habilidades para a articulação de um conceito de comunicação que esteja por trás de cada mensagem, na mobilização de pensamentos e ideias, propostas e decisões.;Desenvolvida com foco em lideranças públicas atuais e potenciais. Trilha de aprendizagem aberta, gratuita e com certificado. Qualquer pessoa pode se inscrever.;Desenvolvendo e expressando conceitos e ideias;05/12/2024;;
1086;Eixo 1 - Questionando o convencional - Programa - Inovação e Mudança;https://www.escolavirtual.gov.br/curso/1086;Gestão de Pessoas - Liderança;Enap;Enap - Escola Nacional de Administração Pública;20;365;Curso Aberto;A competência de Inovação e Mudança demanda a curiosidade na busca de experimentação de novas ideias e serviços, questionando-se abordagens convencionais de como trabalhar e conduzir suas ações. Para isso, o eixo aborda a necessidade de identificar as situações que demandam soluções inovadoras.;Desenvolvida com foco em servidoras e servidores públicos que exercem ou desejam exercer funções de liderança na administração pública. Trilha de aprendizagem aberta, gratuita e com certificado. Qualquer pessoa pode se inscrever.;Questionando o convencional;29/08/2024;;
1281;Eixo 1 - Tomando decisões estratégicas Programa - Gestão para Resultados;https://www.escolavirtual.gov.br/curso/1281;Gestão de Pessoas - Liderança;Enap;Enap - Escola Nacional de Administração Pública;133;365;Curso Aberto;O eixo 1 desenvolve as habilidades relacionadas com o processo decisório na gestão estratégica. São abordados os aspectos relevantes, métodos e ferramentas para a tomada de decisões: análise do contexto da administração pública, identificação de problemas a serem enfrentados, como fundamentar a tomada de decisão e estruturar o fluxo de decisório para o alcance de resultados.;Desenvolvida com foco em lideranças públicas atuais e potenciais. Trilha de aprendizagem aberta, gratuita e com certificado. Qualquer pessoa pode se inscrever;Tomando decisões estratégicas;12/12/2024;;
1284;Eixo 2 - Comunicando propósitos, planos e estratégias Programa - Comunicação estratégica;https://www.escolavirtual.gov.br/curso/1284/;Gestão de Pessoas - Liderança;Enap;Enap - Escola Nacional de Administração Pública;40;365;Curso Aberto;O eixo desenvolve habilidades relacionadas com a comunicação eficaz de propósitos, planos e estratégias, garantindo a elaboração de mensagens orientadoras, inspiradoras e apropriadas para melhor informar, mobilizar e engajar as pessoas de distintos públicos.;Desenvolvida com foco em lideranças públicas atuais e potenciais. Trilha de aprendizagem aberta, gratuita e com certificado. Qualquer pessoa pode se inscrever.;Comunicando propósitos, planos e estratégias;05/12/2024;;
1094;Eixo 2 - Concebendo soluções inovadoras - Programa - Inovação e Mudança;https://www.escolavirtual.gov.br/curso/1094;Gestão de Pessoas - Liderança;Enap;Enap - Escola Nacional de Administração Pública;70;365;Curso Aberto;Este eixo possibilita o desenvolvimento de requisitos necessários para a geração e concepção de soluções inovadoras. Para isso, aborda os caminhos para cocriação de soluções com a participação dos usuários dos serviços prestados e, ainda, para desenho, elaboração de protótipos, teste e implementação de soluções inovadoras.;Desenvolvida com foco em servidoras e servidores públicos que exercem ou desejam exercer funções de liderança na administração pública. Trilha de aprendizagem aberta, gratuita e com certificado. Qualquer pessoa pode se inscrever.;Concebendo soluções inovadoras;29/08/2024;;
1282;Eixo 2 - Orientação para resultados Programa - Gestão para Resultados;https://www.escolavirtual.gov.br/curso/1282;Gestão de Pessoas - Liderança;Enap;Enap - Escola Nacional de Administração Pública;235;365;Curso Aberto;O eixo 2 desenvolve as habilidades relacionadas à alocação de recursos de forma eficaz e gerenciamento de processos e projetos para alcançar as metas institucionais. Aborda a criação de estruturas de monitoramento e avaliação, garantindo ajustes contínuos e transparência.;Desenvolvida com foco em lideranças públicas atuais e potenciais. Trilha de aprendizagem aberta, gratuita e com certificado. Qualquer pessoa pode se inscrever.;Orientação para resultados;12/12/2024;;
1298;Eixo 2 - Traçando diretrizes estratégicas Programa - Visão de futuro;https://www.escolavirtual.gov.br/curso/1298;Gestão de Pessoas - Liderança;Enap;Enap - Escola Nacional de Administração Pública;140;365;Curso Aberto;As lideranças devem promover a elaboração de diretrizes estratégicas claras, com objetivos, indicadores e metas bem definidas, passa pela realização, de forma participativa de diagnóstico estratégico, envolvendo atores-chave e utilizando dados concretos para fundamentar decisões.;Desenvolvida com foco em lideranças públicas atuais e potenciais. Trilha de aprendizagem aberta, gratuita e com certificado. Qualquer pessoa pode se inscrever.;Traçando diretrizes estratégicas;17/12/2024;;
1299;Eixo 3 - Adotando práticas e estratégias social e ambientalmente responsáveis Programa - Visão de Futuro;https://www.escolavirtual.gov.br/curso/1299/;Gestão de Pessoas - Liderança;Enap;Enap - Escola Nacional de Administração Pública;53;365;Curso Aberto;A adoção de práticas de ESG permite que organizações públicas alinhem suas ações aos desafios ambientais e sociais, garantindo um impacto positivo no futuro. Ao disseminar esses princípios internamente, fortalecem a governança responsável e promovem uma cultura sustentável e ética.;Desenvolvida com foco em lideranças públicas atuais e potenciais. Trilha de aprendizagem aberta, gratuita e com certificado. Qualquer pessoa pode se inscrever;Adotando práticas e estratégias social e ambientalmente responsáveis;17/12/2024;;
1095;Eixo 3 - Criando o ambiente para inovação - Programa - Inovação e Mudança;https://www.escolavirtual.gov.br/curso/1095/;Gestão de Pessoas - Liderança;Enap;Enap - Escola Nacional de Administração Pública;40;365;Curso Aberto;Este eixo aborda as habilidades a serem desenvolvidas pelas lideranças para a criação de um ambiente favorável à inovação. Os seguintes tópicos serão abordados: criação de um ambiente de segurança e tolerância ao erro, identificação dos fatores que favorecem e que dificultam a inovação e como desenvolver ações para superar as barreiras da inovação.;Desenvolvida com foco em servidoras e servidores públicos que exercem ou desejam exercer funções de liderança na administração pública. Trilha de aprendizagem aberta, gratuita e com certificado. Qualquer pessoa pode se inscrever.;Criando o ambiente para inovação;29/08/2024;;
1285;Eixo 3 - Estabelecendo uma comunicação empática, persuasiva, influente e que inspire confiança Programa - Comunicação estratégica;https://www.escolavirtual.gov.br/curso/1285;Gestão de Pessoas - Liderança;Enap;Enap - Escola Nacional de Administração Pública;71;365;Curso Aberto;O eixo desenvolve habilidades da comunicação relacionadas com a empatia e persuasão, permitindo que as lideranças exercitem seu poder de convencimento, com credibilidade na mensagem, confiança na interlocução e interesse mútuo na interação.;Desenvolvida com foco em lideranças públicas atuais e potenciais. Trilha de aprendizagem aberta, gratuita e com certificado. Qualquer pessoa pode se inscrever.;Estabelecendo uma comunicação empática, persuasiva, influente e que inspire confiança;05/12/2024;;
1286;"Eixo 4 - Construindo narrativas de políticas públicas (""policy narratives"") Programa - Comunicação estratégica";https://www.escolavirtual.gov.br/curso/1286/;Gestão de Pessoas - Liderança;Enap;Enap - Escola Nacional de Administração Pública;38;365;Curso Aberto;O eixo desenvolve os conhecimentos e habilidades relacionadas com a estratégia de criação e comunicação de narrativas de política pública (policy narratives) que representem valores e ações da organização, reforçando sua legitimidade, promovendo transparência e fortalecendo a confiança em seu valor público.;Desenvolvida com foco em lideranças públicas atuais e potenciais. Trilha de aprendizagem aberta, gratuita e com certificado. Qualquer pessoa pode se inscrever.;"Construindo narrativas de políticas públicas (""policy narratives"")";05/12/2024;;
1326;E-leadership: how to manage and lead teams in virtual environments;https://www.escolavirtual.gov.br/curso/1326;Gestão de Pessoas - Liderança;Enap;Enap - Escola Nacional de Administração Pública;20;30;Curso Aberto;The social challenges caused by the Covid-19 pandemic urged for a great process of change in companies, expanding the use of digital technologies. Online work and relations demanded the development of new skills, among them the ability to manage and lead teams in virtual environments. This course was created for you to develop this skill so important to the 21st-century professional.;Government officials that work with or are interested in working as leaders that manage online teams. Open to any person who is interested in the theme.;Module 1 - Self-knowledge.Module 2 - The relationship between leaders and led people.Module 3 - The relationship between leader and team.Module 4 - The relationship between leader and other teams.Module 5 - Best practices in e-leadership;19/12/2024;;
773;E-liderança: como gerenciar e liderar equipes em ambientes remotos;https://www.escolavirtual.gov.br/curso/773;Gestão de Pessoas - Liderança;Enap;Enap - Escola Nacional de Administração Pública;20;30;Curso Aberto;Os desafios sociais causados pela pandemia de Covid-19 demandaram um grande processo de transformação nas empresas ampliando o uso de tecnologias digitais. O trabalho e as relações on-line exigiram o desenvolvimento de novas competências, dentre tais, gerenciar e liderar equipes em ambientes remotos. Este curso foi criado para que você desenvolva essa competência tão importante para o profissional do século XXI.;Servidores públicos que atuam ou tenham interesse em atuar como líderes que gerenciam equipes on-line (remotas). Curso aberto, gratuito e com certificado, qualquer pessoa pode se inscrever.;Módulo 1 – Autoconhecimento.Módulo 2 – O relacionamento entre líder e liderados.Módulo 3 – O relacionamento entre líder e equipe.Módulo 4 – O relacionamento entre líder e outras equipes.Módulo 5 – Boas práticas na e-liderança.;11/11/2022;;
1295;E-liderazgo: cómo gestionar y liderar equipos en ambientes remotos;https://www.escolavirtual.gov.br/curso/1295;Gestão de Pessoas - Liderança;Enap;Enap - Escola Nacional de Administração Pública;20;30;Curso Aberto;Los retos sociales provocados por la pandemia del Covid-19 han exigido un importante proceso de transformación en las empresas, ampliando el uso de las tecnologías digitales. El trabajo y las relaciones en línea han exigido el desarrollo de nuevas habilidades, entre ellas la gestión y dirección de equipos en entornos remotos. Este curso está diseñado para ayudarle a desarrollar esta importante habilidad para los profesionales del siglo XXI.;Funcionarios que trabajan o están interesados en trabajar como líderes que gestionan equipos en línea (a distancia). Curso abierto, gratuito y con certificado, cualquiera puede matricularse.;Módulo 1 – AutoconocimientoMódulo 2 – La relación entre líder y lideradosMódulo 3 – La relación entre líder y equipoMódulo 4 – La relación entre líder y otros equiposMódulo 5 – Buenas prácticas en el e-liderazgo;02/12/2024;;
626;Emotional Intelligence;https://www.escolavirtual.gov.br/curso/626;Gestão de Pessoas - Liderança;Enap;Enap - Escola Nacional de Administração Pública;50;60;Curso Aberto;Excellent emotional management is the possibility of human beings to self-manage their emotions and express them in a functional way to themselves and in society, which allows the construction of a growth mentality and, from this, acting in a productive and congruent way in their careers and personal lives. Are you interested in developing metacognition and emotional management skills? Sign up! Available in portuguese and spanish versions.;Public agents who, in a leadership position, need to know and execute strategies to deal with personal and interpersonal emotions. Open course, anyone can apply.;"Module 1: Management of personal emotions;Module 2: Managing emotions in interpersonal relationships;Module 3: Positive work environment;Module 4: Positive leadership.";15/09/2021;;
436;Estratégias de Metodologias Ativas;https://www.escolavirtual.gov.br/curso/436;Gestão de Pessoas - Liderança;Enap;Enap - Escola Nacional de Administração Pública;30;30;Curso Aberto;Este curso apresenta apresenta os diferentes métodos e estratégias para a aplicação de metodologias ativas no ensino presencial e online. São abordados conteúdos relacionados ao processo de aprendizagem centrado no aluno, destacando as abordagens, modelos, teorias e os princípios pedagógicos. A partir dos conteúdo trabalhado e das experiências compartilhadas, busca-se colaborar com a formação dos profissionais da educação e estimular práticas que compactuam com uma educação transformadora. Faça sua inscrição!;Agentes educadores que atuam em instituições de ensino em geral. Curso aberto, gratuito e com certificado, qualquer pessoa pode se inscrever.;Módulo 1: Metodologias ativas: conceitos e princípios.Módulo 2: Metodologias ativas para uma educação transformadora.Módulo 3: A aprendizagem em ambientes ativos.Módulo 4: A aprendizagem ativa com tecnologias digitais;06/06/2022;;
538;Facilitação de Reuniões, Times e Workshops no Ambiente Online;https://www.escolavirtual.gov.br/curso/538;Gestão de Pessoas - Liderança;Enap;Secretaria de Governo Digital;25;30;Curso Aberto;Você quer adquirir conhecimentos para conduzir times online? O seu desenvolvimento é fundamental para seu desempenho no contexto organizacional público e privado. Venha conhecer dinâmicas e recursos de facilitação, além de ferramentas e plataformas que viabilizam as interações remotas e que podem tornar os encontros mais interessantes e produtivos. Inscreva-se agora e não perca essa oportunidade.;Agentes públicos e profissionais interessados na condução de times no ambiente online. Curso aberto, gratuito e com certificado, qualquer pessoa pode se inscrever.;"Módulo 1: Jornada de Conhecimento;Módulo 2: Jornada Prática e Ferramental.";07/09/2022;;
1262;Gestão de Crises no Setor Público;https://www.escolavirtual.gov.br/curso/1262;Gestão de Pessoas - Liderança;Enap;Secretaria Especial da Receita Federal do Brasil;30;30;Curso Aberto;Neste curso, você terá a oportunidade de explorar a gestão de crises no setor público, abordando desde conceitos fundamentais até a elaboração e implementação de estratégias eficazes para prevenção, resposta e aprendizado pós-crise, capacitando você para identificar riscos emergentes, liderar equipes e comunicar-se de maneira eficiente em situações de crises.;Gestores da Administração Pública, servidores de diferentes áreas e demais interessados na gestão pública. Curso aberto e gratuito, qualquer pessoa pode se inscrever.;Módulo 1: Conceitos de Gestão de CrisesMódulo 2: Metodologias de Gestão de Crises no setor públicoMódulo 3: Gerenciando uma CriseMódulo 4: Lições aprendidas em situações de gestão de crises;25/10/2024;;
334;Gestão de Equipes em Trabalho Remoto;https://www.escolavirtual.gov.br/curso/334;Gestão de Pessoas - Liderança;Enap;Enap - Escola Nacional de Administração Pública;20;30;Curso Aberto;Este curso apresenta diversas contribuições para a gestão de equipes em trabalho remoto. O conteúdo traz dicas e ferramentas interessantes, além de abordar pontos importantes relacionados à gestão de pessoas. Trata-se de um curso necessário, criado a partir dos desafios que afetaram as instituições nos últimos tempos. Que tal conhecer um pouco mais desse assunto? Inscreva-se.;Agentes públicos que exercem função de liderança e sociedade em geral. Curso aberto, gratuito e com certificado, qualquer pessoa pode se inscrever.;O mundo do trabalho e seu impacto no serviço público.Nasce um teletrabalhador, nasce um telegestor.Comunicação e engajamento de equipes.Desenvolvimento da equipe.;21/08/2020;;
957;Gestão de Equipes Híbridas e Desafios para a Cultura Organizacional;https://www.escolavirtual.gov.br/curso/957;Gestão de Pessoas - Liderança;Enap;Enap - Escola Nacional de Administração Pública;25;30;Curso Aberto;Você sabe quais habilidades precisa desenvolver para lidar com um mundo cada vez mais em transição? Neste curso, você reconhecerá os impactos dos novos desafios de um tempo pós pandemia da Covid. Você também conhecerá conceitos como mundo BANI, jornada híbrida, liderança positiva, presença autêntica e flow e compreenderá como aplicar esses conceitos e algumas ferramentas na nova cultura organizacional. Inscreva-se!;Gestores e agentes públicos e demais pessoas interessadas.;"Módulo 1: A Transição do Mundo do Trabalho;Módulo 2: A Cultura Organizacional como Diferencial Atrativo;Módulo 3: A Jornada da Liderança Híbrida;Módulo 4: O Bem-Estar de Times e Líderes.";04/08/2023;;
1417;Gestão de Equipes para Chefes de Unidades de Execução do PGD;https://www.escolavirtual.gov.br/curso/1417;Gestão de Pessoas - Liderança;Enap;Secretaria de Gestão e Inovação (SEGES/MGI);30;30;Curso Aberto;Este curso tem como objetivo orientar gestores a liderar suas equipes com eficiência no âmbito do Programa de Gestão e Desempenho (Decreto nº 11.072/2022), combinando técnicas de gestão baseada em evidências, monitoramento de entregas e fortalecimento da colaboração para melhorar o serviço prestado. Com abordagem prática e adaptável, ferramentas aplicáveis e alinhamento às diretrizes do PGD, a formação é ideal para transformar desafios em resultados, elevando o clima organizacional e o cumprimento de metas. Potencialize sua liderança!;"Chefes que tenham interesse na implantação do PGD; Chefes de Unidades de Execução.";Módulo 1 - Princípios da Gestão de Equipes no Contexto do PGDMódulo 2 - Ferramentas e Técnicas para Gestão de Equipes no PGD;28/08/2025;;
1124;Gestão de Pessoas nas Empresas Estatais;https://www.escolavirtual.gov.br/curso/1124;Gestão de Pessoas - Liderança;Enap;Secretaria de Coordenação e Governança das Empresas Estatais (SEST);20;30;Curso Aberto;Neste curso vamos apresentar conceitos sobre o desenvolvimento de competências e de inovação na gestão de pessoas, no contexto próprio das empresas estatais.;Conselheiros de Administração e outros interessados em atuar como administradores nas empresas estatais, bem como servidores públicos que atuam na interação com as empresas estatais.;Módulo 1 - Gestão de Pessoas e Inovação nas empresas estataisMódulo 2 - Práticas de gestão inovadora de pessoas nas empresas estatais;28/02/2025;;
163;Gestão Pessoal - Base da Liderança;https://www.escolavirtual.gov.br/curso/163;Gestão de Pessoas - Liderança;Enap;Secretaria Especial da Receita Federal do Brasil;50;60;Curso Aberto;A base da gestão pessoal é o autoconhecimento. O curso, nessa concepção, permite aos estudantes refletir sobre suas virtudes, forças de caráter, valores pessoais, motivadores intrínsecos de trabalho e perfil comportamental. A reflexão possibilita aos estudantes organizar estratégias de melhoria em sua vida laboral e em sua vida pessoal, por meio de instrumentos que serão disponibilizados ao longo do curso. Nesse sentido, o curso será de extrema importância para os profissionais que desejam obter um estado consciente em relação aos meios viáveis de se conseguir alcançar um determinado objetivo.;Gestores público que tenham interesse em ferramentas de mentoria para liderança. Curso aberto, gratuito e com certificado, qualquer pessoa pode se inscrever.;Módulo 1: O Desenvolvimento Biopsicossocial e a Dimensão BiológicaMódulo 2: Dimensões Psicológica e Perfil Comportamental Módulo 3: Dimensão Social e Desenvolvimento Integrativo Módulo 4: Mentalidade e aspectos relacionados à Psicologia Positiva Módulo 5: Virtudes, Forças de caráter, crenças e valores pessoais Módulo 6: Técnicas de Coaching ;31/01/2019;;
707;Gestión Personal - Base del Liderazgo;https://www.escolavirtual.gov.br/curso/707;Gestão de Pessoas - Liderança;Enap;Enap - Escola Nacional de Administração Pública;50;60;Curso Aberto;La base de la gestión personal es el autoconocimiento. El curso, permite al alumno reflexionar sobre sus virtudes, fortalezas de carácter, valores personales, motivadores intrínsecos del trabajo y perfil de comportamiento. La reflexión permite a los estudiantes organizar estrategias de mejora en su vida laboral y personal, a través de instrumentos que estarán disponibles a lo largo del curso. En este sentido, el curso será de suma importancia para los profesionales que deseen obtener un estado de conciencia en relación a los medios viables para lograr un determinado objetivo.;El curso Gestión Personal ? Base del Liderazgo es dirigido, preferencialmente, a los gestores públicos. Cualquiera puede realizar el curso.;Módulo 1 - Desarrollo Biopsicosocial Y Dimensión BiológicaMódulo 2 - Dimensiones Psicológicas y Perfil ComportamentalMódulo 3 - Dimensión Social y Desarrollo IntegrativoMódulo 4 - Mentalidad y aspectos relacionados a Psicologia PositivaMódulo 5 - Virtudes, Fuerzas de Carácter, Creencias y Valores PersonalesMódulo 6 - Técnicas de Coaching;15/10/2021;;
627;Inteligencia Emocional;https://www.escolavirtual.gov.br/curso/627;Gestão de Pessoas - Liderança;Enap;Secretaria Especial da Receita Federal do Brasil;50;60;Curso Aberto;El excelente manejo emocional es la posibilidad que tienen los seres humanos de autogestionar sus emociones y expresarlas de manera funcional para sí mismos y en la sociedad, lo que permite la construcción de una mentalidad de crecimiento y, a partir de esto, actuar de manera productiva y congruente en la carrera y vida personal. Disponible en versiones en portugués e inglés.;Agentes públicos que, en una posición de liderazgo, necesiten conocer y ejecutar estrategias para afrontar las emociones personales e interpersonales. Curso abierto, cualquiera puede postularse.;"Módulo 1: Manejo de las emociones personales;Módulo 2: Manejo de las emociones en las relaciones interpersonales;Módulo 3: Ambiente de trabajo positivo;Módulo 4: Liderazgo Positivo.";15/09/2021;;
318;Inteligência Emocional;https://www.escolavirtual.gov.br/curso/318;Gestão de Pessoas - Liderança;Enap;Secretaria Especial da Receita Federal do Brasil;50;60;Curso Aberto;A gestão emocional excelente é a possibilidade?do?ser humano autogerir suas emoções e expressá-las de maneira funcional para consigo e em sociedade, que permite a construção de uma mentalidade de crescimento e, a partir disso, a atuação de maneira produtiva e congruente na carreira e vida pessoal. Tem interesse de desenvolver competências de metacognição e gestão emocional? Se inscreva! Disponível nas versões em espanhol e inglês;Agentes públicos que, em posição de liderança, necessitam conhecer e executar estratégias para lidar com emoções pessoais e interpessoais. Curso aberto, gratuito e com certificado, qualquer pessoa pode se inscrever.;Módulo 1 – Gestão das emoções pessoaisMódulo 2 – Gestão das emoções nas relações interpessoaisMódulo 3 – Ambiente de trabalho positivoMódulo 4 – Liderança positiva;14/08/2020;;
373;Liderança e Gestão De Equipes;https://www.escolavirtual.gov.br/curso/373;Gestão de Pessoas - Liderança;Enap;Secretaria Especial da Receita Federal do Brasil;30;30;Curso Aberto;Este curso apresenta algumas contribuições sobre os estilos e técnicas de liderança para o atual contexto das organizações públicas. O conteúdo ressalta a importância da liderança no trabalho em equipe e na tomada de decisões. Quer se aperfeiçoar e saber mais sobre esse assunto? Faça já sua inscrição.;Pessoas que exercem ou pretendem realizar a função de liderança no contexto do serviço público. Curso aberto, gratuito e com certificado, qualquer pessoa pode se inscrever.;Módulo 1 – Essência da liderançaMódulo 2 – Técnicas e abordagens para trabalho em equipeMódulo 3 – Clima organizacional como propulsor de equipes;15/12/2020;;
688;Liderando para o Desenvolvimento - Novos Prefeitos;https://www.escolavirtual.gov.br/curso/688;Gestão de Pessoas - Liderança;Enap;Enap - Escola Nacional de Administração Pública;30;30;Curso Aberto;“Líder” é a pessoa responsável por coordenar equipes, organizar atividades e motivar os liderados. O tema central deste curso é o enfrentamento das demandas municipais para que a gestão seja assertiva, dialógica eficaz e para que o trabalho seja executado da melhor forma possível. Aprenda mais sobre estes e outros assuntos nesta capacitação. Faça já sua inscrição no curso e venha ser EV.G!;Prefeitos, prefeitas, vice-prefeitos e vice-prefeitas eleitos(as) ou reeleitos(as). Curso aberto, gratuito e com certificado, qualquer pessoa pode se inscrever.;"Módulo 1: Políticas Públicas;Módulo 2: Gestão Governamental;Módulo 3: Probidade Administrativa e Mobilização de Recursos;Módulo 4: Planejamento e Gestão de CidadesMódulo 5: Novos Paradigmas do Desenvolvimento UrbanoMódulo 6: Liderança e Novas Agendas para a Gestão Local";30/06/2022;;
1120;Mulheres na liderança: potencialize suas habilidades e impulsione a mudança;https://www.escolavirtual.gov.br/curso/1120;Gestão de Pessoas - Liderança;Enap;Banco Interamericano de Desenvolvimento;30;30;Curso Aberto;O curso Mulheres na liderança: potencialize suas habilidades e impulsione a mudança foi desenvolvido pelo Banco Interamericano de Desenvolvimento (BID). O curso foi desenvolvido com foco na necessidade de promover a inclusão e a liderança das mulheres em diferentes ambientes, potencializar suas habilidades de liderança e impulsionar mudanças em suas carreiras.;O curso Mulheres na liderança: potencialize suas habilidades e impulsione a mudança destina-se às mulheres da América Latina e Caribe. Servidores públicos de qualquer esfera e Poder, bem como cidadãos em geral, estão autorizados a realizar o curso.;Módulo 1: Liderança sob uma perspectiva de gêneroMódulo 2: Autoconhecimento para a liderançaMódulo 3: Inteligência Emocional, confiança e resiliênciaMódulo 4: Comunicação persuasiva e de alto impacto;20/03/2024;;
1189;O Protagonismo das Mulheres: passos para a atuação política das mulheres em espaços de poder e decisão;https://www.escolavirtual.gov.br/curso/1189;Gestão de Pessoas - Liderança;Enap;Ministério dos Direitos Humanos e Cidadania;30;30;Curso Aberto;O curso incentiva a participação feminina em espaços de poder e decisão, focando no debate de gênero. Ele explora o papel das mulheres na política, seus desafios, conquistas e contribuições ao longo da história e na atualidade. O objetivo é mostrar a história da participação política das mulheres e destacar seu protagonismo nesses espaços. Quer saber mais? Inscreva-se!;Membras(os) de organização da sociedade civil, estudantes, servidoras(es) públicas(os) e demais interessadas(os) na temática, especialmente mulheres em exercício político ou que desejem entrar. Curso aberto, gratuito e com certificado, qualquer pessoa pode se inscrever.;"Módulo 1 – História da participação política de mulheres em espaços de poder e decisão;Módulo 2 – Políticas de igualdade de gênero e mecanismos de incentivo à participação política de mulheres em espaços de poder e decisão;Módulo 3 - Desafios e barreiras enfrentados pelas mulheres na ocupação de espaços de poder e decisão.";30/07/2024;;
552;Personal Management - Basis of Leadership;https://www.escolavirtual.gov.br/curso/552;Gestão de Pessoas - Liderança;Enap;Enap - Escola Nacional de Administração Pública;50;60;Curso Aberto;The basis of personal management is self-knowledge. The course, in this conception, allows studying to reflect on their virtues, character window, personal values, intrinsic work motivators and behavioral profile. The possibility of reflection for students organizing strategies to improve their working and personal lives, through instruments that will be made available throughout the course. In this sense, the course will be extremely important for professionals who wish to obtain a conscious state in relation to viable means of achieving a certain objective.;The course Personal Management - Basis of Leadership is preferably oriented to public managers. Public servants of any sphere and authority, as well as citizens in general, are authorized to take this course.;Module 1 - Biopsychosocial Development and Biological DimensionModule 2 - Psychological Dimensions and Behavioral ProfileModule 3 - Social Dimension and Integrative DevelopmentModule 4 - Mindsets and aspects related to the Positive PsychologyModule 5 - Virtues, Character Forces, Personal Beliefs and ValuesModule 6 - Coaching Techniques;28/08/2021;;
1135;Seleção de lideranças: como escolher as melhores pessoas;https://www.escolavirtual.gov.br/curso/1135;Gestão de Pessoas - Liderança;Enap;Enap - Escola Nacional de Administração Pública;20;30;Curso Aberto;Neste curso, você conhecerá boas práticas, técnicas e ferramentas na realização de processos seletivos, etapas avaliativas incluindo a avaliação de competências comportamentais, entrevista técnica e final, como fazer a escolha da pessoa candidata e a importância do feedback em processos seletivos. Saiba mais e inscreva-se.;Pessoas servidoras públicas que atuem como gestoras de Recursos Humanos ou desempenham papel direto no subsistema de recrutamento e seleção, ou público em geral que tenham interesse na temática.;Módulo 1 - ContextualizaçãoMódulo 2 - Planejamento do Processo SeletivoMódulo 3 - EntrevistasMódulo 4 - O Processo de Seleção;29/04/2024;;
AP9;Gestão de Pessoas para Servidores Públicos;Apolitical: a rede social de aprendizado para governos;Gestão de Pessoas - Liderança;Apolitical;Equipe Apolitical;2;Autoinstrucional;Curso aberto;Introdução às técnicas de negociação no setor público.;Gestores e servidores públicos;Técnicas de negociação aplicadas ao setor público;Não informado;;
AP11;How to Influence Upward in the Public Service;https://apolitical.co/pt-BR/courses/how-to-influence-upward-in-the-public-service;Gestão de Pessoas - Liderança;Apolitical;Equipe Apolitical;1;Autoinstrucional;Curso aberto;Aborda estratégias para influenciar gestores e tomadores de decisão no ambiente governamental.;Servidores públicos, coordenadores e gestores;Gestão de relacionamentos, persuasão, comunicação estratégica e alinhamento institucional.;Não informado;;
AP14;Negotiation Skills for Public Servants;https://apolitical.co/pt-BR/courses/negotiation-skills-for-public-servants;Gestão de Pessoas - Liderança;Apolitical;Equipe Apolitical;Não informado;Autoinstrucional;Curso aberto;Desenvolve competências de negociação aplicadas ao contexto governamental.;Servidores públicos, gestores e lideranças;Técnicas de negociação, resolução de conflitos, construção de acordos e articulação institucional.;Não informado;;
FGV 24;Relação entre Coaching e Mentoring (curso gera declaração de finalização, não gera certificado);https://educacao-executiva.fgv.br/cursos/online/curta-media-duracao-online/relacao-entre-coaching-e-mentoring;Gestão de Pessoas - Liderança;FGV;FGV;5;;;O curso Relação entre Coaching e Mentoring apresenta os seus principais benefícios, com destaque para o desenvolvimento de competências, a gestão de carreira, o compartilhamento de conhecimentos, a promoção de mudanças e a socialização no ambiente de trabalho. A adoção do coaching e do mentoring, bem como de qualquer outro processo de desenvolvimento de pessoas, exige, portanto, planejamento e conhecimento da sua aplicação.;;O curso Relação entre Coaching e Mentoring apresenta os seus principais benefícios, com destaque para o desenvolvimento de competências, a gestão de carreira, o compartilhamento de conhecimentos, a promoção de mudanças e a socialização no ambiente de trabalho. A adoção do coaching e do mentoring, bem como de qualquer outro processo de desenvolvimento de pessoas, exige, portanto, planejamento e conhecimento da sua aplicação.;;;
FGV 25;Autoconhecimento: a Base para Inteligência Emocional e Resiliência (curso gera declaração de finalização, não gera certificado);https://educacao-executiva.fgv.br/cursos/online/curta-media-duracao-online/autoconhecimento-base-para-inteligencia-emocional-e-resiliencia;Gestão de Pessoas - Liderança;FGV;FGV;5;;;O curso Autoconhecimento: a Base para Inteligência Emocional e Resiliência aborda as principais teorias sobre a inteligência emocional, a resiliência e o autoconhecimento. Além disso, abordaremos algumas ferramentas que poderão possibilitar um aumento do seu autoconhecimento.;;O curso Autoconhecimento: a Base para Inteligência Emocional e Resiliência aborda as principais teorias sobre a inteligência emocional, a resiliência e o autoconhecimento. Além disso, abordaremos algumas ferramentas que poderão possibilitar um aumento do seu autoconhecimento.;;;
FGV 26;Liderança na Era das Competências (curso gera declaração de finalização, não gera certificado);https://educacao-executiva.fgv.br/cursos/online/curta-media-duracao-online/lideranca-na-era-das-competencias;Gestão de Pessoas - Liderança;FGV;FGV;6;;;O curso Liderança na Era das Competências apresenta a evolução do papel da liderança por meio de uma análise crítica dos principais estudos e teorias que contribuíram para o fenômeno da liderança até as tendências contemporâneas.;;O curso Liderança na Era das Competências apresenta a evolução do papel da liderança por meio de uma análise crítica dos principais estudos e teorias que contribuíram para o fenômeno da liderança até as tendências contemporâneas.;;;
FGV 27;Empregabilidade, Trabalhabilidade e Carreira (curso gera declaração de finalização, não gera certificado);https://educacao-executiva.fgv.br/cursos/online/curta-media-duracao-online/empregabilidade-trabalhabilidade-e-carreira;Gestão de Pessoas - Liderança;FGV;FGV;13;;;No curso, Empregabilidade, Trabalhabilidade e Carreira apresentamos a relação entre empregabilidade, trabalhabilidade e carreira, além dos conceitos de soft e hard skills. Por fim, serão focalizados os fatores intervenientes em carreira: qualidade de vida, networking e marketing pessoal.;;No curso, Empregabilidade, Trabalhabilidade e Carreira apresentamos a relação entre empregabilidade, trabalhabilidade e carreira, além dos conceitos de soft e hard skills. Por fim, serão focalizados os fatores intervenientes em carreira: qualidade de vida, networking e marketing pessoal.;;;
FGV 28;Cultura Organizacional: Uma Introdução (curso gera declaração de finalização, não gera certificado);https://educacao-executiva.fgv.br/cursos/online/curta-media-duracao-online/cultura-organizacional-uma-introducao;Gestão de Pessoas - Liderança;FGV;FGV;6;;;No curso Cultura Organizacional: Uma Introdução, apresentaremos o conceito de cultura organizacional, abordando os seus elementos e os seus níveis. Focalizaremos também os modelos de análise da cultura organizacional e os conceitos de cultura fraca e cultura forte, avaliando o impacto da força cultural no desempenho da organização. Descreveremos ainda o culture code e a cultura de inovação.;;No curso Cultura Organizacional: Uma Introdução, apresentaremos o conceito de cultura organizacional, abordando os seus elementos e os seus níveis. Focalizaremos também os modelos de análise da cultura organizacional e os conceitos de cultura fraca e cultura forte, avaliando o impacto da força cultural no desempenho da organização. Descreveremos ainda o culture code e a cultura de inovação.;;;
1421;Gestión de Proyectos Educativos;https://www.escolavirtual.gov.br/curso/1421;Gestão de Políticas Públicas;Enap;Enap - Escola Nacional de Administração Pública;30;;;¡Aprende a planificar, gestionar y evaluar proyectos educativos con método y eficacia! El curso aborda la planificación y gestión de proyectos educativos, el desarrollo y aplicación de proyectos y las metodologías de gestión de proyectos aplicadas a la educación. Ideal para gestores, coordinadores y profesionales de la educación que desean estructurar proyectos educativos más sólidos, sostenibles e impactantes.;Servidores públicos, graduados en cualquier área de actividad, trabajando en el diseño, desarrollo, ejecución y evaluación de soluciones formativas para el desarrollo de competencias. Curso abierto, gratuito y certificado, cualquiera puede inscribirse.;"Módulo 1: Planificación y gestión de proyectos educativos;Módulo 2: Desarrollo y aplicación de proyectos;Módulo 3: Metodologías de gestión de proyectos aplicadas a la educación.";;;
1494;Os Desafios no Provimento de Benefícios e Serviços na Assistência Social;https://www.escolavirtual.gov.br/curso/1494;Gestão de Políticas Públicas;Enap;Secretaria de Desenvolvimento Social do Distrito Federal;40;;;Compreenda os desafios do provimento de benefícios e serviços na assistência social e fortaleça a atuação do SUAS! O curso aborda a assistência social como garantia de direitos, o trabalho de provimento dos serviços socioassistenciais e as agendas estratégicas do SUAS no combate à pobreza e às vulnerabilidades. Destinado a gestores, técnicos e profissionais que atuam na implementação das políticas de assistência social no âmbito do SUAS.;Trabalhadores, gestores e conselheiros que atuam na política de assistência social. Curso aberto, gratuito e com certificado.;Módulo 1 - A assistência social e a garantia de direitos socioassistenciais por meio do SUASMódulo 2 - O provimento dos serviços socioassistenciais: que trabalho é esse?Módulo 3 - O SUAS e as agendas estratégicas: o fortalecimento do combate à pobreza, aos riscos e às vulnerabilidades sociais.;;;
1450;Project Management in Education;https://www.escolavirtual.gov.br/curso/1450;Gestão de Políticas Públicas;Enap;Enap - Escola Nacional de Administração Pública;30;;;Develop skills to plan, manage and evaluate educational projects effectively! This course covers planning and management of educational projects, project development and implementation, and project management methodologies applied to education. Ideal for education managers, coordinators and professionals who want to structure more robust, sustainable and impactful educational projects, using proven methodologies to improve outcomes and maximize resources.;Public servants from any field of study who are involved in the planning, development, implementation, and evaluation of training solutions for competency development. Open course, free of charge, certificate included. Anyone can register.;"Module 1: Planning and management of educational projects;Module 2: Project development and implementation;Module 3: Project management methodologies applied to education.";;;
1505;Resiliência Territorial: Princípios e Práticas de Planejamento;https://www.escolavirtual.gov.br/curso/1505;Gestão de Políticas Públicas;Enap;Ministério da Integração e Desenvolvimento Regional;30;;;Construa territórios mais resilientes com planejamento estratégico e governança sólida! O curso aborda os fundamentos sobre territórios, a importância de uma atuação territorial consistente e os princípios de resiliência, governança e contratualização territorial. Destinado a gestores, planejadores e técnicos que atuam com desenvolvimento territorial e desejam incorporar a dimensão da resiliência nos planos e políticas de seus municípios e regiões.;Gestores públicos municipais e estaduais, além de técnicos e lideranças regionais que atuam em temas relacionados aos instrumentos de gestão territorial. Curso aberto, gratuito e com certificado.;Módulo 1 - Entendendo TerritóriosMódulo 2 - A Importância de uma Atuação TerritorialMódulo 3 - Resiliência, Governança e Contratualização Territorial;;;
1280;Políticas Públicas para a Infraestrutura;https://www.escolavirtual.gov.br/curso/1280;Gestão de Políticas Públicas;Enap;Secretaria de Competitividade e Política Regulatória (SCPR/MDIC);20;;;Compreenda as políticas públicas de infraestrutura e seu papel no desenvolvimento do Brasil! O curso aborda a introdução à infraestrutura, as políticas de desenvolvimento, a estruturação de projetos de infraestrutura e a relação entre infraestrutura e sustentabilidade. Destinado a gestores, técnicos e formuladores de políticas que atuam com planejamento e implementação de projetos de infraestrutura pública em diferentes setores.;Servidores públicos de qualquer nível que trabalhem com políticas públicas, delegação de serviços ou projetos de infraestrutura. Curso aberto, gratuito e com certificado, qualquer pessoa pode se inscrever.;"Módulo 1: Introdução à Infraestrutura;Módulo 2: Políticas de Desenvolvimento da Infraestrutura;Módulo 3: Estruturação de Projetos de Infraestrutura;Módulo 4: Infraestrutura e Sustentabilidade.";;;
1155;Administração de Abrigos Temporários;https://www.escolavirtual.gov.br/curso/1155;Gestão Pública;Enap;Ministério da Integração e Desenvolvimento Regional;40;60;Curso Aberto;Este curso visa qualificar equipes para oferecer atendimento digno a famílias atingidas por catástrofes. Aborda a importância dos abrigos temporários e ensina procedimentos adequados para apoiar pessoas desabrigadas, contribuindo para seu aprimoramento na gestão desses espaços essenciais. Aprenda sobre a administração de abrigos e melhore sua atuação em situações de emergência.;Agentes de proteção e defesa civil e interessados na temática. Servidores públicos de qualquer esfera e Poder, bem como cidadãos em geral, estão autorizados a realizar o curso.;"Módulo 1: Introdução à Administração de Abrigos Temporários;Módulo 2: Planejamento e Organização dos Abrigos;Módulo 3: Infraestrutura do Abrigo e os Indicadores Mínimos;Módulo 4: Recursos humanos, rotina e desmobilização do abrigo.";25/06/2024;;
547;Agile in the context of the Public Sector;https://www.escolavirtual.gov.br/curso/547;Gestão Pública;Enap;Ministério da Fazenda;15;30;Curso Aberto;The course intends to show the Agile mentality in project management and the execution of public actions through the presentation of the movement, as well as its challenges and possibilities, in addition to addressing the importance of adopting Agile in the digital transformation in the context of public service.;Public agents occupying management positions. Open course, anyone can apply.;Module 1: Initial considerations about the Agile movementModule 2: Challenges and possibilities of the Agile movementModule 3: Final considerations of the Agile movement;27/08/2021;;
AP17;An Introduction to Policymaking;https://apolitical.co/microcourses/en/an-introduction-to-policymaking/;Gestão Pública;Apolitical;Equipe Apolitical;3h;Autoinstrucional;Curso aberto;Policymaking is a key function of government. And the effectiveness of this process often determines the real-world outcomes of policies.However, the policymaking process is complex and requires the agreement and participation of many actors.This free course will guide you through each stage of the policymaking process, from agenda setting to evaluation. You’ll also learn how to engage relevant stakeholders and communicate your policies effectively.;Servidores públicos, gestores e equipes;Policymaking is a key function of government. And the effectiveness of this process often determines the real-world outcomes of policies.However, the policymaking process is complex and requires the agreement and participation of many actors.This free course will guide you through each stage of the policymaking process, from agenda setting to evaluation. You’ll also learn how to engage relevant stakeholders and communicate your policies effectively.;Não informado;;
AP20;An Introduction to Project Management in the Public Service;https://apolitical.co/microcourses/en/an-introduction-to-project-management-in-the-public-service/;Gestão Pública;Apolitical;Equipe Apolitical;2h;Autoinstrucional;Curso aberto;In this short course, you’ll get an introduction to the methodologies and people skills you’ll need to successfully manage projects.;Servidores públicos, gestores e equipes;In this short course, you’ll get an introduction to the methodologies and people skills you’ll need to successfully manage projects.;;;
142;Análise Ex Ante de Políticas Públicas;https://www.escolavirtual.gov.br/curso/142;Gestão Pública;Enap;Casa Civil da Presidência da República;40;60;Curso Aberto;O curso apresenta informações sobre os principais estágios da formulação de políticas, envolvendo o diagnóstico, a caracterização da política e o seu próprio desenho. O curso aborda estratégias de construção de legitimidade, implementação, monitoramento, avaliação e controle, detalhando elementos sobre o impacto orçamentário e financeiro das políticas desenhadas e a análise prévia de seus custos e benefícios. A capacitação demonstra boas práticas para a formulação, reformulação ou expansão de políticas públicas e é recomendada a gestores e técnicos do governo federal.;Agentes públicos federais, municipais e estaduais que tenham interesse na formulação de políticas públicas. Curso aberto, gratuito e com certificado, qualquer pessoa pode se inscrever.;"Módulo 1 - Reforma estruturantes das políticas públicas e tríade governança, avaliação e análise de impacto regulatório; e o papel da Análise Ex Ante das políticas públicas. Módulo 2 - &nbsp;Diagnóstico do problema e modelo lógico: identificação do problema; relação de sobreposição e complementariedade entre as ações estatais; alinhamento da política pública a metas e compromissos internacionais; avaliação de desenho de política pública e definição de indicadores. Módulo 3 - Desenho e suporte da política pública: objetivo e ações; fundamentação; público-alvo; atores envolvidos e seleção de beneficiários; Análise SWOT para entendimento dos contextos internos e externos; estratégia de construção da confiança e do suporte da implementação e aprovação da política pública. Módulo 4 - &nbsp;Impacto Orçamentário e Financeiro: legislações fiscais e orçamentárias; equilíbrio das finanças públicas; planejamento de médio prazo das despesas; renúncia de receita; aspectos orçamentários; e checklist orçamentário e financeiro. Módulo 5 - &nbsp;Estratégia de implementação da política pública: gestão e governança; instrumentos normativos; plano de comunicação; e gestão de riscos. Módulo 6 -&nbsp;Monitoramento, avaliação e controle da política pública. Módulo 7 - Checklist para a análise ex ante da política pública: diagnóstico do problema; objetivos, ações e resultados esperados; desenho, estratégia de implementação e focalização; impacto orçamentário e financeiro; estratégia de construção de confiança e suporte; e monitoramento, avaliação e controle.";14/12/2018;;
1353;ASG na Gestão Pública: caminhos para a sustentabilidade;https://www.escolavirtual.gov.br/curso/1353;Gestão Pública;Enap;Fundação Escola Nacional de Administração Pública;30;30;Curso Aberto;Conheça os conceitos de ASG no setor público com uma introdução aos princípios de sustentabilidade, governança e responsabilidade social. Aprenda a aplicar essas práticas em políticas públicas e avalie seus impactos na gestão. Um curso pensado para fortalecer sua atuação no setor público. Participe e amplie sua visão sobre ASG!;Servidores públicos e profissionais de áreas ligadas à sustentabilidade, governança e responsabilidade social, além de estudantes e interessados em ASG no setor público. Curso aberto, gratuito e com certificado, qualquer pessoa pode se inscrever.;Módulo 1 – Perspectivas de introdução do conceito ASG no setor público a partir da experiência privada.Módulo 2 - ASG no Setor Público.Módulo 3 - Avaliação de impactos e resultados das práticas ASG.;26/03/2025;;
765;Autoconhecimento e Motivação;https://www.escolavirtual.gov.br/curso/765;Gestão Pública;Enap;Controladoria Geral da União;30;30;Curso Aberto;Tendo como pano de fundo a escalada de capacidades em auditoria interna governamental, na seara do desenvolvimento profissional individual, o curso aborda a motivação como resultante do autoconhecimento de pessoas na 3ª linha da estrutura organizacional dos Poderes, nas três esferas administrativas do País, nas vertentes profissional e pessoal.;Destina-se aos Profissionais da Auditoria Interna Governamental. Curso aberto, qualquer pessoa pode se inscrever.;Módulo 1- Auditoria Interna PositivaMódulo 2 - Autoconhecimento e Desenvolvimento ProfissionalMódulo 3 - Carreira e Vida PessoalMódulo 4 - MudançaMódulo 5 - Propósito ExistencialMódulo 6 - Potencial HumanoMódulo 7 - Comportamento e ConvivênciaMódulo 8 - Atenção, Foco e Concentração;31/03/2022;;
98;Avaliação de Impacto de Programas e Políticas Sociais;https://www.escolavirtual.gov.br/curso/98;Gestão Pública;Enap;Abdul Latif Jameel Poverty Action Lab - J-PAL LAC;36;60;Curso Aberto;Conheça a avaliação de impacto aleatorizada como ferramenta para melhorar a eficácia de políticas públicas e de programas sociais. O curso aborda temas relevantes para qualquer tipo de avaliação de programas, tais como medição adequada dos resultados de interesse, garantia da qualidade dos dados, e uso dos resultados das avaliações como insumo para o desenho de novos programas e políticas.;Agentes públicos federais, municipais e estaduais que atuem nos Poderes Executivo, Legislativo e Judiciário, bem como outros atores envolvidos em temáticas de impacto social, sejam eles oriundos da academia, do terceiro setor, ou do setor privado. Curso aberto, gratuito e com certificado, qualquer pessoa pode se inscrever.;"Módulo 1 -&nbsp;&nbsp;Avaliação de impacto Módulo 2 -&nbsp;Avaliação aleatorizadaMódulo&nbsp;3 -&nbsp;Teoria da MudançaMódulo&nbsp;4 -&nbsp;Realização de avaliação aleatorizadaMódulo&nbsp;5 -&nbsp;Tamanho amostral e poder estatísticoMódulo&nbsp;6 -&nbsp;MediçãoMódulo&nbsp;7 -&nbsp;Aspectos operacionaisMódulo&nbsp;8 -&nbsp;Desafios após o desenhoMódulo&nbsp;9 -&nbsp;Uso de evidênciaMódulo&nbsp;10 -&nbsp;Avaliação do início ao fim";31/10/2017;;
934;Avaliação de Resultado Regulatório;https://www.escolavirtual.gov.br/curso/934;Gestão Pública;Enap;Enap - Escola Nacional de Administração Pública;15;30;Curso Aberto;Neste curso você verá o que é Avalição de Resultado Regulatório (ARR), como a ferramenta foi introduzida no contexto brasileiro e qual é o seu papel no ciclo regulatório. Este é um curso introdutório, que busca auxiliar reguladores federais no desenvolvimento de seus primeiros relatórios de ARR. Conheça melhor essa ferramenta. Inscreva-se agora!;Agentes públicos de qualquer esfera e Poder interessados em reconhecer as formas de aplicação da Avaliação de Resultado Regulatório (ARR). Curso aberto, gratuito e com certificado, qualquer pessoa pode se inscrever.;"Módulo 1: Conheça a Avalição de Resultado Regulatório (ARR);Módulo 2: Planejando a Avaliação de Resultado Regulatório (ARR);Módulo 3: O Relatório de Avaliação de Resultado Regulatório (ARR);Módulo 4: Integrando a Avaliação de Resultado Regulatório (ARR) na Rotina Regulatória.";25/05/2023;;
561;Avaliação Ex-Post de Políticas Públicas;https://www.escolavirtual.gov.br/curso/561;Gestão Pública;Enap;Enap - Escola Nacional de Administração Pública;25;30;Curso Aberto;O curso foi desenvolvido em 2021 pela Enap, com o intuito de apresentar, aos servidores públicos, os conceitos, métodos e ferramentas de análise ex-post de políticas públicas, com base no Guia Prático de Análise Ex-Post.;Servidores públicos que atuem diretamente com políticas públicas. Curso aberto, gratuito e com certificado, qualquer pessoa pode se inscrever.;"Módulo 1 – Estrutura e Etapas da Análise Ex-Post de Políticas Públicas;Módulo 2 – Diagnóstico do Problema e Desenho da Política Pública;Módulo 3 – Análise da Implementação e Governança da Política Pública;Módulo 4 – Avaliação de Resultados e Impacto;Módulo 5 – Recomendações.";08/09/2021;;
374;Behavioral Economics in public policies development;https://www.escolavirtual.gov.br/curso/374;Gestão Pública;Enap;Enap - Escola Nacional de Administração Pública;20;30;Curso Aberto;This course introduces the basic assumptions of behavioral economics and then introduces two strands in behavioral economics with lots of real-world examples and research results. Last but not least, it provides techniques for social changes using behavioral economics. It aims to provide civil servants with practical knowledge in behavioral economics. Click here for a short tutorial that aims to facilitate access to the course for non-Portuguese speaking users.;Brazilian Civil servants. However, the course is open to all and anyone interested in the subject can enroll.;Module 1 - Introduction to Behavioral Economics Module 2 - The Quasi-Rational Actor (QR) Module 3 - The Quasi-Rational, Enculturated Actor (QRE) Module 4 - Behavioral Change Techniques for the Enculturated Actor;18/12/2020;;
1038;Caminhos para a Sustentabilidade: ESG e Políticas Públicas;https://www.escolavirtual.gov.br/curso/1038;Gestão Pública;Enap;Enap - Escola Nacional de Administração Pública;30;30;Curso Aberto;Quer se tornar um agente ativo na promoção do desenvolvimento sustentável no setor público? Este curso é para você! Nele, você terá acesso a conteúdos que o ajudarão a reconhecer a adoção dos valores ESG e de sustentabilidade na gestão orçamentária, nas políticas públicas e nas compras públicas. Além disso, será possível identificar os desafios para a implementação da pauta ESG. Inscreva-se!;Servidores públicos de qualquer esfera e poder, responsáveis pela gestão de pessoas, gestão das licitações e gestão de riscos. Curso aberto, gratuito e com certificado, qualquer pessoa pode se inscrever.;"Módulo 1: Conceitos e Trajetórias Ligados à ESG;Módulo 2: Aspectos ESG na Administração Pública;Módulo 3: O Desenvolvimento Sustentável como Política Pública;Módulo 4: Os Desafios na Implementação da Pauta ESG na Administração Pública.";24/12/2024;;
885;Capacitação para uso da Interface de Divulgação de Alertas Públicos;https://www.escolavirtual.gov.br/curso/885;Gestão Pública;Enap;Ministério da Integração e Desenvolvimento Regional;40;60;Curso Aberto;A plataforma Interface de Divulgação de Alertas Públicos (Idap) é uma importante ferramenta para a emissão de alertas relacionados a riscos e desastres que podem ocorrer no país. Neste curso, você compreenderá o funcionamento e a gestão dessa plataforma. Conhecerá também as ações de monitoramento, os níveis de alerta, as estratégias de comunicação de risco, as principais diretrizes, as boas práticas e os desafios na utilização da ferramenta. Quer saber mais? Faça sua inscrição.;Agentes e gestores municipais, estaduais e federais de proteção e defesa civil que já tenham conhecimento básico em gestão de riscos e desastres e demais interessados no assunto.;"Módulo 1: Monitoramento, Alerta e Alarme;Módulo 2: Comunicação de Risco;Módulo 3: Interface de Divulgação de Alertas Públicos (Idap);Módulo 4: Desafios e Boas-práticas;Módulo 5: Defesa Civil Alerta (Alertas via Cell Broadcast).";11/11/2022;;
851;Como institucionalizar e implementar um Sistema de Cultura local;https://www.escolavirtual.gov.br/curso/851;Gestão Pública;Enap;Ministério da Cultura;20;30;Curso Aberto;Você conhece o modelo de gestão coparticipativo do Sistema Nacional de Cultura? Este curso apresenta os aspectos teóricos e práticos que vão auxiliar você a lidar com os desafios da implementação, da operacionalização e da gestão participativa demandados por esse sistema. Você conhecerá também os principais elementos para a criação de um sistema local de cultura. Saiba mais, inscreva-se!;Gestores públicos, conselheiros e agentes culturais que atuam na implementação e gestão participativa do Sistema de Cultura. Inscrições abertas a todos. Curso aberto e gratuito, com certificado.;? Módulo 1: Cultura e Políticas Culturais: o SNC como via de garantia dos direitos culturais? Módulo 2: SNC: modelo de gestão e institucionalização para as políticas públicas de cultura? Módulo 3: Institucionalizando e implementando um Sistema de Cultura;05/09/2024;;
678;Consórcios Públicos Intermunicipais;https://www.escolavirtual.gov.br/curso/678;Gestão Pública;Enap;Enap - Escola Nacional de Administração Pública;30;30;Curso Aberto;Muitas pessoas não compreendem o que são consórcios públicos intermunicipais. Você é uma delas? Precisa de ajuda no assunto? Nessa formação, serão abordados temas como o direito dos arranjos cooperativos intermunicipais, o planejamento integrado e a estruturação de projetos para esse tipo de consórcios. Você conhecerá o modelo de centralização e exemplos atuais desse tipo de arranjo federativo. Serão apresentados elementos práticos e muito mais! Inscreva-se agora!;Gestores públicos municipais e estaduais, lideranças regionais e gestores de consórcios. Curso aberto, gratuito e com certificado, qualquer pessoa pode se inscrever.;"Módulo 1: O contexto federativo e o papel dos entes da federação brasileira; Módulo 2: Direito dos arranjos cooperativos intermunicipais; Módulo 3: Planejamento integrado e estruturação de projetos; Módulo 4: Regulação e ambiente institucional em visão intermunicipal; Módulo 5: Centralização de funções por entidades intermunicipais; Módulo 6: Consórcios que operam serviços públicos; Módulo 7: Operacionalização dos consórcios públicos no curto e longo prazo; Módulo 8: A gestão dos consórcios públicos no Brasil.";25/12/2021;;
1050;Construindo Mandatos Participativos nas Câmaras Municipais;https://www.escolavirtual.gov.br/curso/1050;Gestão Pública;Enap;Enap - Escola Nacional de Administração Pública;20;20;Curso Aberto;Quer se sentir mais capacitado e atuante no processo da democracia participativa? Este curso foi desenvolvido para vereadores e vereadoras de todo o Brasil que desejam compreender a importância e os mecanismos da participação cidadã na construção de um mandato participativo. Aqui, você verá conteúdos que o ajudarão a compreender como o município pode ser uma arena de inovação participativa e como é possível engajar a população no processo de tomada de decisão. Inscreva-se agora e torne-se um agente ativo no processo de aproximar a câmara municipal e a sociedade!;Vereadores e vereadoras brasileiros(as) de todo o país. Curso aberto, gratuito e com certificado, qualquer pessoa pode se inscrever.;Módulo 1: Aspectos Gerais da Representação e da Participação Popular no Poder LocalMódulo 2: Os Mecanismos de Participação Popular nas Câmaras MunicipaisMódulo 3: Desafios e Potencialidades na Construção de um Mandato Participativo na Câmara Municipal;17/12/2024;;
1382;Contratação e licitações em BIM;https://www.escolavirtual.gov.br/curso/1382;Gestão Pública;Enap;Ministério do Desenvolvimento, Indústria, Comércio e Serviços;16;20;Curso Aberto;Este curso visa preparar profissionais da Administração Pública a incorporar a metodologia BIM na gestão de contratos relacionados a obras e serviços de engenharia. A abordagem contempla o processo de gestão da informação, os principais documentos da ABNT NBR 19650, além de apresentar boas práticas de fluxo de trabalho e a legislação básica aplicável.;Arquitetos, engenheiros, técnicos, gestores, fiscais e auditores da Administração Pública, que tratam dos processos de licitações e contratos de obras e serviços de engenharia. Curso aberto gratuito e com certificado. Qualquer pessoa pode se inscrever.;IntroduçãoMódulo 1 - Processo de contratação de obras públicas em BIMMódulo 2 - Responsabilidades dos envolvidosMódulo 3 - Riscos envolvidos e fatores mitigadoresMódulo 4 - Capacidade técnicaMódulo 5 - Direitos AutoraisMódulo 6 - Diretrizes de modelagem para recebimento de projetoMódulo 7 - Entregáveis em BIMMódulo 8 - Critérios para avaliação da evolução do desenvolvimento de modelosMódulo 9 - Erros e vícios mais comunsMódulo 10 - Recebimento e entregas contratuaisMódulo 11 - Controle de qualidadeMódulo 12 - Aspectos relevantes para auditorias internas e externas;26/06/2025;;
931;Controle em 5 Dimensões;https://www.escolavirtual.gov.br/curso/931;Gestão Pública;Enap;Controladoria Geral da União;30;30;Curso Aberto;Neste curso, você conhecerá as cinco dimensões do controle interno e entenderá como implementá-lo para enfrentar os riscos que se apresentam no cotidiano das organizações. Saiba mais sobre esse assunto, inscreva-se.;O curso Controle em 5 Dimensões destina-se a servidores públicos federais, estaduais, distritais e municipais, de todos os poderes e em exercício nas três linhas da gestão em órgãos e entidades da administração pública direta e indireta.;"Módulo 1: Visão Global;Módulo 2: Ambiente de Controle;Módulo 3: Avaliação de Riscos;Módulo 4: Atividadede de Controle;Módulo 5: Informação e Comunicação;Módulo 6: Atividades de Monitoramento.";28/03/2023;;
650;Convênio de Educação, Ciência, Tecnologia e Inovação: Prestação de Contas;https://www.escolavirtual.gov.br/curso/650;Gestão Pública;Enap;Secretaria de Gestão e Inovação (SEGES/MGI);15;30;Curso Aberto;Vai receber ou repassar recursos financeiros em parcerias com ECTI mas não sabe quais os procedimentos para prestar contas? Então este curso foi feito para você! Aprenda como proceder nos casos de financiamento, transferências e prestação de contas, por meio de passo a passos simples e diretos.;Agentes públicos, empresários, autônomos e profissionais de eventos. Curso aberto, gratuito e com certificado, qualquer pessoa pode se inscrever.;"Módulo 1: Preparação para a Prestação de Contas;Módulo 2: Registro da Prestação de Contas pelo Convenente/Recebedor;Módulo 3: Análise da Prestação de Contas pelo Concedente/Repassador.";05/12/2023;;
651;Convênios de Educação, Ciência, Tecnologia e Inovação - ECTI: Execução;https://www.escolavirtual.gov.br/curso/651;Gestão Pública;Enap;Secretaria de Gestão e Inovação (SEGES/MGI);20;30;Curso Aberto;Quer aprender o passo a passo de cada etapa na execução de instrumentos no Módulo de Transferências Discricionárias e Legais do Transferegov.br? Este curso é para você! Descubra como realizar essas ações de forma prática e eficiente. Inscreva-se agora!;Repassadores e recebedores de transferências da União. Curso aberto, gratuito e com certificado, qualquer pessoa pode se inscrever.;"Módulo 1: Preparação para Execução e Processo de Execução (Perfil: Convenente/Recebedor);Módulo 2: Liberação de Recursos;Módulo 3: Registro do Contrato, dos Credores e do Documento de Liquidação;Módulo 4: OPP – Ordem de Pagamentos de Parcerias (antiga OBTV) – Perfil: Convenente/Recebedor;Módulo 5: Acompanhamento e Fiscalização;Módulo 6: Relatórios de Execução;Módulo 7: Instrumentos Aditivos e de Ajuste.";24/02/2025;;
655;Convênios de Educação, Ciência, Tecnologia e Inovação: Atos Preparatórios;https://www.escolavirtual.gov.br/curso/655;Gestão Pública;Enap;Secretaria de Gestão e Inovação (SEGES/MGI);30;30;Curso Aberto;Neste curso, você conhecerá como ocorre o cadastramento de programas, propostas e planos de trabalho relacionados à celebração de convênios de Educação, Ciência, Tecnologia e Inovação (ECTI) por meio do Transferegov.br. Além disso, conhecerá conceitos importantes para compreender o conteúdo abordado, bem como entenderá as fases de formalização e celebração desses convênios. Quer saber mais sobre o assunto? Inscreva-se.;Agentes públicos e profissionais que atuam na captação de recursos para a execução de políticas públicas relacionadas às áreas de Educação, Ciência, Tecnologia e Inovação. Curso aberto, gratuito e com certificado, qualquer pessoa pode se inscrever.;"Módulo 1: Cadastro do Programa no Transferegov.br;Módulo 2: Cadastro da Proposta no Transferegov.br;Módulo 3: Cadastro do Plano de Trabalho no Transferegov.br;Módulo 4: Termo de Referência, Noções de Projeto Básico e Envio da Proposta;Módulo 5: Análise e Ajuste da Proposta e do Plano de Trabalho no Transferegov.br;Módulo 6: Formalização e Celebração do Instrumento.";02/10/2023;;
376;Criação de Reservas Particulares do Patrimônio Natural - RPPN;https://www.escolavirtual.gov.br/curso/376;Gestão Pública;Enap;Instituto Chico Mendes de Conservação da Biodiversidade;20;30;Curso Aberto;O curso tem foco nas normas e procedimentos relacionadas às Reservas particulares do Patrimônio Natural - RPPNs. Assim, tem seu conteúdo direcionado a elementos de subsídio à atuação de servidores públicos que conduzem processos de criação de RPPNs.;Agentes públicos, especialmente técnicos do ICMBio e dos Órgãos Estaduais e Municipais de Meio Ambiente que trabalham com processos de criação de RPPNs e sociedade em geral. Curso aberto, gratuito e com certificado, qualquer pessoa pode se inscrever.;Módulo 1: Introdução às RPPNsMódulo 2: Procedimentos para criação de RPPNsMódulo 3: Sistema Informatizado de Monitoria de RPPN - SIMRPPN;29/12/2020;;
85;Curso de Mapeamento de Processos na Prática utilizando a Notação BPMN;https://moodle.ebserh.gov.br/course/view.php?id=85;Gestão Pública;3EC ;EBSERH;20;0;Curso Aberto;As aulas aabordam os temas a partir da introdução, como: Conceitos e aplicação prática,  Alinhamento entre a Estratégia e os Processos,  Modelagem de Processos, Ferramentas para modelagem, Notações para Modelagem, Melhores Práticas, Introdução a Visão Operacional, os tipos de modelos de processos e tipos de eventos. Visão Geral Da Metodologia incluindo a preparação, mapeamento e consolidação.;Aberto para todos os públicos;As aulas aabordam os temas a partir da introdução, como: Conceitos e aplicação prática,  Alinhamento entre a Estratégia e os Processos,  Modelagem de Processos, Ferramentas para modelagem, Notações para Modelagem, Melhores Práticas, Introdução a Visão Operacional, os tipos de modelos de processos e tipos de eventos. Visão Geral Da Metodologia incluindo a preparação, mapeamento e consolidação.;;;
1270;Eixo 1 - Coordenando interesses Programa - Coordenação e Colaboração em Rede;https://www.escolavirtual.gov.br/curso/1270/;Gestão Pública;Enap;Enap - Escola Nacional de Administração Pública;73;365;Curso Aberto;O eixo 1 aborda os aspectos de coordenação de interesses, construção de coalizões, gestão de conflitos e construção de consensos.;Lideranças públicas atuais e potenciais;Coordenando interesses;18/11/2024;;
1264;Eixo 1 - Preparando a transição e os primeiros 100 dias de governo no município Programa - Gestão Municipal: Tudo o que você precisa saber para os primeiros 100 dias de mandato;http://escolavirtual.gov.br/curso/1264;Gestão Pública;Enap;Enap - Escola Nacional de Administração Pública;4;365;Curso Aberto;Este eixo é essencial para as lideranças locais iniciando o mandato ou sendo reconduzidos. Ele abrange competências necessárias para a estruturação da equipe de transição, o diagnóstico da situação do município e os primeiros passos da gestão;Desenvolvida com foco em gestores públicos municipais responsáveis pela tomada de decisão em políticas públicas. Trilha de aprendizagem aberta, gratuita e com certificado. Qualquer pessoa pode se inscrever.;Preparando a transição e os primeiros 100 dias de governo no município;29/10/2024;;
1234;Eixo 1 - Reconhecendo as bases para a prática do pensamento sistêmico Programa - Visão sistêmica;https://www.escolavirtual.gov.br/curso/1234;Gestão Pública;Enap;Enap - Escola Nacional de Administração Pública;112;365;Curso Aberto;Para desenvolver a visão sistêmica, além de diferenciar o pensamento sistêmico de uma visão mecanicista, o servidor público deve considerar sua instituição no contexto de atuação da administração pública de forma mais ampla.;Desenvolvida com foco em servidoras e servidores públicos em geral. Trilha de aprendizagem aberta, gratuita e com certificado. Qualquer pessoa pode se inscrever.;Reconhecendo as bases para a prática do pensamento sistêmico;16/09/2024;;
1309;Eixo 1 - Reconhecendo o direito à saúde integral no SUS municipal Programa - Gestão Municipal: Saúde, Segurança Alimentar e Agricultura Familiar;https://www.escolavirtual.gov.br/curso/1309/;Gestão Pública;Enap;Enap - Escola Nacional de Administração Pública;5;365;Curso Aberto;Este eixo apresenta reflexões sobre os princípios e diretrizes do SUS, a legislação vigente e, sobretudo, o reconhecimento da saúde como direito de todos e dever do Estado Brasileiro.;Desenvolvida com foco em gestores públicos municipais responsáveis pela tomada de decisão em políticas públicas de saúde, segurança alimentar e agricultura familiar. Trilha de aprendizagem aberta, gratuita e com certificado. Qualquer pessoa pode se inscrever.;Reconhecendo o direito à saúde integral no SUS municipal;07/02/2025;;
1315;Eixo 1 - Reconhecendo o papel da gestão municipal na segurança pública Programa - Gestão Municipal: Justiça e Direitos Humanos;https://www.escolavirtual.gov.br/curso/1315/;Gestão Pública;Enap;Enap - Escola Nacional de Administração Pública;19;365;Curso Aberto;O que os municípios podem fazer para promover a segurança pública? Conheça as atribuições municipais, o papel das guardas municipais e as possibilidades de uso de evidências para promover melhorias na segurança pública do seu município.;Desenvolvida com foco em gestores públicos municipais responsáveis pela tomada de decisão em políticas públicas de justiça, direitos humanos, diversidade e inclusão. Trilha de aprendizagem aberta, gratuita e com certificado. Qualquer pessoa pode se inscrever.;Reconhecendo o papel da gestão municipal na segurança pública;07/02/2025;;
1272;Eixo 2 - Atuando em rede Programa - Coordenação e Colaboração em Rede;https://www.escolavirtual.gov.br/curso/1272;Gestão Pública;Enap;Enap - Escola Nacional de Administração Pública;20;365;Curso Aberto;"O eixo 2 apresenta os temas relevantes para a atuação em rede, abrangendo: o estabelecimento de pontos de contato com os atores da política pública ou do objeto da colaboração; o reconhecimento da legitimidade dos atores envolvidos; a manutenção das redes ativas; a construção das redes abertas e a habilidade de engajar as equipes da própria organização para as ações de coordenação, reconhecendo a colaboração como instrumento estratégico institucional.";Lideranças públicas atuais e potenciais;Atuando em rede;18/11/2024;;
1316;Eixo 2 - Gerenciando problemas de ordem pública nas cidades e estabelecendo parcerias Programa - Gestão Municipal: Justiça e Direitos Humanos;https://www.escolavirtual.gov.br/curso/1316/;Gestão Pública;Enap;Enap - Escola Nacional de Administração Pública;7;365;Curso Aberto;Explore estratégias de gestão de problemas urbanos, com foco em práticas preventivas e tecnológicas. O eixo trata também da promoção de uma gestão integrada e eficiente da segurança, por meio de parcerias institucionais.;Desenvolvida com foco em gestores públicos municipais responsáveis pela tomada de decisão em políticas públicas de justiça, direitos humanos, diversidade e inclusão. Trilha de aprendizagem aberta, gratuita e com certificado. Qualquer pessoa pode se inscrever.;Gerenciando problemas de ordem pública nas cidades e estabelecendo parcerias;07/02/2025;;
1235;Eixo 2 - Identificando os marcos institucionais: inter-relações e impactos Programa - Visão sistêmica;https://www.escolavirtual.gov.br/curso/1235;Gestão Pública;Enap;Enap - Escola Nacional de Administração Pública;185;365;Curso Aberto;Com relação à sua própria instituição, o servidor deve ser capaz de identificar as bases do processo decisório, os marcos institucionais e suas interrelações.;Desenvolvida com foco em servidoras e servidores públicos em geral. Trilha de aprendizagem aberta, gratuita e com certificado. Qualquer pessoa pode se inscrever.;Identificando os marcos institucionais: inter-relações e impactos;16/09/2024;;
1310;Eixo 2 - Organizando o SUS no município com articulação regional Programa - Gestão Municipal: Saúde, Segurança Alimentar e Agricultura Familiar;https://www.escolavirtual.gov.br/curso/1310/;Gestão Pública;Enap;Enap - Escola Nacional de Administração Pública;8;365;Curso Aberto;Neste eixo, você desenvolverá competências sobre a organização do SUS municipal, com foco na Estratégia de Saúde da Família. Trataremos do papel de cada ente federado, dos espaços de pactuação da gestão, além de planejamento, monitoramento e avaliação em saúde.;Desenvolvida com foco em gestores públicos municipais responsáveis pela tomada de decisão em políticas públicas de saúde, segurança alimentar e agricultura familiar. Trilha de aprendizagem aberta, gratuita e com certificado. Qualquer pessoa pode se inscrever.;Organizando o SUS no município com articulação regional;07/02/2025;;
1265;Eixo 2 - Visualizando caminhos para o futuro do município Programa - Gestão Municipal: Tudo o que você precisa saber para os primeiros 100 dias de mandato;https://www.escolavirtual.gov.br/curso/1265/;Gestão Pública;Enap;Enap - Escola Nacional de Administração Pública;10;365;Curso Aberto;O planejamento começa no presente, e vai além dos ciclos de Planos Plurianuais, planos de governo e eleições. Neste eixo, vamos falar de estratégias de desenvolvimento alinhadas a agendas transversais. Que futuro você quer construir para a sua cidade?;Desenvolvida com foco em gestores públicos municipais responsáveis pela tomada de decisão em políticas públicas. Trilha de aprendizagem aberta, gratuita e com certificado. Qualquer pessoa pode se inscrever.;Visualizando caminhos para o futuro do município;29/10/2024;;
1273;Eixo 3 - Construindo parcerias Programa - Coordenação e Colaboração em Rede;https://www.escolavirtual.gov.br/curso/1273/;Gestão Pública;Enap;Enap - Escola Nacional de Administração Pública;158;365;Curso Aberto;O eixo 3 aborda os aspectos necessários para a construção de parcerias, incluindo a identificação de parceiros e os instrumentos viáveis para realizar ações compartilhadas.;Lideranças públicas atuais e potenciais;Construindo parcerias;18/11/2024;;
1322;Eixo 3 - Organizando a política municipal de educação Programa - Gestão Municipal: Desenvolvimento Social, Educação e Cultura;https://www.escolavirtual.gov.br/curso/1322/;Gestão Pública;Enap;Enap - Escola Nacional de Administração Pública;10;364;Curso Aberto;Como desenvolver um trabalho de excelência na área da educação, na gestão municipal? Neste eixo você identificará quais os programas e projetos possíveis de serem desenvolvidos, como organizar a equipe, quais as fontes de recursos e os atores responsáveis pelas políticas públicas educacionais.;Desenvolvida com foco em gestores públicos municipais responsáveis pela tomada de decisão em políticas públicas de desenvolvimento social, educação e cultura. Trilha de aprendizagem aberta, gratuita e com certificado. Qualquer pessoa pode se inscrever.;Organizando a política municipal de educação;06/02/2025;;
1266;Eixo 3 - Planejando a gestão municipal com o Plano Plurianual (PPA) e outros instrumentos Programa - Gestão Municipal: Tudo o que você precisa saber para os primeiros 100 dias de mandato;https://www.escolavirtual.gov.br/curso/1266/;Gestão Pública;Enap;Enap - Escola Nacional de Administração Pública;4;365;Curso Aberto;O Plano Plurianual municipal é um dos componentes do orçamento municipal, elaborado para um ciclo de quatro anos. Neste eixo, você irá entender as etapas e dimensões do PPA, sua relação com as agendas de longo e curto prazo, e a importância da participação e do monitoramento.;Desenvolvida com foco em gestores públicos municipais responsáveis pela tomada de decisão em políticas públicas. Trilha de aprendizagem aberta, gratuita e com certificado. Qualquer pessoa pode se inscrever.;Planejando a gestão municipal com o Plano Plurianual (PPA) e outros instrumentos;29/10/2024;;
1236;Eixo 3 - Reconhecendo cenários, tendências e suas consequências Programa - Visão sistêmica;https://www.escolavirtual.gov.br/curso/1236/;Gestão Pública;Enap;Enap - Escola Nacional de Administração Pública;34;365;Curso Aberto;Para desenvolver a competência de visão sistêmica é fundamental reconhecer as tendências e os cenários que possam delinear os possíveis contextos futuros e impactar o dia a dia no seu trabalho e da sua instituição.;Desenvolvida com foco em servidoras e servidores públicos em geral. Trilha de aprendizagem aberta, gratuita e com certificado. Qualquer pessoa pode se inscrever.;Reconhecendo cenários, tendências e suas consequências;16/09/2024;;
1317;Eixo 3 - Reconhecendo os Direitos Humanos e sua aplicabilidade no município Programa - Gestão Municipal: Justiça e Direitos Humanos;https://www.escolavirtual.gov.br/curso/1317;Gestão Pública;Enap;Enap - Escola Nacional de Administração Pública;41;365;Curso Aberto;A partir do conhecimento das agendas internacionais de Direitos Humanos, você poderá identificar a relevância desse tema no seu município, no atendimento das necessidades da população, e como as políticas municipais podem fazer a diferença.;Desenvolvida com foco em gestores públicos municipais responsáveis pela tomada de decisão em políticas públicas de justiça, direitos humanos, diversidade e inclusão. Trilha de aprendizagem aberta, gratuita e com certificado. Qualquer pessoa pode se inscrever.;Reconhecendo os Direitos Humanos e sua aplicabilidade no município;07/02/2025;;
1323;Eixo 4 - Implementando ações pedagógicas no município Programa - Gestão Municipal: Desenvolvimento Social, Educação e Cultura;https://www.escolavirtual.gov.br/curso/1323/;Gestão Pública;Enap;Enap - Escola Nacional de Administração Pública;12;364;Curso Aberto;Neste eixo, serão abordados os passos essenciais para a implementação das ações pedagógicas no município e como podemos reconhecer os programas educacionais vigentes, ofertados pelo Governo Federal.;Desenvolvida com foco em gestores públicos municipais responsáveis pela tomada de decisão em políticas públicas de desenvolvimento social, educação e cultura. Trilha de aprendizagem aberta, gratuita e com certificado. Qualquer pessoa pode se inscrever.;Implementando ações pedagógicas no município;06/02/2025;;
1267;Eixo 4 - Organizando o orçamento e as finanças para executar o planejamento municipal Programa - Gestão Municipal: Tudo o que você precisa saber para os primeiros 100 dias de mandato;https://www.escolavirtual.gov.br/curso/1267/;Gestão Pública;Enap;Enap - Escola Nacional de Administração Pública;18;365;Curso Aberto;Nesse eixo você encontrará orientações sobre finanças públicas municipais, incluindo a identificação de oportunidades para a racionalização dos gastos públicos e alertas para problemas frequentemente negligenciados.;Desenvolvida com foco em gestores públicos municipais responsáveis pela tomada de decisão em políticas públicas. Trilha de aprendizagem aberta, gratuita e com certificado. Qualquer pessoa pode se inscrever.;Organizando o orçamento e as finanças para executar o planejamento municipal;29/10/2024;;
1318;Eixo 4 - Promovendo Diversidade, Equidade e Inclusão na gestão municipal e na cidade Programa - Gestão Municipal: Justiça e Direitos Humanos;https://www.escolavirtual.gov.br/curso/1318/;Gestão Pública;Enap;Enap - Escola Nacional de Administração Pública;69;365;Curso Aberto;Conheça estratégias para promover diversidade, equidade e inclusão na gestão municipal tanto para dentro, na gestão de pessoas, quanto para fora, nos serviços entregues para os cidadãos e as cidadãs.;Desenvolvida com foco em gestores públicos municipais responsáveis pela tomada de decisão em políticas públicas de justiça, direitos humanos, diversidade e inclusão. Trilha de aprendizagem aberta, gratuita e com certificado. Qualquer pessoa pode se inscrever.;"Promovendo Diversidade, Equidade e Inclusão na gestão municipal e na cidade&nbsp;";07/02/2025;;
1268;Eixo 5 - Compras eficientes, transparência e gerenciamento de riscos na gestão municipal Programa - Gestão Municipal: Tudo o que você precisa saber para os primeiros 100 dias de mandato;https://www.escolavirtual.gov.br/curso/1268;Gestão Pública;Enap;Enap - Escola Nacional de Administração Pública;5;365;Curso Aberto;O poder de compra dos governos é crescente, e compõe um conjunto de relações estratégicas com o terceiro setor e com a iniciativa privada. Neste eixo, você irá aprender a construir uma área de compras eficiente, sustentável, segura e transparente.;Desenvolvida com foco em gestores públicos municipais responsáveis pela tomada de decisão em políticas públicas. Trilha de aprendizagem aberta, gratuita e com certificado. Qualquer pessoa pode se inscrever.;Compras eficientes, transparência e gerenciamento de riscos na gestão municipal;29/10/2024;;
1324;Eixo 5 - Garantindo o acesso à cultura no município Programa - Gestão Municipal: Desenvolvimento Social, Educação e Cultura;https://www.escolavirtual.gov.br/curso/1324/;Gestão Pública;Enap;Enap - Escola Nacional de Administração Pública;8;365;Curso Aberto;Este eixo é essencial para a gestão cultural local. Conheça a legislação, as ferramentas e as estratégias para que o gestor organize e proporcione o fomento às atividades culturais.;Desenvolvida com foco em gestores públicos municipais responsáveis pela tomada de decisão em políticas públicas de desenvolvimento social, educação e cultura. Trilha de aprendizagem aberta, gratuita e com certificado. Qualquer pessoa pode se inscrever.;"Garantindo o acesso à cultura no município&nbsp;";06/02/2025;;
1319;Eixo 5 - Utilizando ferramentas de gestão para promover Direitos Humanos e Justiça no município Programa - Gestão Municipal: Justiça e Direitos Humanos;https://www.escolavirtual.gov.br/curso/1319/;Gestão Pública;Enap;Enap - Escola Nacional de Administração Pública;92;365;Curso Aberto;Conheça os aspectos de legislação, planejamento e orçamento que possibilitam estruturar políticas municipais de Direitos Humanos e Cidadania de forma transversal, e utilizando a gestão participativa.;Desenvolvida com foco em gestores públicos municipais responsáveis pela tomada de decisão em políticas públicas de justiça, direitos humanos, diversidade e inclusão. Trilha de aprendizagem aberta, gratuita e com certificado. Qualquer pessoa pode se inscrever.;"Utilizando ferramentas de gestão para promover Direitos Humanos e Justiça no município&nbsp;";07/02/2025;;
1269;Eixo 6 - Apoiando a implementação das políticas públicas no município Programa - Gestão Municipal: Tudo o que você precisa saber para os primeiros 100 dias de mandato;https://www.escolavirtual.gov.br/curso/1269/;Gestão Pública;Enap;Enap - Escola Nacional de Administração Pública;18;365;Curso Aberto;Este eixo é dedicado a novas formas de gerenciar governos. As demandas crescentes exigem governos muito mais dinâmicos e produtivos. Vamos mostrar como desenhar uma estrutura adequada, selecionar lideranças, fortalecer equipes, promover a inovação e basear decisões em evidências.;Desenvolvida com foco em gestores públicos municipais responsáveis pela tomada de decisão em políticas públicas. Trilha de aprendizagem aberta, gratuita e com certificado. Qualquer pessoa pode se inscrever.;Apoiando a implementação das políticas públicas no município;29/10/2024;;
1231;Elaboração de editais em BIM;https://www.escolavirtual.gov.br/curso/1231;Gestão Pública;Enap;Ministério do Desenvolvimento, Indústria, Comércio e Serviços;16;20;Curso Aberto;O curso capacita profissionais da Administração Pública no uso do BIM em licitações de obras e serviços de engenharia. Aborda gestão da informação, normas ABNT NBR 19650 (Partes 1 e 2), boas práticas de fluxo de trabalho e noções de legislação básica, com foco na aplicação prática em projetos públicos.;Profissionais da Administração Pública envolvidos em licitações e contratos de obras e serviços de engenharia. Curso aberto, qualquer interessado pode se inscrever.;"&nbsp;Módulo Introdução&nbsp;Módulo 1: Conhecimento básico de legislação relativa à elaboração de editaisMódulo 2: Elementos mínimos necessários à composição de um edital – Lei n° 14.133/2021&nbsp;Módulo 3: Modalidades de licitações para contratação de projetos e obras&nbsp;Módulo 4: Importância de consideração de fluxo de processos BIM num edital&nbsp;Módulo 5: Itens básicos que se espera em um Termo de Referência num contrato em BIM&nbsp;Módulo 6: Minuta do contrato de prestação de serviços&nbsp;Módulo 7: O que muda na gestão de contrato?";14/01/2025;;
869;Elaboração de Plano de Contingência para Risco de Desastres de Movimento de Massa - Curso 2;https://www.escolavirtual.gov.br/curso/869;Gestão Pública;Enap;Ministério da Integração e Desenvolvimento Regional;30;30;Curso Aberto;Neste curso, você compreenderá o que são desastres de movimento de massa, quais são os conceitos e aspectos legislativos relacionados ao Plano de Contingência (Plancon) aplicado a esses tipos de desastres. Conhecerá também a primeira etapa da elaboração, a operacionalização e revisão do referido plano voltado aos desastres de movimento de massa. O curso faz parte da Capacitação para Elaboração do Plano de Contingência (Plancon). Faça sua inscrição para saber mais.;Agentes de proteção e defesa civil dos estados e municípios e demais interessados na temática de gestão de risco e de desastre. Curso aberto, gratuito e com certificado, qualquer pessoa pode se inscrever.;Módulo 1: Os desastres de movimento de massa e o Plancon.Módulo 2: 1ª etapa da elaboração do Plancon para desastres de movimento de massa.Módulo 3: Operacionalização e revisão do Plancon para desastres de movimento de massa.;31/08/2022;;
873;Elaboração do Plano de Contingência para os Riscos Decorrentes de Barragens – curso 3;https://www.escolavirtual.gov.br/curso/873;Gestão Pública;Enap;Ministério da Integração e Desenvolvimento Regional;30;30;Curso Aberto;Neste curso, você conhecerá os conceitos e aspectos legislativos relacionados a barragens e os procedimentos que devem ser seguidos para a elaboração, implementação e manutenção do Plano de Contingências voltado para riscos decorrentes de barragens, a partir de uma metodologia de checagem definida por nove passos que contribuem para que as ações planejadas sejam efetivas.;Agentes de proteção e defesa civil dos estados e municípios e sociedade civil e interessados na temática de gestão de riscos e de desastres. Curso aberto, gratuito e com certificado, qualquer pessoa pode se inscrever.;Módulo 1: Barragens: histórico e legislaçãoMódulo 2: Plancon: da finalização do PAE à definição das açõesMódulo 3: Divulgação e operacionalização;02/12/2022;;
785;Elaboração do Plano de Contingência para Riscos de Desastres;https://www.escolavirtual.gov.br/curso/785;Gestão Pública;Enap;Ministério da Integração e Desenvolvimento Regional;30;30;Curso Aberto;O curso possui foco na necessidade de conhecer os aspectos relacionados à contextualização e à conceituação de um Plancon e os passos de sua elaboração para desenvolver competências, habilidades e atitudes necessárias para o fortalecimento da cultura de gestão de riscos de desastres, e capacitar agentes de proteção e defesa civil dos municípios brasileiros na elaboração de um Plano de Contingência.;"Destina-se a agentes de proteção e defesa civil dos estados e municípios; e a sociedade civil e interessados na temática de gestão de risco e de desastre. Curso aberto, qualquer pessoa pode se inscrever.";Módulo 1 - Planos Municipais de Contingência:Módulo 2 - Elaboração do Plancon:Módulo 3 - Validação e Divulgação do PlanconMódulo 4 - Operacionalização e Revisão do Plancon;14/04/2022;;
360;Elaboração Legislativa no Executivo: Legística, Governança e Avaliação;https://www.escolavirtual.gov.br/curso/360;Gestão Pública;Enap;Casa Civil da Presidência da República;30;30;Curso Aberto;Desenvolvido, em 2020, pela Enap e pela Subchefia de Análise e Acompanhamento de Políticas Governamentais da Casa Civil da Presidência da República, este curso tem o objetivo apresentar a fundamentação teórica referente à elaboração legislativa no Executivo, a partir do contexto da legística, da governança e da avaliação, para melhoria na gestão legislativo-regulatória.;Agentes públicos que lidam com elaboração legislativa no Poder Executivo (federal, estadual e municipal). Curso aberto, gratuito e com certificado, qualquer pessoa pode se inscrever.;Módulo 1 – Governança Legislativa-regulatória: conceito e operacionalizaçãoMódulo 2 – Técnicas de elaboração de atos normativos e políticas públicasMódulo 3 – Avaliação de Impacto Legislativo-Regulatório;05/11/2020;;
333;Empresas e Direitos Humanos;https://www.escolavirtual.gov.br/curso/333;Gestão Pública;Enap;Ministério dos Direitos Humanos e Cidadania;30;30;Curso Aberto;O curso desenvolvido, em 2020, pela Enap em parceria com o Ministério da Mulher, da Família e dos Direitos Humanos (MMFDH) com o objetivo de reconhecer a importância da participação das empresas na promoção e no respeito aos direitos humanos, sob a perspectiva de participação conjunta com os estados e a sociedade. Quer saber mais? Venha fazer o curso, se inscreva.;Agentes públicos, representantes de empresas de pequeno, médio ou grande porte, tanto nacionais quanto transnacionais, que atuam ou pretendem atuar em conformidade com os direitos humanos nas relações de trabalho e pessoas com interesse no tema. Curso aberto, gratuito e com certificado, qualquer pessoa pode se inscrever.;Módulo 1 – Empresas e Direitos HumanosMódulo 2 – O dever dos Estados de proteger os Direitos HumanosMódulo 3 – O dever das empresas de respeitar os Direitos HumanosMódulo 4 – Direitos Humanos na prática das empresas;17/08/2020;;
850;Entenda a Política Nacional de Cultura Viva e sua aplicabilidade na Diversidade Cultural Brasileira;https://www.escolavirtual.gov.br/curso/850;Gestão Pública;Enap;Ministério da Cultura;20;30;Curso Aberto;Aprenda as bases teóricas e práticas para implementar e gerir a PNCV nos territórios. O curso facilita a compreensão da política, promovendo uma gestão compartilhada entre União, estados, municípios, organizações culturais e a sociedade.;Gestores e conselheiros de Cultura dos entes federados, fazedores e ponteiros de cultura e sociedade civil. Curso aberto, gratuito e com certificado, qualquer pessoa pode se inscrever.;Módulo I – Apresentando a Política Nacional de Cultura Viva (PNCV).Módulo II – A PNCV como uma política de base comunitária: as relações com os territórios.Módulo III – Formas de operação e instrumentos da PNCV.;26/02/2025;;
281;Estruturas de Gestão Pública;https://www.escolavirtual.gov.br/curso/281;Gestão Pública;Enap;Tribunal de Contas da União;30;30;Curso Aberto;Neste curso você verá um pouco da estrutura e funcionamento da Administração Pública Federal. Esperamos que, ao final do curso, você se sinta capaz de identificar as diversas funções das instituições e os diversos papéis dos agentes públicos na estrutura da Administração Pública, bem como os responsáveis por atos administrativos referentes aos bens e dinheiros públicos;Servidores públicos e cidadãos em geral. Curso aberto, gratuito e com certificado, qualquer pessoa pode se inscrever.; Aula 1 – Estruturas da Administração Pública Federal Aula 2 – Ciclo de gestão na Administração Pública Federal Aula 3 – Descentralização de atividade Aula 4 – Estado Regulador Aula 5 – Atuação do TCU e sua relação com os Poderes da União ;28/02/2020;;
319;Estruturas Organizacionais do Poder Executivo Federal - Siorg;https://www.escolavirtual.gov.br/curso/319;Gestão Pública;Enap;Ministério da Fazenda;15;30;Curso Aberto;Aprenda a registrar informações no Sistema de Informações Organizacionais da Administração Pública Federal – Siorg! Como? Compreendendo a estrutura hierárquica e as competências regimentais do Poder Executivo Federal e alinhando os conceitos fundamentais com as aplicações relacionados às estruturas organizacionais.;Servidores/as de órgãos e entidades do Executivo Federal, especialmente, para aqueles que utilizam o Sistema de Informações Organizacionais da Administração Pública Federal - Siorg e demais interessados/as. Curso aberto, gratuito e com certificado, qualquer pessoa pode se inscrever.;Estruturas Organizacionais e o EstadoConceitos Fundamentais e AplicaçõesSiorg na Prática!;30/06/2020;;
1404;Financiamento para o Desenvolvimento Urbano Integrado no Brasil;https://www.escolavirtual.gov.br/curso/1404;Gestão Pública;Enap;Ministério das Cidades;12;30;Curso Aberto;Neste curso, você irá aprender a identificar fontes de recursos e elaborar estratégias de financiamento para cidades mais sustentáveis, inclusivas e resilientes. Quer saber mais? Inscreva-se!;Gestores públicos, técnicos e profissionais interessados no financiamento do desenvolvimento urbano sustentável. Curso aberto, gratuito e com certificado.;Módulo 1: Introdução ao financiamento para o desenvolvimento urbano integrado.Módulo 2: Instrumentos de gestão da valorização urbana.Módulo 3: Oportunidades nacionais de financiamento para o desenvolvimento urbano integrado.Módulo 4: Captação de recursos internacionais para o desenvolvimento urbano integrado.Módulo 5: Aspectos ambientais, sociais e de governança para o desenvolvimento urbano integrado.Módulo 6: Fundos climáticos no contexto do financiamento urbano integrado.;24/09/2025;;
242;Fiscalização na Gestão do Patrimônio da União;https://www.escolavirtual.gov.br/curso/242;Gestão Pública;Enap;Secretaria do Patrimônio da União - SPU;45;60;Curso Aberto;Você conhece os diferentes tipos de bens imóveis da União e como eles são fiscalizados? E as modernas tecnologias utilizadas para a supervisão desses imóveis? Aos interessados no tema, esta é uma ótima oportunidade de ampliar seus conhecimentos tanto sobre as infrações contra o patrimônio da União e suas respectivas sanções, quanto sobre o uso das geotecnologias na fiscalização desses imóveis.;Servidores públicos com lotação na Secretaria do Patrimônio da União, que foram designados/as como fiscais ou aqueles/as que venham a atuar na área de fiscalização de imóveis. Curso aberto, gratuito e com certificado, qualquer pessoa pode se inscrever.; Módulo I: A fiscalização no âmbito da SPU Módulo II: Infrações contra o Patrimônio da União Módulo III: Uso das Geotecnologias na Fiscalização ;01/11/2019;;
603;Fundamentos da Lei Geral de Proteção de Dados;https://www.escolavirtual.gov.br/curso/603;Gestão Pública;Enap;Serviço Federal de Processamento de Dados;15;30;Curso Aberto;O curso foi desenvolvido com foco na apresentação de conceitos gerais da LGPD e nos impactos desta Lei em processos rotineiros de pessoas e empresas. Também pretende-se fomentar o debate sobre a proteção de dados pessoais e a segurança da informação, em face das bases legais existentes. Foi desenvolvido pelo Serpro - Serviço Federal de Processamento de Dados, em 2020, originalmente para a capacitação do corpo funcional. Agora é ofertado ao público em geral, por meio de parceria com a Escola Nacional de Administração Pública - Enap.;Pessoas com interesse em conhecer a Lei e entender sua abrangência e impactos. Curso aberto, gratuito e com certificado, qualquer pessoa pode se inscrever.;"Módulo 1: Conceitos básicos da LGPD; Direitos do titular; Relações e atribuições.Módulo 2: Processos de tratamento de dados; Situações previstas na lei; Dados pessoais sensíveis; Dados de crianças e adolescentes; Compartilhamento e transferência de dados.Módulo 3: Segurança no tratamento de dados; Privacidade dos dados; Segurança da informação; LGPD e penalidades; LGPD e demais leis.Módulo 4: Organização da empresa - Serpro; implementação da LGPD; Soluções LGPD.";01/09/2021;;
504;Gestão de Políticas Públicas para Pequenos Negócios;https://www.escolavirtual.gov.br/curso/504;Gestão Pública;Enap;Ministério da Fazenda;40;60;Curso Aberto;O curso busca formular, desenvolver ou avaliar políticas públicas destinadas aos pequenos negócios em seu espaço de atuação, apresentando os principais elementos que compõe a dinâmica desses empreendimentos, permitindo visualizar as dimensões relacionadas ao aprimoramento desses negócios, além dos possíveis resultados obtidos ao apoiá-los.;Gestoras e gestores que tenham como atividade formular, desenvolver ou avaliar políticas públicas destinadas aos pequenos negócios em seu espaço de atuação. Curso aberto, gratuito e com certificado, qualquer pessoa pode se inscrever.;Módulo 1: Pequenos negócios: conceitos e contexto.Módulo 2: Ambiente, competitividade, território e suas relações com os pequenos negócios.Módulo 3: Plano de desenvolvimento econômico.Módulo 4: Atendimento ao empresário, às associações e cooperativas: etapas e procedimentos.;14/04/2021;;
514;Gestão de Politicas Públicas para Pequenos Negócios - Aquisições públicas;https://www.escolavirtual.gov.br/curso/514;Gestão Pública;Enap;Ministério da Fazenda;40;60;Curso Aberto;Curso desenvolvido com foco na necessidade de oferecer aos servidores públicos conceitos e procedimentos necessários à implementação e ao gerenciamento de políticas voltadas ao desenvolvimento de pequenos negócios por meio das aquisições públicas.;Gestoras e gestores que tenham como atividade formular, desenvolver ou avaliar políticas públicas destinadas aos pequenos negócios em seu espaço de atuação. Curso aberto, gratuito e com certificado, qualquer pessoa pode se inscrever.;Módulo 1: Compras governamentais no Brasil: contexto e importância.Módulo 2: A Lei geral da micro e pequena empresa.Módulo 3: Planejamento de licitações com a participação das micro e pequenas empresas: principais possibilidades previstas na legislação.Módulo 4: Principais sistemas e contratos de compras públicas: quais são e para que servem.;15/06/2021;;
364;Gestão do Programa de Voluntariado nas Unidades Organizacionais do ICMBio;https://www.escolavirtual.gov.br/curso/364;Gestão Pública;Enap;Instituto Chico Mendes de Conservação da Biodiversidade;40;60;Curso Aberto;O curso, que tem foco nos processos de planejamento, implantação e gestão do Programa de Voluntariado do ICMBio, traz como proposta uma programa que percorre a relação com o voluntário, o processo de planejamento do Programa, o Sistema de Gestão e todo o processo de gestão desde a preparação para o recebimento do voluntário até a sua avaliação.;Interessados na gestão do programa de voluntariado do ICMBio. Curso aberto, gratuito e com certificado, qualquer pessoa pode se inscrever. Origem;Módulo 1: Contextualização do VoluntariadoMódulo 2: O Voluntário e o Programa de VoluntariadoMódulo 3: Processo de planejamento do Programa de Voluntariado no ICMBioMódulo 4: O Sistema de Gestão do Programa de Voluntariado no ICMBioMódulo 5: Processo de gestão do programa de voluntariado no ICMBio;18/12/2020;;
691;Gestão dos recursos da educação básica pública e o Novo Fundeb;https://www.escolavirtual.gov.br/curso/691;Gestão Pública;Enap;Enap - Escola Nacional de Administração Pública;25;30;Curso Aberto;Quais recursos disponíveis para investir em educação básica pública no Brasil? Conhece o financiamento da educação básica pública e o Fundeb? Este curso ajudará a esclarecer essas questões e a compreender melhor sobre o novo Fundeb. Faça sua inscrição!;O curso será desenvolvido com foco em servidores públicos. O curso é aberto, gratuito e com certificado, qualquer pessoa pode se inscrever.;"Módulo 1 – Recursos disponíveis para investir em educação básica pública no Brasil;Módulo 2 – O financiamento da educação básica pública e o Fundeb;Módulo 3 - Novo Fundeb: distribuição, gestão e aplicação e prestação de contas quanto à utilização dos recursos";02/06/2022;;
718;Gestão participativa nas cidades;https://www.escolavirtual.gov.br/curso/718;Gestão Pública;Enap;Fundação CEPERJ;12;30;Curso Aberto;A gestão participativa é um importante processo que colabora para o compartilhamento de decisões no âmbito da administração pública. A atuação de diferentes atores nesse processo, como a sociedade civil, é fundamental. Conhecer os seus princípios, os envolvidos, os mecanismos e o seu funcionamento é imprescindível para tornar efetiva sua implementação. Saiba mais sobre o assunto. Inscreva-se!;Curso aberto, qualquer pessoa interessada na temática pode se inscrever.;Módulo 1: Os filósofos do passado e a reflexão sobre as cidades.Módulo 2: Governança Pública.Módulo 3: Planejamento Estratégico.;18/02/2022;;
380;Gestão por Processos;https://moodle.ebserh.gov.br/course/view.php?id=380;Gestão Pública;3EC ;EBSERH;8;0;Curso Aberto;"Módulo 1-Definições acerca de processos 
Módulo 2- Métodos de Gestão por Processos da Rede Ebserh
Módulo 3- Principais elementos utilizados no mapeamento de processos
Módulo IV- Visão ponta a ponta de um processo 
Módulo V- Colocando a mão na massa! 
Módulo VII- Priorizando soluções
Módulo VIII- Conduzindo a validação de processos e iniciando a transformação
Módulo IX- Implantar as soluções e o rito de monitoramento 
Módulo X- Desafios da gestão de processos e a cultura organizacional 
Avaliação Final.";Aberto para todos os públicos;"Módulo 1-Definições acerca de processos 
Módulo 2- Métodos de Gestão por Processos da Rede Ebserh
Módulo 3- Principais elementos utilizados no mapeamento de processos
Módulo IV- Visão ponta a ponta de um processo 
Módulo V- Colocando a mão na massa! 
Módulo VII- Priorizando soluções
Módulo VIII- Conduzindo a validação de processos e iniciando a transformação
Módulo IX- Implantar as soluções e o rito de monitoramento 
Módulo X- Desafios da gestão de processos e a cultura organizacional 
Avaliação Final.";;;
842;GIRD+10: Gestão Integrada de Riscos e Desastres;https://www.escolavirtual.gov.br/curso/842;Gestão Pública;Enap;Ministério da Integração e Desenvolvimento Regional;24;30;Curso Aberto;Conheça os novos paradigmas relacionados à Gestão Integrada de Riscos e Desastres no Brasil, suas estratégias e as ferramentas que apoiam as ações de redução de riscos e de ocorrências de desastres e subsidiam o Sistema Nacional de Proteção e Defesa Civil, a partir das diretrizes da Política Nacional de Proteção e Defesa Civil - PNPDEC (Lei n° 12.608/2012);Gestores públicos, representantes de secretarias municipais, agentes de defesa civil, professores e educadores sociais, lideranças comunitárias, estudantes e pesquisadores profissionais. Curso aberto, gratuito e com certificado, qualquer pessoa pode se inscrever.;"Módulo 1: Perspectivas sobre a Gestão de Riscos e Desastres;Módulo 2: Visão de Futuro e Cenários de Riscos no Brasil;Módulo 3: Redução de Riscos e Desastres;Módulo 4: Ações Integradas e Colaboração na Gestão de Riscos.";27/06/2022;;
97;Impactos da Mudança do Clima para a Gestão Municipal;https://www.escolavirtual.gov.br/curso/97;Gestão Pública;Enap;Banco Interamericano de Desenvolvimento - BID;20;30;Curso Aberto;Nesse curso, você poderá aprender os conceitos básicos sobre o tema Mudança do Clima. O curso aborda as principais causas das mudanças climáticas e os principais aspectos das abordagens de mitigação e adaptação.;Pessoas que atuam junto aos governos estaduais e locais e tenham interesse nos impactos das mudanças climáticas para a gestão municipal. Curso aberto, gratuito e com certificado, qualquer pessoa pode se inscrever.;1 Mudanças do clima 1.1 Efeito Estufa1.2 Conferências e Convenções sobre o Clima1.3 Adicionalidade, Leakage e Permanência1.4 Plano Nacional de Adaptação1.5 Relatórios de avaliação 2 Mitigação 2.1 Objetivos da mitigação2.2 Mecanismo de Desenvolvimento Limpo (MDL)2.3 Ações, Programas e Planos Setoriais de Mitigação2.4 Contribuições Nacionalmente Determinadas 3 Adaptação 3.1 Objetivos e tipos de adaptação3.2 Vulnerabilidades3.3 Plano Nacional de Adaptação à Mudança do Clima (PNA)3.4 Exemplos de Ações de Adaptação3.5 Interação entre Adaptação e Mitigação;08/03/2016;;
234;Inovação Social para o Aperfeiçoamento de Políticas Públicas;https://www.escolavirtual.gov.br/curso/234;Gestão Pública;Enap;Presidência da República;40;60;Curso Aberto;"O curso Introdutório de Inovação Social para o Aperfeiçoamento de Políticas Públicas foi desenvolvido pela Enap, em parceria com a Secretaria Nacional de Articulação Social da Secretaria de Governo da Presidência da República em novembro de 2018. O curso foi desenvolvido com foco na necessidade de desenvolver capacidades locais (Agentes de Gestão de Inovação Social) para facilitar e dar suporte ao governo federal em ações voltadas: a) ao aperfeiçoamento e desenvolvimento de ideias para solução de problemas sociais com participação social; b) à promoção da participação com empoderamento dos ato";Gestores municipais e representantes da sociedade civil. Curso aberto, gratuito e com certificado, qualquer pessoa pode se inscrever.;Módulo 1 - Inovação Social, Política Pública e Sustentabilidade 1. Por que inovação social é necessária? 2. Riquezas do Brasil 3. Desafios 4. O que é Inovação Social? 5. Como a Inovação Social surgiu? 6. Inovação Tecnológica x Inovação Social 7. Onde e por quem a Inovação Social é produzida? 8. Inovação Social como processo e como produto Módulo 2 – Políticas Públicas: Ciclo e Mecanismos de Participação 1. Ciclo de elaboração de Políticas Públicas 2. Atores no Ciclo de Políticas Públicas: quem importa e quando? 3. Controle Social: o que é, para que serve e como funciona 4. Inovação Social na Política Pública Módulo 3 – Parcerias e Lideranças 1. Pensamento Sistêmico em Parcerias Multissetoriais (PMSS) 2. Pontos de Alavancagem 3. Funcionamento das Parcerias Multissetoriais (PMSS) 4. Confiança e Aprendizagem Colaborativa 5. Conflito e Poder 6. Novos tipos de liderança 7. Identificação e Mobilização de Parceiros Módulo 4 – Planejamento e Gestão 1. Conceber uma agenda comum: planejamento adaptável 2. Gestão Colaborativa para Resultados 3. Comunicação Continuada 4. Estar disposto a aprender;07/06/2019;;
1028;Instrumentos de Desenvolvimento Urbano Sustentável - Monitoramento e Avaliação;https://www.escolavirtual.gov.br/curso/1028;Gestão Pública;Enap;Ministério das Cidades;25;30;Curso Aberto;Conheça boas práticas de monitoramento e avaliação de políticas públicas de Desenvolvimento Urbano Sustentável! Neste curso, você imergirá em experiências distintas de algumas cidades brasileiras e exercitará como propor mudanças ao sistema de monitoramento e avaliação de políticas públicas da sua localidade, visando promover a participação e o controle social. Inscreva-se para saber mais!;Agentes públicos de qualquer esfera de governo, pesquisadoras e pesquisadores e pessoas interessadas na temática.;Módulo 1 - Por que é importante monitorar e avaliar as políticas públicas?Módulo 2 - Como monitorar as políticas públicas de desenvolvimento urbano sustentável?Módulo 3 - Construindo indicadores para monitoramento de desenvolvimento urbano sustentável (DUS)Módulo 4 - Arranjos institucionais, gestão de dados e dos processos de monitoramento;01/12/2023;;
1029;Instrumentos de Desenvolvimento Urbano Sustentável - Prática nas cidades brasileiras;https://www.escolavirtual.gov.br/curso/1029;Gestão Pública;Enap;Ministério das Cidades;25;30;Curso Aberto;Deseja conhecer experiências práticas de desenvolvimento urbano sustentável das cinco regiões do país? Neste curso, você terá contato com experiências regionais interessantes e conhecerá os fatores de sucesso e os desafios na implementação delas. Além disso, conhecerá alternativas para promover o desenvolvimento urbano sustentável e poderá refletir como cada prática pode contribuir para a sua localidade. Faça sua inscrição!;Agentes públicos de qualquer esfera de governo, pesquisadoras e pesquisadores e pessoas interessadas na temática;Módulo 1 - Região Norte: A experiência do programe social e ambiental dos igarapés de Manaus (PROSAMIN)Módulo 2 - Região Nordeste: A atuação da Secretaria de Planejamento Urbano (2017 - 2020) no município de Conde, ParaíbaMódulo 3 - Região Centro-Oeste: Caracterização dos territórios urbanos e das necessidades habitacionais em Mato GrossoMódulo 4 - Região Sudeste: A atuação da Defensoria Pública de São Paulo na defesa do bem-estar e da qualidade socioambiental em territóriso vulneráveisMódulo 5 - Região Sul: Plano de gestão do patrimônio tombado no município de Antonina, Paraná;01/12/2023;;
1378;Integridade, gestão de riscos e controle em empresas estatais;https://www.escolavirtual.gov.br/curso/1378;Gestão Pública;Enap;Secretaria de Coordenação e Governança das Empresas Estatais (SEST);30;30;Curso Aberto;Neste curso, você irá desenvolver a compreensão da governança, integridade, gestão de riscos e controle organizacional no contexto das empresas estatais, para promoção de práticas alinhadas à legislação vigente, à entrega de valor público e ao fortalecimento da cultura de integridade, com foco na estruturação de controles internos e na atuação dos órgãos de controle interno e externo.;Conselheiros de Administração e interessados em atuar como administradores, bem como membros de outros órgãos estatutários de empresa estatal, além de servidores públicos cujas atividades exercidas tenham interação com essas companhias.;Módulo 1 - Governança e IntegridadeMódulo 2 - Gestão de Riscos e Riscos de IntegridadeMódulo 3 - Funções de Integridade;31/05/2025;;
871;Introdução à Aplicação do Plano de Contratação Anual;https://www.escolavirtual.gov.br/curso/871;Gestão Pública;Enap;Enap - Escola Nacional de Administração Pública;20;30;Curso Aberto;O Plano de Contratações Anual (PCA) é uma ferramenta de governança que consolida todas as contratações que um Órgão pretende realizar no ano subsequente. O PCA possibilita ter uma visão sistêmica sobre todas as demandas de compras do Governo. Quer ver como? Faça já sua inscrição neste curso e se aprofunde mais nesta temática! Venha ser EV.G!;Áreas requisitantes, gestores, área de contratação e demais agentes públicos que atuem na etapa de planejamento das contratações. Curso aberto, qualquer pessoa pode se inscrever.;"Módulo 1: Introdução ao Planejamento de Contratações Anual;Módulo 2: Conhecendo as Etapas do PCA e seu Processo de Aplicação;Módulo 3: O Sistema de Planejamento e Gerenciamento das Contratações – SPGC.";07/11/2022;;
917;Introdução à Facilitação para Inovação e Transformação Governamental;https://www.escolavirtual.gov.br/curso/917;Gestão Pública;Enap;Enap - Escola Nacional de Administração Pública;30;30;Curso Aberto;Em um contexto de inovação, a facilitação é o trabalho de construir colaborativamente soluções para desafios públicos a partir de múltiplos olhares e diálogos. Este curso aborda aspectos introdutórios da facilitação para transformação governamental, com ênfase em técnicas para facilitação em ambiente remoto. Que tal fazer parte de um grupo de pessoas que querem aprender mais sobre este tema? Inscreva-se e comece sua jornada!;Agentes públicos e pessoas interessadas em reconhecer o valor da colaboração para inovação e transformação governamental e aplicar conceitos e técnicas fundamentais de facilitação remota a fim de planejar, preparar e conduzir processos colaborativos. Curso aberto, gratuito e com certificado, qualquer pessoa pode se inscrever.;"Módulo 1: Facilitação: o que é e sua Relevância para Inovação e Transformação Governamental;Módulo 2: Etapas e Técnicas Fundamentais da Facilitação;Módulo 3: A Facilitação na Prática.";08/11/2023;;
923;Introdução à Gestão de Riscos;https://www.escolavirtual.gov.br/curso/923;Gestão Pública;Enap;Controladoria Geral da União;40;60;Curso Aberto;Neste curso, você conhecerá os principais conceitos aplicados à Gestão de Riscos, bem como entenderá sua aplicabilidade, os benefícios, as etapas, os procedimentos e os desafios no contexto da Administração Pública. Saiba mais sobre esse assunto e inscreva-se já.;Agentes públicos de todos os poderes e esferas em exercício nos órgãos e entidades da administração pública direta e indireta.;"Módulo 1: Governança e Gestão;Módulo 2: Benefícios da gestão de riscos;Módulo 3: Etapas da gestão de riscos;Módulo 4: Identificação de riscos;Módulo 5: Cálculo do nível de risco;Módulo 6: Resposta ao risco;Módulo 7: Monitoramento e comunicação;Módulo 8: Maturidade e indicadores;Módulo 9: Abordagem integrada;Módulo 10: Desafios.";14/03/2023;;
347;Introdução à Gestão e Apuração da Ética Pública;https://www.escolavirtual.gov.br/curso/347;Gestão Pública;Enap;Presidência da República;24;30;Curso Aberto;Você sabe como funcionam as comissões de ética? Este curso tem a finalidade de esclarecer os principais pontos da estrutura do Sistema de Gestão da Ética do Poder Executivo federal, dos procedimentos do rito processual ético e a da gestão das atividades das comissões. Quer saber mais? Inscreva-se.;Servidores que tenham vínculo com as Comissões de Ética na esfera da Administração Pública federal ou que desejem integrá-las. Curso aberto, gratuito e com certificado, qualquer pessoa pode se inscrever.;Módulo I - Estrutura das Comissões de Ética.Módulo II - Caractéristicas da Comissão de Ética Pública (CEP).Módulo III - Formalidades do Processo de Apuração ÉticaMódulo IV: Fases do Procedimento de Apuração Ética;23/10/2020;;
1346;Introdução à Governança das Empresas Estatais;https://www.escolavirtual.gov.br/curso/1346;Gestão Pública;Enap;Secretaria de Coordenação e Governança das Empresas Estatais (SEST);10;30;Curso Aberto;Este curso oferece uma compreensão ampla sobre empresas e propriedades estatais, abordando seu arcabouço legal, governança e impacto no desenvolvimento econômico, social e ambiental do Brasil. De forma clara e prática, discutiremos como a governança pública pode garantir uma gestão alinhada aos objetivos dessas organizações e exploraremos novas perspectivas sobre seu papel estratégico nas economias modernas.;Conselheiros de Administração e outros interessados em atuar como administradores nas empresas estatais, bem como servidores públicos que atuam na interação com as empresas estatais.;Módulo 1 - Conceito de Empresa e Propriedade EstatalMódulo 2 - O sistema de governança corporativa nas empresas estatais brasileirasMódulo 3 - Arcabouço legalMódulo 4 - Empresas estatais orientadas por missões;25/03/2025;;
146;Introdução ao Gerenciamento de Projetos;https://moodle.ebserh.gov.br/course/view.php?id=146;Gestão Pública;3EC ;EBSERH;8;0;Curso Aberto;O objetivo é proporcionar uma compreensão básica sobre os conceitos, processos e práticas essenciais para o gerenciamento eficaz de projetos e desenvolver habilidades para planejar, executar e monitorar projetos com eficiência dentro do contexto hospitalar.;Aberto para todos os públicos;O curo inclui: Introduçãpo ao gerenciamento de Projetos e seus conceitos iniciais, processos de planejamento e elaboração de documentos, gestão de equipes no gerenciamento de projetos e o controle, monitoramento e encerramento de processos.;;;
277;Introduction to competency-based management;https://www.escolavirtual.gov.br/curso/277;Gestão Pública;Enap;Secretaria Especial da Receita Federal do Brasil;40;60;Curso Aberto;What do you know about Competency-Based Management? From the Brazilian experience, understand how the Competency-Based Management model can contribute to improve public service, helping the organization to achieve its strategic objectives. Click here for a short tutorial that aims to facilitate access to the course for non-Portuguese speaking users. This course is also available in portuguese version.;Preferably, civil servants who work in the public administration of BRICS member countries. However, the course is open to all and anyone interested in the subject can enroll.;Module 1 - Personnel Management, Concepts, Definitions and TypesModule 2 - Systemic Process, Description of Competency and Case StudyModule 3 - Competency-based Management, Strategic Routes and Perspectives;18/03/2020;;
494;Metodologia de Gestão de Processos da Rede Ebserh;https://moodle.ebserh.gov.br/course/view.php?id=494;Gestão Pública;3EC ;EBSERH;20;0;Curso Aberto; O Ciclo BPM (Business Process Management) ou Ciclo de Gestão por Processos da Rede Ebserh. Esse ciclo contempla 4 (quatro) etapas e suas respectivas atividades associadas, com o objetivo de orientar a Rede para atuação padronizada, no que tange os esforços na gestão e melhoria contínua dos processos de negócio no âmbito da Rede Ebserh. ;Todos os profissionais da Rede Ebserh.; O Ciclo BPM (Business Process Management) ou Ciclo de Gestão por Processos da Rede Ebserh. Esse ciclo contempla 4 (quatro) etapas e suas respectivas atividades associadas, com o objetivo de orientar a Rede para atuação padronizada, no que tange os esforços na gestão e melhoria contínua dos processos de negócio no âmbito da Rede Ebserh. ;;;
664;Métodos e Ferramentas para Inovação em Políticas Públicas;https://www.escolavirtual.gov.br/curso/664;Gestão Pública;Enap;Enap - Escola Nacional de Administração Pública;25;30;Curso Aberto;Que tal conhecer mais sobre métodos, ferramentas e abordagens práticas para a inovação em políticas públicas? Este curso proporciona isso e muito mais! Desenvolvido em parceria com o Laboratório de Inovação em Governo da Enap, o GNova Lab, originou-se do “Inovaflix”, uma série de lives com o objetivo de debater temas relevantes sobre inovação no serviço público. Faça já a sua inscrição e venha aprender com a gente!;Agentes públicos e pessoas interessadas em utilizar métodos e ferramentas para promover a inovação no setor público. Curso aberto, gratuito e com certificado, qualquer pessoa pode se inscrever.;"Módulo 1: Linguagem Simples Aplicada ao Serviço Público;Módulo 2: Ciências Comportamentais;Módulo 3: Ciência de Dados aplicada às Políticas Públicas;Módulo 4: Design de Serviços;Módulo 5: Etnografias.";08/12/2022;;
662;Modelo de Governança e Gestão – Gestaopublicagov.br: Visão Geral e Sistema;https://www.escolavirtual.gov.br/curso/662;Gestão Pública;Enap;Secretaria de Gestão e Inovação (SEGES/MGI);20;20;Curso Aberto;Mergulhe no universo do Gestaopublicagov.br e conheça as bases conceituais do Modelo de Governança e Gestão Pública. Aprenda como aplicar o Instrumento de Maturidade de Governança e Gestão (IMGG) para otimizar a gestão pública. Se você busca compreender a gestão pública de forma prática e conceitual, este curso é para você. Inscreva-se!;Agentes envolvidos direta e indiretamente no processo de transferências da União. Curso aberto, gratuito e com certificado, qualquer pessoa pode se inscrever.?;"Módulo 1: Introdução ao Modelo de Governança e Gestão Pública – Gestaopublicagov.br;Módulo 2: Conceitos Teóricos do Modelo de Governança e Gestão Pública;Módulo 3: Implementação do Modelo na Prática;Módulo 4: Avaliação dos Critérios;Módulo 5: Planos de Melhoria da Governança e da Gestão – PMGGs;Módulo 6: Os Requisitos, as Práticas Destacadas e o Envio do Instrumento para Validação.";13/08/2024;;
345;Monitoramento da biodiversidade: gestão, análise e síntese dos dados;https://www.escolavirtual.gov.br/curso/345;Gestão Pública;Enap;Instituto Chico Mendes de Conservação da Biodiversidade;49;60;Curso Aberto;O monitoramento da biodiversidade é fundamental para avaliar as ações de conservação dos ecossistemas e criar estratégias para reduzir o impacto de mudanças climáticas e demais fatores externos. Neste curso, aprenda as noções básicas sobre gestão, análise e síntese de dados no âmbito do Programa Nacional de Monitoramento da Biodiversidade. É recomendável que os participantes tenham noções de estatística básica.;Servidores, monitores, colaboradores e parceiros do Programa Monitora. Curso aberto, gratuito e com certificado, qualquer pessoa pode se inscrever.;"&nbsp;Módulo 1 – A gestão de dados no âmbito do Programa Monitora&nbsp;&nbsp;Módulo 2 – Curadoria e validação de dados no âmbito do Programa Monitora&nbsp;&nbsp;Módulo 3 – Noções de estatística no âmbito do Programa Monitora I&nbsp;Módulo 4 – Noções de estatística no âmbito do Programa Monitora II&nbsp;Módulo 5 – Noções de estatística no âmbito do Programa Monitora III&nbsp;Módulo 6 – Noções sobre modelagem ecológica no âmbito do Programa Monitora&nbsp;Módulo 7 – Noções de comunicação dos resultados no âmbito do Programa Monitora";13/11/2020;;
617;Monitoramento e Avaliação de Políticas Públicas de Educação Ambiental;https://www.escolavirtual.gov.br/curso/617;Gestão Pública;Enap;Ministério do Meio Ambiente e Mudança do Clima;20;30;Curso Aberto;Quer avaliar e monitorar políticas públicas de Educação Ambiental? Neste curso, você aprende conceitos básicos, fases e características dessas políticas, além de usar o Sistema MonitoraEA. Transforme a EA com avaliação e monitoramento! Faça parte dessa mudança!;Gestores públicos, técnicos, educadores ambientais, pesquisadores, representantes da sociedade civil, redes e movimentos socioambientais. Curso aberto, gratuito e com certificado. Qualquer pessoa pode se inscrever.;"Módulo 1: Políticas Públicas de Educação Ambiental;Módulo 2: Monitoramento e Avaliação de Políticas Públicas de Educação Ambiental;Módulo 3: Dimensões e Indicadores do Sistema MonitoraEA;Módulo 4: Ferramentas Tecnológicas do Sistema MonitoraEA.";31/05/2025;;
346;Mudança do Clima e Gestão de Risco Climático: Conceitos Fundamentais;https://www.escolavirtual.gov.br/curso/346;Gestão Pública;Enap;Ministério dos Transportes;24;30;Curso Aberto;Você sabe qual é o compromisso mundial assumido no Acordo de Paris? Este curso explora conceitos sobre aquecimento global, variabilidade climática, adaptação e riscos climáticos, além de apresentar um olhar sobre as negociações governamentais sobre o Clima e o Acordo de Paris. Assim, será mais fácil compreender as informações, cenários, modelos e tendências metodológicas sobre a Mudança do Clima.;Agentes públicos que atuem na temática de meio ambiente e sustentabilidade ambiental. No entanto, é um curso aberto a todos os interessados e qualquer pessoa pode se inscrever.;Módulo 1 - A mudança do clima, compromissos internacionais e políticas nacionaisMódulo 2 - Introdução aos conceitos relativos à gestão do risco associado à Mudança do ClimaMódulo 3 - Panorama de ferramentas de avaliação de risco climático e papel dos serviços climáticos.;16/10/2020;;
209;Normas Internacionais de Auditoria Financeira – NIA;https://www.escolavirtual.gov.br/curso/209;Gestão Pública;Enap;Controladoria Geral da União;40;60;Curso Aberto;O conhecimento das normas internacionais de auditoria financeira permite que os auditores ofereçam aos usuários e à sociedade produtos de qualidade elevada, que agregam valor à gestão pública e privada. O curso baseia-se nas Normas Internacionais de Auditoria, internalizadas pelo Conselho Federal de Contabilidade, por intermédio das Normas Brasileiras de Contabilidade - Técnicas de Auditoria.;Auditores da Controladoria-Geral da União (CGU) e das Controladorias dos Estados (CGE), dos Tribunais de Contas da União (TCU), dos Estados (TCE), do Distrito Federal (TCDF) e dos Municípios (TCM), e auditores que atuam em entidades privadas, além de servir de importante material de estudo para acadêmicos e demais pessoas interessadas. Curso aberto, gratuito e com certificado, qualquer pessoa pode se inscrever.;Módulo 1: Princípios Gerais e ResponsabilidadesMódulo 2: Avaliação de Riscos e Respostas aos Riscos AvaliadosMódulo 3: Evidência de AuditoriaMódulo 4: Utilização do Trabalho de TerceirosMódulo 5: Formação da Opinião e Emissão de RelatórioMódulo 6: Considerações sobre Trabalhos Especiais;31/01/2020;;
1080;Notificação de prestação de contas: análise, providências e consequências;https://www.escolavirtual.gov.br/curso/1080;Gestão Pública;Enap;Fundo Nacional de Desenvolvimento da Educação;15;30;Curso Aberto;Notificar significa informar ou comunicar alguém sobre um acontecimento ou uma decisão importante. É obrigação do FNDE comunicar à entidade e aos responsáveis sobre eventuais pendências no cumprimento da obrigação de prestar contas ou sobre irregularidades ou falhas identificadas nas análises das prestações de contas. Quer saber mais? Inscreva-se!;Gestores e técnicos responsáveis pela prestação de contas de recursos transferidos pelo FNDE. Servidores públicos de qualquer esfera e Poder, bem como cidadãos em geral, estão autorizados a realizar o curso;Módulo 1: Notificação de prestação de contas: conceito e tipos. Módulo 2: Modelos de notificação enviadas ao gestorMódulo 3: Modelos de notificação enviadas ao gestor Módulo 4: Prorrogação de prazoMódulo 5: Consequências de omissão de prestação de contas ou de prestação de contas de forma irregularMódulo 6: Tomada de Contas Especial;19/01/2024;;
1332;O Papel dos Conselhos de Administração das Empresas Estatais;https://www.escolavirtual.gov.br/curso/1332;Gestão Pública;Enap;Secretaria de Coordenação e Governança das Empresas Estatais (SEST);20;30;Curso Aberto;O curso tem como finalidade apresentar a missão, competências, deveres, responsabilidades, funcionamento, remuneração, capacitação e defesa judicial e administrativa do Conselho de Administração, dentre outros. Trata também do relacionamento com outros órgãos societários da empresa estatal, além de descrever as estruturas de apoio ao colegiado.;Conselheiros de Administração e interessados em atuar como administradores, bem como membros de outros órgãos estatutários de empresa estatal, além de servidores públicos cujas atividades exercidas tenham interação com essas companhias.;Módulo 1 - Fundamentos Gerais do Conselho de Administração.Módulo 2 - Apoio e Funcionamento do Colegiado.Módulo 3 - Comitês de Assessoramento ao Conselho de Administração.;30/01/2025;;
1379;Orçamento das Empresas Estatais;https://www.escolavirtual.gov.br/curso/1379;Gestão Pública;Enap;Secretaria de Coordenação e Governança das Empresas Estatais (SEST);10;30;Curso Aberto;Este curso tem como objetivo geral qualificar a atuação dos Conselheiros de Administração das Empresas Estatais a partir do domínio de conceitos básicos de gestão orçamentária e financeira das empresas. Com carga horária prevista de 10h, aborda temas centrais em Gestão Pública e Orçamento e Finanças, tocando também em Políticas Públicas e Regulação.;Conselheiros de Administração das Empresas Estatais ou futuros conselheiros. Servidores Públicos com funções relacionadas às empresas estatais (SEST, Ministérios Setoriais) e Empregados Públicos.;Módulo 1 - Conceitos orçamentários e legislação aplicadaMódulo 2 - Ciclo orçamentárioMódulo 3 - Indicadores orçamentários;16/05/2025;;
877;Parcerias Público-Privadas e Concessões;https://www.escolavirtual.gov.br/curso/877;Gestão Pública;Enap;CAIXA;30;30;Curso Aberto;Conheça todo o processo de planejamento, elaboração e contratação de Parcerias Público-Privadas (PPP) e Concessões. Aprenda desde a identificação de oportunidades e prospecção até a licitação e contratação com o setor privado.;Agentes públicos estaduais, distritais e municipais.;Módulo 1: Prospecção e Estudos PreliminaresMódulo 2: Estruturação e AprovaçãoMódulo 3: Validação ExternaMódulo 4: Licitação e Contratação;28/09/2022;;
1184;PDCA Aplicado à Educação Básica;https://www.escolavirtual.gov.br/curso/1184;Gestão Pública;Enap;Instituto Unibanco;25;30;Curso Aberto;Descubra como transformar a gestão escolar com o curso PDCA Aplicado à Educação Básica! Neste curso, você irá aprender como a metodologia PDCA, composta pelas etapas planejar, executar, verificar e agir, pode ajudar a enfrentar os desafios da gestão escolar e educacional. Inscreva-se e aprimore a gestão em que atua, promovendo melhorias contínuas em prol da aprendizagem dos estudantes.;Gestores educacionais (diretores escolares, coordenadores pedagógicos, gestores de secretarias de educação ou regionais de educação). Curso aberto, gratuito e com certificado, qualquer pessoa pode se inscrever.;Módulo 1: Introdução ao PDCA: um método para a melhoria contínua da gestão educacionalMódulo 2: Por onde começar? Planejando para mirar o futuroMódulo 3: Transformando planos em açãoMódulo 4: Verificando o processo: a importância das lições aprendidasMódulo 5: Agir para aprimorar o processoMódulo 6: Exemplos práticos de PDCA aplicado à educação básica;23/07/2024;;
1389;PDI NS - Eixo 4 - Organização da Administração Pública Federal;https://www.escolavirtual.gov.br/curso/1389;Gestão Pública;Enap;Fundação Escola Nacional de Administração Pública;50;3650;Curso Aberto;Organização da Administração Pública Federal;Servidores federais em estágio probatório;Organização da Administração Pública Federal;04/06/2025;;
237;Plano Museológico: Planejamento estratégico para museus;https://www.escolavirtual.gov.br/curso/237;Gestão Pública;Enap;Instituto Brasileiro de Museus - IBRAM;40;60;Curso Aberto;A elaboração e implementação do plano museológico é dever de todos os museus, sendo uma exigência legal instituída pela Lei nº 11.904/09 e pelo Decreto nº 8.124/2013. O plano constitui uma ferramenta de planejamento estratégico orientado especificamente para os museus. Portanto, ele atende as especificidades das atividades que envolvem a sua gestão. O objetivo do curso é fornecer os subsídios para elaboração deste plano, apresentando conceitos de planejamento, gestão, diagnóstico, objetivos, elaboração de programas e projetos.;Profissionais que já atuam ou que queiram atuar em museus.;Importância do Planejamento estratégico, conceitos, legislação. Etapas do Planejamento: planejamento, diagnóstico, objetivos.Elaboração de 12 programas temáticos, conforme Decreto nº 8.124/13. Elaboração de projetos.;01/08/2019;;
1157;Políticas Públicas e Governança para a Primeira Infância;https://www.escolavirtual.gov.br/curso/1157;Gestão Pública;Enap;Instituto de Arquitetos do Brasil - IAB;45;30;Curso Aberto;No âmbito da iniciativa Urban95, o curso tem como objetivo capacitar gestores e servidores das prefeituras municipais para incorporar o tema da Primeira Infância na gestão pública, ampliar a escala, integrar e institucionalizar as políticas públicas voltadas para a Primeira Infância. Quer saber mais? Inscreva-se!;Agentes públicos, profissionais do terceiro setor, estudantes e demais interessados em pautas da primeira infância. Curso aberto, qualquer pessoa pode se inscrever.;Módulo 1: A Primeira Infância na Gestão PúblicaMódulo 2: Plano Municipal pela Primeira InfânciaMódulo 3: Tomada de Decisões com Base em EvidênciasMódulo 4: Monitoramento de Políticas PúblicasMódulo 5: Participação Infantil e Engajamento ComunitárioMódulo 6: Comunicação sobre as Primeiras InfânciasMódulo 7: Escala, Integração e Institucionalização das Políticas Públicas de Primeira Infância;04/02/2025;;
124;Políticas Públicas e Governo Local;https://www.escolavirtual.gov.br/curso/124;Gestão Pública;Enap;Instituto Brasileiro de Administração Municipal - IBAM;40;60;Curso Aberto;Desde a Constituição Federal de 1988, o papel dos municípios como parceiros do governo federal na implementação de políticas públicas tem se fortalecido. Apesar disso, a dinâmica da agenda de políticas públicas impõe novos marcos legais e instrumentos de planejamento que exigem constante atualização por todos os entes. Pensando nisso, este curso centra as atenções na cooperação com governos locais, refletindo o papel destes na diversificada agenda de políticas públicas e oferecendo espaço de aprendizagem para manutenção dos vínculos federativos e cooperação entre os diversos níveis de governo.;Pessoas envolvidas no ciclo de políticas públicas de todos os níveis federativos. Curso aberto, gratuito e com certificado, qualquer pessoa pode se inscrever.;Módulo 1: O Município na Federação brasileiraMódulo 2: Planejamento MunicipalMódulo 3: Desenvolvimento Local e SustentabilidadeMódulo 4 :Políticas Públicas e Participação;01/02/2019;;
911;Políticas Públicas e Programas para Migrantes;https://www.escolavirtual.gov.br/curso/911;Gestão Pública;Enap;Organização Internacional para as Migrações - OIM;40;60;Curso Aberto;Neste curso, você compreenderá os aspectos relevantes para o desenvolvimento de políticas públicas locais no âmbito migratório. Além disso, conhecerá o histórico, os conceitos e os direitos aplicados às migrações e entenderá também como desenvolver programas para migrantes com ênfase na construção de capacidades técnicas e de liderança. O curso é uma parceria entre a Organização Internacional para as Migrações (OIM), o Ministério da Justiça e Segurança Pública (MJSP) e o Centro de Liderança Pública (CLP).;Gestores e agentes públicos que trabalham com políticas públicas e programas de atendimento aos migrantes no Brasil.;"Módulo 1: Aspectos introdutórios;Módulo 2: Políticas migratórias;Módulo 3: Solucionando problemas complexos;Módulo 4: Gestão pública;Módulo 5: Orçamento e estruturação de centros de atenção;Módulo 6: Liderança.";09/01/2023;;
1077;Prestação de contas, transparência e controle social no âmbito do FNDE;https://www.escolavirtual.gov.br/curso/1077;Gestão Pública;Enap;Fundo Nacional de Desenvolvimento da Educação;15;30;Curso Aberto;O FNDE é responsável pelo financiamento e pela execução das políticas educacionais que, podem ser materializadas em programas e projetos educacionais criados a partir de leis, decretos e portarias. No âmbito da Autarquia, são expedidas as resoluções que regulamentam os critérios e as instruções necessárias à sua execução e à forma de prestar contas dos recursos. Quer saber mais? Inscreva-se!;Gestores e técnicos responsáveis pela prestação de contas de recursos transferidos pelo FNDE. Servidores públicos de qualquer esfera e Poder, bem como cidadãos em geral, estão autorizados a realizar o curso.;Módulo 1: O papel do FNDE no financiamento e na execução de programas e projetos educacionaisMódulo 2: Transferências de recursos: legais e discricionáriasMódulo 3: Origem e conceitos da prestação de contasMódulo 4: Legislação: a obrigação de prestar contas dos recursos públicosMódulo 5: Prestação de contas, transparência e controle socialMódulo 6: A prestação de contas no âmbito do FNDE;19/01/2024;;
217;Prevenção à lavagem de dinheiro e ao financiamento do terrorismo;https://www.escolavirtual.gov.br/curso/217;Gestão Pública;Enap;Conselho de Controle de Atividades Financeiras - CCAF;20;30;Curso Aberto;"Você sabia que o dinheiro ""lavado"" esconde a sua origem criminosa? As práticas associadas à lavagem de dinheiro movimentam bilhões de dólares anualmente. Por essa razão, é importante entender o processo de lavagem e os sinais de alerta para detecção precoce desse crime. Se você quer conhecer mais sobre o tema, não perca tempo, faça sua inscrição no curso!";Pessoas que estejam obrigadas a implementar mecanismos de controle para prevenção à lavagem de dinheiro e ao financiamento do terrorismo, em decorrência do disposto na Lei nº 9.613, de 3 de março de 1998. Curso aberto, gratuito e com certificado, qualquer pessoa pode se inscrever.;1. Conhecendo o tema PLD/FT. 2. A evolução histórica do tema PLD/FT. 3. O sistema brasileiro de PLD/FT. 4. As pessoas obrigadas e o que se espera delas.;12/03/2019;;
1159;Programas e Serviços para a Primeira Infância na Administração Pública;https://www.escolavirtual.gov.br/curso/1159;Gestão Pública;Enap;Instituto de Arquitetos do Brasil - IAB;45;30;Curso Aberto;No âmbito da iniciativa Urban95, o curso visa apoiar os gestores e equipes técnicas municipais a pensar programas voltados para a Primeira Infância, especialmente nas políticas que atuam nos espaços públicos das cidades ou que tenham algum tipo de atuação no território. Quer saber mais? Inscreva-se.;Agentes públicos, profissionais do terceiro setor, estudantes e demais interessados em pautas da primeira infância. Curso aberto, qualquer pessoa pode se inscrever.;Módulo 1 – A Primeira Infância na Gestão PúblicaMódulo 2 – Primeira infância AntirracistaMódulo 3 – EducaçãoMódulo 4 – SaúdeMódulo 5 – Assistência SocialMódulo 6 – Intersetorialidade;04/02/2025;;
290;Proteção de Dados Pessoais no Setor Público;https://www.escolavirtual.gov.br/curso/290;Gestão Pública;Enap;Ministério da Fazenda;15;30;Curso Aberto;Que tal saber mais sobre a Lei Geral de Proteção de Dados (LGDP) e sua aplicabilidade? Você aprenderá conhecimentos importantes sobre os processos e as medidas de segurança para tratar e proteger dados pessoais no setor público. O curso propõe esclarecer aos participantes os diversos pontos apresentados na lei. Fique por dentro desse assunto!;Servidores públicos de qualquer esfera e poder (especialmente aqueles que atuam em instituições participantes da Rede Gov.Br) e qualquer pessoa interessada. Curso Aberto.; Módulo 1 - O Tratamento de Dados Pessoais no Setor PúblicoMódulo 2 - O Ciclo de Vida dos Dados Pessoais Módulo 3 - Medidas de Segurança no Tratamento dos Dados Pessoais Módulo 4 - Relatório de Impacto à Proteção de Dados Pessoais ;18/03/2020;;
777;Proteção e Defesa Civil: Gestão de Risco - Curso 3;https://www.escolavirtual.gov.br/curso/777;Gestão Pública;Enap;Ministério da Integração e Desenvolvimento Regional;30;30;Curso Aberto;"O curso foi desenvolvido com o intuito de apresentar etapas da Gestão de Riscos de Desastres (GRD), sendo que a GRD ocorre principalmente no período de normalidade, ou seja, quando ainda não há a ocorrência de um desastre; englobando as ações de prevenção, mitigação e preparação.";"Destina-se a agentes de proteção e defesa civil dos estados e municípios; e a sociedade civil e interessados na temática de gestão de risco e de desastre. Servidores públicos de qualquer esfera e Poder bem como cidadãos em geral estão autorizados a realizar o curso.";"Módulo 1: Introdução à Gestão de Riscos de Desastres;Módulo 2: Avaliação de risco;Módulo 3: Ações de prevenção, mitigação e preparação;Módulo 4: Comunicação de riscos.";14/04/2022;;
505;Proteção e Defesa Civil: introdução à Política Nacional - Curso 1;https://www.escolavirtual.gov.br/curso/505;Gestão Pública;Enap;Ministério da Integração e Desenvolvimento Regional;30;30;Curso Aberto;A formação Proteção e Defesa Civil: introdução à Política Nacional?- Curso 1 foi desenvolvida em 2021 pelo Ceped (Centro de Estudos e Pesquisas em Engenharia e Defesa Civil) em parceria com a Sedec (Secretaria Nacional de Proteção e Defesa Civil). Faz parte da Capacitação em Proteção e Defesa Civil. O curso foi desenvolvido com o intuito de apresentar a temática Proteção e Defesa Civil, com ênfase na Política Nacional, nos seus principais conceitos e no contexto que a envolve.;"Agentes de proteção e defesa civil dos estados e municípios; a sociedade civil e interessados na temática de gestão de risco e de desastres. Curso aberto, gratuito e com certificado, qualquer pessoa pode se inscrever.";Módulo 1: A Proteção e Defesa Civil no BrasilMódulo 2: Conceitos PreliminaresMódulo 3: Contexto dos Desastres;05/04/2021;;
1356;Resíduos Sólidos;https://www.escolavirtual.gov.br/curso/1356;Gestão Pública;Enap;Agência Nacional de Águas e Saneamento Básico;20;30;Curso Aberto;Neste curso, você aprenderá sobre redução, reutilização, coleta seletiva e reciclagem. Exploraremos a integração dos catadores, os incentivos à organização e à indústria da reciclagem, além da recuperação de lixões, transformando o passado e construindo um futuro sustentável.;Agentes públicos que desejam entender experiências e desafios da gestão de resíduos sólidos. Curso aberto, gratuito e com certificado. Qualquer pessoa pode se inscrever.;Módulo 1: Resíduos Sólidos – Lixão e aterrosMódulo 2: Resíduos Sólidos – Coleta Seletiva;08/04/2025;;
507;Rotulagem Ambiental Tipo I: Sustentabilidade e Competitividade para Produtos e Serviços Brasileiros;https://www.escolavirtual.gov.br/curso/507;Gestão Pública;Enap;Ministério da Fazenda;30;30;Curso Aberto;O curso apresenta a rotulagem ambiental, destacando seus tipos e programas, as vantagens sócio-econômico-ambientais e as oportunidades de negócios envolvidos.;Agentes econômicos da indústria e comércio. Curso aberto, gratuito e com certificado, qualquer pessoa pode se inscrever.;Módulo 1 – Contextualização da Rotulagem Ambiental Tipo IMódulo 2 – A Rotulagem Ambiental Tipo IMódulo 3 – Estudos de CasosMódulo 4 – Estratégia para a Rotulagem Ambiental Tipo I de Produtos e de Serviços no Brasil;18/05/2021;;
284;S2ID - M0 - Todos - Acesso ao Sistema;https://www.escolavirtual.gov.br/curso/284;Gestão Pública;Enap;Ministério da Integração e Desenvolvimento Regional;20;30;Curso Aberto;O Sistema Integrado de Informações sobre Desastres - S2ID integra diversos produtos da Secretaria Nacional de Proteção e Defesa Civil - SEDEC, com o objetivo de qualificar e dar transparência à gestão de riscos e desastres no Brasil, por meio da informatização de processos e disponibilização de informações sistematizadas dessa gestão. Este curso é uma introdução ao sistema onde são apresentadas as ferramentas disponíveis e os procedimentos para o cadastro do usuário.;Agentes de proteção e defesa civil e qualquer pessoa interessada. Curso aberto.;Unidade 1: Consultas ao Sistema Unidade 2: Utilização do Sistema;28/02/2020;;
303;S2ID - M1 - Usuário Estadual - Registro e Reconhecimento;https://www.escolavirtual.gov.br/curso/303;Gestão Pública;Enap;Ministério da Integração e Desenvolvimento Regional;50;60;Curso Aberto;Neste curso você entenderá como realizar o registro de desastres ocorridos no país no S2ID, como solicitar apoio do Governo Federal por meio do reconhecimento federal, como analisar as solicitações de homologação estadual e como acompanhar os seus processos.;Agentes de proteção e defesa civil e qualquer pessoa interessada. Curso aberto.;Unidade 1: Novo registroUnidade 2: Solicitação de reconhecimento federal de SE/ECPUnidade 3: Acompanhamento do processo de reconhecimentoUnidade 4: Análise das solicitações de homologação;04/05/2020;;
601;S2ID - M1 - Usuário Federal - Registro e Reconhecimento;https://www.escolavirtual.gov.br/curso/601;Gestão Pública;Enap;Ministério da Integração e Desenvolvimento Regional;50;60;Curso Aberto;O curso faz parte do Módulo 1 da Capacitação para utilização do Sistema Integrado de Informações sobre Desastres - S2ID. Nele você irá conhecer como utilizar o S2ID para cumprir as funções relacionadas à análise das solicitações de reconhecimento federal de situação de emergência ou estado de calamidade pública (SE/ECP) realizadas pelo município, estado ou Distrito Federal, tendo em vista as atribuições e competências do analista, coordenador e diretor.;Usuários do S2ID, especificamente da esfera federal. Curso aberto, gratuito e com certificado, qualquer pessoa pode se inscrever.;"Acesso ao Processo de Reconhecimento Federal;Análise da Solicitação;Solicitação de Ajustes ao Ente;Relatórios e Finalização do Processo.";17/08/2021;;
286;S2ID - M1 - Usuário Municipal - Registro e Reconhecimento;https://www.escolavirtual.gov.br/curso/286;Gestão Pública;Enap;Ministério da Integração e Desenvolvimento Regional;40;60;Curso Aberto;O Sistema Integrado de Informações sobre Desastres - S2ID integra diversos produtos da Secretaria Nacional de Proteção e Defesa Civil - SEDEC, com o objetivo de qualificar e dar transparência à gestão de riscos e desastres no Brasil, por meio da informatização de processos e disponibilização de informações sistematizadas dessa gestão. Neste curso você entenderá como realizar o registro de desastres ocorridos no País e como solicitar apoio do Governo Federal, por meio do reconhecimento federal, ou do estado, por meio da homologação estadual.;Agentes de proteção e defesa civil e qualquer pessoa interessada. Curso aberto.;Unidade 1: Novo registroUnidade 2: Solicitação de reconhecimento federal de SE/ECPUnidade 3: Acompanhamento do processo de reconhecimento;12/03/2020;;
389;S2ID - M2 - Usuário Estadual - Solicitação de Recursos para Ações de Resposta;https://www.escolavirtual.gov.br/curso/389;Gestão Pública;Enap;Ministério da Integração e Desenvolvimento Regional;40;60;Curso Aberto;O curso M2 - Solicitação de Recursos para Ações de Resposta -?faz parte do Módulo 2 da Capacitação para utilização do Sistema Integrado de Informações sobre Desastres - S2ID.?Neste curso você vai conhecer as etapas de preenchimento da solicitação de recursos para as ações de assistência e restabelecimento e suas especificidades.;Usuários do S2ID, especificamente da esfera estadual. Curso aberto, gratuito e com certificado, qualquer pessoa pode se inscrever.;Introdução ao tema.Solicitação de Recursos para Ações de RespostaAcompanhamento da Solicitação de Recursos para Ações de RespostaFinalização da Etapa de Solicitação de Recursos;26/02/2021;;
767;S2ID - M2 - Usuário Federal - Liberação de Recursos para Ações de Resposta;https://www.escolavirtual.gov.br/curso/767;Gestão Pública;Enap;Ministério da Integração e Desenvolvimento Regional;50;60;Curso Aberto;Neste curso você vai aprender a utilizar o S2ID para cumprir as funções relacionadas à formalização da liberação de recursos para ações de reposta às situações de emergência ou de estado de calamidade pública (SE/ECP) de acordo com as atribuições e competências dos analistas, coordenadores, coordenadores-gerais e diretores em cada departamento e coordenação.;Usuários do S2ID, especificamente da esfera federal. Curso aberto, gratuito e com certificado, qualquer pessoa pode se inscrever.;Unidade 1 – IntroduçãoUnidade 2 – Acessar o Painel de ControleUnidade 3 – Aba “Tramitações”Unidade 4 – Aba “Detalhes do Processo”Unidade 5 – Aba “Análise de Metas”Unidade 6 – Formalização da Solicitação de Recursos para Ações de RespostaUnidade 7 – Recurso TransferidoUnidade 8 – Relatórios;07/03/2022;;
755;S2ID - M2 - Usuário Federal - Prestação de Contas das Ações de Resposta;https://www.escolavirtual.gov.br/curso/755;Gestão Pública;Enap;Ministério da Integração e Desenvolvimento Regional;40;60;Curso Aberto;O curso faz parte do Módulo 2 da Capacitação para utilização do Sistema Integrado de Informações sobre Desastres – S2ID. Neste curso, você deve entender como ocorre o processo de prestação de contas das ações de resposta aprovadas e executadas.;Usuários do S2ID, especificamente da esfera federal. Curso aberto, gratuito e com certificado, qualquer pessoa pode se inscrever.;Módulo 1 – IntroduçãoMódulo 2 – Acessar o Painel de ControleMódulo 3 – Prestação de ContasMódulo 4 – Tramitar o Processo;17/01/2022;;
753;S2ID - M2 - Usuário Federal - Solicitação de Recursos para Ações de Resposta;https://www.escolavirtual.gov.br/curso/753;Gestão Pública;Enap;Ministério da Integração e Desenvolvimento Regional;40;60;Curso Aberto;Neste curso, o aluno vai compreender como utilizar o S2ID para cumprir as funções relacionadas à análise de solicitações de recursos federais para ações de reposta às situações de emergência ou de estado de calamidade pública , composta por procedimentos ligados às atribuições e competências dos perfis de Analista, Coordenador, Coordenador-geral e Diretor.;Usuários do S2ID, especificamente da esfera federal. Curso aberto, gratuito e com certificado, qualquer pessoa pode se inscrever. Curso aberto, qualquer pessoa pode se increver.;Módulo 1 – IntroduçãoMódulo 2 – Acessar o Painel de ControleMódulo 3 – Análise da Solicitação de Recursos para Ações de AssistênciaMódulo 4 – Análise da Solicitação da Operação Carro-PipaMódulo 5 – Análise da Solicitação de Recursos para Ações de RestabelecimentoMódulo 6 – Tramitação do ProcessoMódulo 7 – Utilizar a Aba “Detalhes do Processo”Módulo 8 – Utilizar a Aba “Solicitações de Ajuste”Módulo 9 – Utilizar a Aba “Controle OCP”Módulo 10 – Acessar a “Visão municipal – Consulta”Módulo 11 – Relatórios;17/01/2022;;
549;S2ID - M2 - Usuário Municipal - Execução das Ações de Resposta;https://www.escolavirtual.gov.br/curso/549;Gestão Pública;Enap;Ministério da Integração e Desenvolvimento Regional;30;30;Curso Aberto;O curso M2 - Execução de Ações de Resposta - compõe a segunda etapa do Módulo de Resposta da Capacitação para utilização do Sistema Integrado de Informações sobre Desastres - S2ID. Nele você compreenderá como ocorre o processo de aplicação dos recursos transferidos pela Sedec para as ações de resposta (socorro, assistência e restabelecimento) ao desastre. ;Usuários do S2ID, especificamente da esfera municipal. Curso aberto, gratuito e com certificado, qualquer pessoa pode se inscrever.;Unidade 1: IntroduçãoUnidade 2: Realização dos LançamentosUnidade 3: Preenchimento do Relatório de ExecuçãoUnidade 4: Solicitação da Prorrogação do Prazo;09/07/2021;;
763;S2ID - M2 - Usuário Municipal - Prestação de Contas das Ações de Resposta;https://www.escolavirtual.gov.br/curso/763;Gestão Pública;Enap;Ministério da Integração e Desenvolvimento Regional;40;60;Curso Aberto;O curso de Contas faz parte do Módulo 2 da Capacitação para utilização do Sistema Integrado de Informações sobre Desastres – S2ID. Neste curso você vai aprender a utilizar o S2ID para saber como solicitar a revisão ou devolução integral de recursos e como realizar a prestação de contas dos recursos transferidos pela Sedec ao seu município para as ações de socorro, assistência e restabelecimento.;Usuários do S2ID, especificamente da esfera municipal. Curso aberto, gratuito e com certificado, qualquer pessoa pode se inscrever.;Módulo 1 – IntroduçãoMódulo 2 – Solicitações de ExecuçãoMódulo 3 – Solicitação da Devolução Integral do RecursoMódulo 4 – Solicitação da Revisão de RecursoMódulo 5 – Casos de Uso de Revisão em RespostaMódulo 6 – Relatórios de Prestação de Contas;07/02/2022;;
349;S2ID - M2 - Usuário Municipal - Solicitação de Recursos para Ações de Resposta;https://www.escolavirtual.gov.br/curso/349;Gestão Pública;Enap;Ministério da Integração e Desenvolvimento Regional;40;60;Curso Aberto;Este curso integra o Módulo 2 da capacitação desenvolvida para utilização do Sistema Integrado de Informações sobre Desastres - S2ID. Nele você vai conhecer as etapas de preenchimento da solicitação de recursos para as ações de assistência, restabelecimento e suas especificidades. Quer saber mais? Faça sua inscrição.;Agentes de proteção e defesa civil e qualquer pessoa interessada. Curso aberto.;Unidade 1 - IntroduçãoUnidade 2 - Solicitação de Recursos para Ações de RespostaUnidade 3 - Acompanhamento da Solicitação de Recursos para Ações de RespostaUnidade 4 - Finalização da Etapa de Solicitação de Recursos;06/11/2020;;
778;S2ID - M3 - Usuário Federal - Acompanhamento das Obras de Reconstrução;https://www.escolavirtual.gov.br/curso/778;Gestão Pública;Enap;Ministério da Integração e Desenvolvimento Regional;20;30;Curso Aberto;O curso faz parte da capacitação para utilização do Sistema Integrado de Informações sobre Desastres – S2ID. Neste curso, você vai aprender a cumprir as funções relacionadas à etapa de acompanhamento da liberação de recursos para ações de reconstrução, que é composta por procedimentos ligados ao acompanhamento do relatório de progresso e às análises da prorrogação de prazo e da liberação de parcelas.;Destina-se a usuários do S2ID, especificamente da esfera federal, servidores públicos de qualquer esfera e Poder, bem como cidadãos em geral. Curso aberto, qualquer pessoa pode se inscrever.;Unidade 1 – IntroduçãoUnidade 2 – Etapas da Fase de AcompanhamentoUnidade 3 – Acompanhamento do Relatório de ProgressoUnidade 4 – Análise de Prorrogação de PrazoUnidade 5 – Solicitação da Liberação de Parcela;04/04/2022;;
781;S2ID - M3 - Usuário Federal - Liberação de Recursos para Obras de Reconstrução;https://www.escolavirtual.gov.br/curso/781;Gestão Pública;Enap;Ministério da Integração e Desenvolvimento Regional;40;60;Curso Aberto;O curso faz parte da capacitação para utilização do Sistema Integrado de Informações sobre Desastres – S2ID.?Neste curso você vai aprender a utilizá-lo para cumprir as funções relacionadas à formalização da liberação de recursos para obras de reconstrução, a fim de auxiliar os Entes solicitantes na recuperação dos danos e prejuízos gerados pelas situações de emergência ou de estado de calamidade pública (SE/ECP).;Destina-se a usuários do S2ID, especificamente da esfera federal, servidores públicos de qualquer esfera e Poder, bem como cidadãos em geral. Curso aberto, qualquer pessoa pode se inscrever.;Unidade 1 – IntroduçãoUnidade 2 – Acesso ao Módulo de ReconstruçãoUnidade 3 – Abas Importantes – Eixo de ReconstruçãoUnidade 4 – Formalização da Solicitação de Recursos para Obras de ReconstruçãoUnidade 5 – Realizando o EmpenhoUnidade 6 – Prorrogação de Prazo pelo CGAG – Art. 11Unidade 7 – Publicando a PortariaUnidade 8 – Emitindo a Ordem BancáriaUnidade 9 – Emissão da Ordem Bancária das demais ParcelasUnidade 10 – Relatórios;31/03/2022;;
696;S2ID - M3 - Usuário Municipal - Acompanhamento das Obras de Reconstrução;https://www.escolavirtual.gov.br/curso/696;Gestão Pública;Enap;Ministério da Integração e Desenvolvimento Regional;25;30;Curso Aberto;O curso M3 – Acompanhamento das Obras de Reconstrução faz parte do Módulo 3 da Capacitação para utilização do Sistema Integrado de Informações sobre Desastres - S2ID.?Neste curso, você vai aprender como utilizar o S2ID em relação à aplicação dos recursos transferidos pela Sedec para as obras de reconstrução no seu município.;Destina-se aos usuários do S2ID, especificamente da esfera municipal. Curso aberto, gratuito e com certificado, qualquer pessoa pode se inscrever.;"Unidade 1 – Introdução;Unidade 2 – Preencher o relatório de progresso;Unidade 3 – Solicitar prorrogação de prazo;Unidade 4 – Solicitar liberação de parcela.";17/09/2021;;
783;S2ID - M4 - Todos - Plano de Contingência;https://www.escolavirtual.gov.br/curso/783;Gestão Pública;Enap;Ministério da Integração e Desenvolvimento Regional;40;60;Curso Aberto;Neste curso você vai aprender a utilizá-lo e entender como ocorre o processo de elaboração de um plano de contingência usando o sistema como ferramenta. Existem muitos modelos de Plancon e o propósito deste curso é orientar como ocorre a elaboração do plano com auxílio do S2ID, independentemente do modelo mais adequado à realidade do seu município ou localidade conforme os respectivos cenários de risco.;Destina-se a todos os usuários do S2ID, servidores públicos de qualquer esfera e Poder, bem como cidadãos em geral estão autorizados a realizar o curso. Curso aberto, qualquer pessoa pode se inscrever.;Unidade 1 – IntroduçãoUnidade 2 – Elaboração do Plano de ContingênciaUnidade 3 – Cenários de RiscoUnidade 4 – Instituições e RecursosUnidade 5 – Documento;05/04/2022;;
780;S2ID - M5 – Plantonista (todos) - Monitoramento;https://www.escolavirtual.gov.br/curso/780;Gestão Pública;Enap;Ministério da Integração e Desenvolvimento Regional;45;60;Curso Aberto;Neste curso você deve ser capaz de saber utilizar o S2ID para cumprir as funções relacionadas ao monitoramento de áreas de risco de ocorrências de situações de emergência (SE) ou de estado de calamidade pública (ECP), assim como validar registros de desastres de acordo com as atribuições e competências do plantonista.;Destina-se aos usuários federais plantonistas, servidores públicos de qualquer esfera e Poder. Curso aberto, qualquer pessoa pode se inscrever.;Unidade 1 – IntroduçãoUnidade 2 – Ações de MonitoramentoUnidade 3 – Criar MonitoramentoUnidade 4 – Finalizar um MonitoramentoUnidade 5 – Editar MonitoramentoUnidade 6 – Buscar HistóricoUnidade 7 – Gerenciar Responsáveis e InstituiçõesUnidade 8 – Boletim InformativoUnidade 9 – Passagem de ServiçoUnidade 10 – Validação de Registros;31/03/2022;;
1079;SiGPC - Contas Online: acesso, utilização e lançamentos;https://www.escolavirtual.gov.br/curso/1079;Gestão Pública;Enap;Fundo Nacional de Desenvolvimento da Educação;15;30;Curso Aberto;O FNDE é o responsável pelo financiamento de diversos programas e projetos educaionais e realiza milhares de transferências de recursos financeiros aos entes federados anualmente, resultando no recebimento de uma quantidade exorbitante de prestações de contas. O SiGPC promove a gestão do processo de prestação de contas dos recursos transferidos aos estados, ao Distrito Federal, aos municípios e às entidades privadas sem fins lucrativos. Quer saber mais? Inscreva-se!;Gestores e técnicos responsáveis pela prestação de contas de recursos transferidos pelo FNDE. Servidores públicos de qualquer esfera e Poder, bem como cidadãos em geral, estão autorizados a realizar o curso.;Módulo 1: SiGPC Contas online: o que é para que serve.Módulo 2: Acesso e utilização do SiGPC - Contas Online.Módulo 3: Como registrar despesa com folha de pagamento.Módulo 4: Como lançar retenção e encargo.Módulo 5: Como lançar prestação de contas do PBA.Módulo 6: Como lançar prestação de contas do PDDE.Módulo 7: Como lançar prestação de contas com execução descentralizada do PNAE.;19/01/2024;;
1078;SiGPC: módulo de acesso público e acompanhamento das prestações de contas;https://www.escolavirtual.gov.br/curso/1078;Gestão Pública;Enap;Fundo Nacional de Desenvolvimento da Educação;15;30;Curso Aberto;O FNDE, como financiador dos programas e projetos educacionais, recebe, anualmente, milhares de prestações de contas. Neste contexto, foi desenvolvido o Sistema de Gestão de Prestação de Contas (SiGPC – Contas Online) para o gerenciamento do processo de prestação de contas dos recursos repassados pela Autarquia. O sistema é obrigatório para o preenchimento e envio das prestações de contas dos recursos repassados pelo FNDE. Quer saber mais? Inscreva-se!;Gestores e técnicos responsáveis pela prestação de contas de recursos transferidos pelo FNDE. Servidores públicos de qualquer esfera e Poder, bem como cidadãos em geral, estão autorizados a realizar o curso.;Módulo 1: SiGPC: origem, contexto e conceitosMódulo 2: Módulo de acesso público: o que é e para que serveMódulo 3: Como utilizar o módulo de acesso públicoMódulo 4: Como acompanhar prestações de contas junto ao FNDEMódulo 6: O que encontrar nos registros on-line de prestação de contas e de parecer do conselho?;19/01/2024;;
359;Sistema de Autorização e Informação em Biodiversidade (Sisbio) - Curso básico para pesquisadores;https://www.escolavirtual.gov.br/curso/359;Gestão Pública;Enap;Instituto Chico Mendes de Conservação da Biodiversidade;20;30;Curso Aberto;O Sistema de Autorização e Informação em Biodiversidade (Sisbio) é uma importante ferramenta utilizada na gestão de solicitações necessárias às atividades de pesquisas específicas, que demandam a coleta de material biológico e outros procedimentos nas unidades de conservação federais e cavernas. Este curso apresenta informações sobre o adequado uso das funcionalidades, recursos e operações do Sisbio nos pedidos de autorização para a coleta de materiais biológicos e processos derivados dessa finalidade. Quer saber mais? Faça sua inscrição.;Servidores públicos, colaboradores e pesquisadores que utilizem o Sistema de Autorização e Informação em Biodiversidade (SisBio). Curso aberto, gratuito e com certificado, qualquer pessoa pode se inscrever.;Módulo. 11.1.Introdução ao Sisbio1.2. Cadastro e Acesso1.3. Interface1.4. Instituições e vínculosMódulo. 22.1. Serviços solicitados via Sisbio2.2. Preenchimento dos diferentes tipos de solicitação2.3. Alterações da solicitação após o documento concedidoMódulo.33.1. O processo de análise3.2.Situação da solicitaçãoMódulo.44.1. Elaboração do relatório de atividades;13/11/2020;;
958;Sistema de Gerenciamento dos Imóveis de Uso Especial da União - SPIUnet;https://www.escolavirtual.gov.br/curso/958;Gestão Pública;Enap;Secretaria do Patrimônio da União - SPU;32;60;Curso Aberto;Neste curso, você compreenderá os procedimentos para cadastro de imóveis públicos federais, atualização, consulta, adendos de informações e a legislação referentes ao Sistema de Gerenciamento dos Imóveis de Uso Especial da União (SPIUnet). Quer saber mais sobre como manusear esse sistema? Inscreva-se.;Agentes públicos responsáveis pela manutenção do cadastro de imóveis públicos federais nos órgãos da administração pública federal direta e indireta.;"Módulo 1: Introdução à informática;Módulo 2: Introdução ao sistema SPIUNet;Módulo 3: Cadastramento;Módulo 4: Atualização;Módulo 5: Consulta;Módulo 6: Adendos;Módulo 7: Legislação.";08/08/2023;;
254;Sustentabilidade na Administração Pública;https://www.escolavirtual.gov.br/curso/254;Gestão Pública;Enap;Tribunal de Contas da União;28;30;Curso Aberto;Neste curso, você conhecerá o histórico das ações para promoção da sustentabilidade ambiental, compreenderá os principais conceitos sobre o assunto, saberá o que são os planos de gestão de logística sustentável e de gestão de resíduos sólidos e como realizar compras públicas sustentáveis no Brasil. Quer ser saber mais sobre o assunto? Inscreva-se.;Agentes públicos nas esferas federal, estadual e municipal, atuantes na área de logística e compras públicas. Curso aberto, gratuito e com certificado, qualquer pessoa pode se inscrever.;"Módulo 1: Histórico de encontros e conferências internacionais sobre o meio ambiente.Módulo 2: O que é Sustentabilidade e Desenvolvimento Sustentável; e o Que são os ODS.Módulo 3: O que é A3P, o que é um Plano de Gestão de Logística Sustentável - PGLS, o que é um Plano de Gestão de resíduos sólidos – PGRS.Módulo 4: O que são Compras Públicas Sustentáveis? Acórdãos TCU Plenário 1056/17 e 3254/21, o que é o IASA?";05/10/2019;;
301;Teletrabalho e Educação a Distância;https://www.escolavirtual.gov.br/curso/301;Gestão Pública;Enap;Fundação CEPERJ;8;30;Curso Aberto;O desafio de transformação da realidade de trabalho está fazendo com que pessoas e organizações adaptem seus processos de trabalho. Pensando nisso, a Enap traz mais uma oportunidade de capacitação com este curso desenvolvido pelo CEPERJ, instituição parceria da EV.G. O tema interessou? Procura informações sobre experiências, informações práticas e possibilidades para manter a qualidade do trabalho, agora desenvolvido remotamente. Se inscreva!;Agentes públicos e interessados no tema. Curso aberto, gratuito e com certificado, qualquer pessoa pode se inscrever.;Introdução ao teletrabalho. Conceitos.Ferramentas para teletrabalho.Sobre a Web.Educação.Tópicos sobre EaD.História da EaD.;06/05/2020;;
269;Uma Introdução às Migrações Internacionais no Brasil Contemporâneo;https://www.escolavirtual.gov.br/curso/269;Gestão Pública;Enap;Defensoria Pública da União;40;60;Curso Aberto;A Organização Internacional para Migrações - OIM e a DPU firmaram parceria para promover uma reflexão sobre as migrações internacionais no Brasil. Financiado pelo Fundo da OIM para o Desenvolvimento – IDF, traz os aspectos do tema de maneira didática e atrativa, inclusive com variado material de apoio, com reportagens, vídeos de atores do cenário migratório, sites, que tornam mais rica a vivência.;Servidores e colaboradores da Defensoria Pública da União, atores estatais e não-estatais que trabalhem junto aos migrantes. Curso aberto, gratuito e com certificado, qualquer pessoa pode se inscrever.;Módulo I: Introdução às migrações internacionais e sensibilização para melhor atenção ao público migranteMódulo II: Entendendo a Legislação Brasileira – Parte 1: Nova Lei de MigraçãoMódulo III: Entendendo a Legislação Brasileira - Parte 2: legislações conexas (Tráfico de Pessoas e Refúgio)Módulo IV: Arquitetura da governança migratória no Brasil: principais atores institucionaisMódulo V: As redes locais de apoio e acolhimento;29/12/2019;;
633;Unidades de Conservação Federais: serviços de apoio à visitação e autorização de eventos;https://www.escolavirtual.gov.br/curso/633;Gestão Pública;Enap;Instituto Chico Mendes de Conservação da Biodiversidade;20;30;Curso Aberto;Neste curso, você vai aprender as diferenças entre atividades de visitação e serviços de apoio a visitação, ter acesso à legislação que apoia cada uma dessas atividades, além de ver, na prática, como são feitas e aprovadas as solicitações de autorizações nos sistemas governamentais. Entenda como a nossa biodiversidade pode ser preservada nesse contexto. Inscreva-se!;Agentes, técnicos e gestores públicos interessados em compreender normas e procedimentos indispensáveis a gestão de unidades de conservação federal. Curso aberto, gratuito e com certificado, qualquer pessoa pode se inscrever.;"Módulo 1: Visitação em Unidades de Conservação Federal: Contexto Geral;Módulo 2: As Atividades e os Serviços de Apoio à Visitação;Módulo 3: Legislação e Histórico das Autorizações em Unidades de Conservação;Módulo 4: Implementação de Autorizações de Eventos e Serviços nas UCs Federais.";01/07/2022;;
1487;Central de Regulação de Vagas;https://www.escolavirtual.gov.br/curso/1487;Gestão Pública;Enap;Ministério da Justiça e Segurança Pública;20;;;Compreenda e implemente a Central de Regulação de Vagas para qualificar a gestão da população carcerária! O curso aborda o histórico e perspectivas da CRV, o conceito de vaga penal, a superlotação, a proporcionalidade, a integração dos serviços penais e os indicadores de monitoramento e avaliação. Destinado a gestores penitenciários, técnicos e profissionais que atuam na administração do sistema prisional e buscam melhorar a eficiência e a equidade na alocação de vagas.;Servidores públicos e cidadãos interessados na temática. Curso aberto, gratuito e com certificado.;Módulo 1 - Central de Regulação de Vagas: perspectivas no controle da população carceráriaMódulo 2 - Conceito de vaga penal e superlotação carceráriaMódulo 3 - Central de Regulação de Vagas, proporcionalidade e integração dos serviços penaisMódulo 4 - Ferramentas para gestão de vagas na porta de entrada e na porta de saída do sistema prisionalMódulo 5 - Indicadores para monitoramento e avaliação da política de CRV.;;;
1552;Entendendo Custos no Setor Público;https://www.escolavirtual.gov.br/curso/1552;Gestão Pública;Enap;Secretaria do Tesouro Nacional;16;;;Neste curso, apresentamos os principais conceitos sobre o tema, como a Contabilidade de Custos Aplicada ao Setor Público, a CASP, o arcabouço legal que fundamenta a sua prática e a interação dela com a gestão e com o orçamento público. Também explicamos como a contabilidade de custos pode melhorar a aplicação dos recursos públicos e como os gestores públicos devem se engajar nessa atividade.;Agentes públicos de qualquer esfera e Poder e sociedade em geral. Curso gratuito, aberto e com certificado.;Módulo 1 - Visão GeralMódulo 2 - Normatização;;;
1394;Metodologia de Elaboraçao de Plano de Gerenciamento de Resíduos Sólidos;https://www.escolavirtual.gov.br/curso/1394;Gestão Pública;Enap;Tribunal de Contas da União;12;;;Elabore e implemente Planos de Gerenciamento de Resíduos Sólidos com metodologia sólida! O curso apresenta uma introdução à gestão de resíduos, a metodologia de elaboração do PGRS e as etapas de implantação e monitoramento. Destinado a gestores ambientais, técnicos municipais e profissionais do setor de saneamento que precisam estruturar planos de resíduos sólidos em conformidade com a Política Nacional de Resíduos Sólidos.;Servidores e gestores públicos das esferas federal, estadual e municipal. Curso aberto, gratuito e com certificado. Qualquer pessoa pode se inscrever.;Módulo 1 - Introdução a Gestão de ResíduosMódulo 2 - Metodologia de Elaboração do Plano de Gerenciamento de Resíduos (PGRS)Módulo 3 - Implantação e Monitoramento do PGRS;;;
1496;Segurança e Saúde nas Atividades de Limpeza Urbana e Manejo de Resíduos Sólidos – NR-38;https://www.escolavirtual.gov.br/curso/1496;Gestão Pública;Enap;Fundação Jorge Duprat Figueiredo, de Segurança e Medicina do Trabalho;11;;;Promova a segurança e a saúde dos trabalhadores de limpeza urbana e manejo de resíduos! O curso aborda as normas da NR-38 aplicadas à coleta de resíduos, varrição, poda de árvores e outras atividades, com foco nas medidas de prevenção de acidentes. Destinado a gestores de saúde e segurança do trabalho, supervisores e trabalhadores do setor de limpeza urbana que buscam garantir condições laborais seguras e dignas.;Gestores e trabalhadores das atividades de limpeza urbana e manejo de resíduos sólidos. Servidores públicos de qualquer esfera e Poder, bem como cidadãos em geral, estão autorizados a realizar o curso.;"Módulo 1: Apresentação;Módulo 2: Coleta de Resíduos;Módulo 3: Atividades de Varrição e Poda de Árvores;Módulo 4: Outras Medidas de Prevenção.";;;
148;Curso: Estratégia da Rede Ebserh;https://moodle.ebserh.gov.br/course/view.php?id=148;Gestão Pública - Estratégia e Planejamento;3EC ;EBSERH;8;0;Curso Aberto;O objetivo é promover a eficiência operacional e a sustentabilidade econômico-financeira da Rede Ebserh, abrangendo colaboradores da sede e dos hospitais universitários federais.;Aberto para todos os públicos;O curso aborda o planejamento estratégico da rede Ebserh com exercícios de fixação e a construção do Mapa Estratégico dividida nos seguintes tópicos: Direcionadores, Propósito e Visão, valores de proposição de valor, pilares Objetivos Estratégicos e plano de ação;;;
1085;Eixo 1 - Elaborando a estratégia governamental e institucional Programa - Estratégia e Planejamento;https://www.escolavirtual.gov.br/curso/1085;Gestão Pública - Estratégia e Planejamento;Enap;Enap - Escola Nacional de Administração Pública;25;365;Curso Aberto;Este eixo está pautado em uma definição de escopo da estratégia que pode ser muito útil à formulação e análise da decisão em políticas e programas, assim como à implementação, monitoramento e avaliação.;Desenvolvida com foco em servidoras e servidores públicos responsáveis por formular políticas e implementar programas e projetos. Trilha de aprendizagem aberta, gratuita e com certificado. Qualquer pessoa pode se inscrever.;Elaborando a estratégia governamental e institucional;03/09/2024;;
1097;Eixo 2 - Elaborando o planejamento governamental Programa - Estratégia e Planejamento;https://www.escolavirtual.gov.br/curso/1097/;Gestão Pública - Estratégia e Planejamento;Enap;Enap - Escola Nacional de Administração Pública;155;365;Curso Aberto;Neste eixo você entrará em contato com os principais conceitos, processos, metodologias, ferramentas, instrumentos e técnicas necessários para elaboração, implementação e gestão do Planejamento Governamental no âmbito da Administração Pública Federal.;Desenvolvida com foco em servidoras e servidores públicos responsáveis por formular políticas e implementar programas e projetos. Trilha de aprendizagem aberta, gratuita e com certificado. Qualquer pessoa pode se inscrever.;Elaborando o planejamento governamental;03/09/2024;;
1098;Eixo 3 - Realizando a gestão do planejamento e da estratégia Programa - Estratégia e Planejamento;https://www.escolavirtual.gov.br/curso/1098;Gestão Pública - Estratégia e Planejamento;Enap;Enap - Escola Nacional de Administração Pública;130;365;Curso Aberto;Este eixo convida você a refletir sobre temas relacionados ao gerenciamento organizacional, à gestão do cotidiano das nossas organizações públicas.;Desenvolvida com foco em servidoras e servidores públicos responsáveis por formular políticas e implementar programas e projetos. Trilha de aprendizagem aberta, gratuita e com certificado. Qualquer pessoa pode se inscrever.;Realizando a gestão do planejamento e da estratégia;03/09/2024;;
604;Elaboração de Indicadores de Desempenho Institucional;https://www.escolavirtual.gov.br/curso/604;Gestão Pública - Estratégia e Planejamento;Enap;Enap - Escola Nacional de Administração Pública;25;30;Curso Aberto;O curso integra o Programa de Desenvolvimento de Gerentes Operacionais (PDGO) e tem como objetivo capacitar os servidores públicos para estruturar sistemas de medição do desempenho institucional, dos pontos de vista estratégico e gerencial.;Destina-se aos servidores públicos que atuam ou tenham interesse na temática. Curso aberto, gratuito e com certificado, qualquer pessoa pode se inscrever.;Módulo 1 – Aspectos gerais sobre os indicadores de desempenho institucional.Módulo 2 – Classificação dos indicadores de desempenho institucional.Módulo 3 – Sistema de medição de desempenho institucional.Módulo 4 – Construção de um sistema de medição de desempenho: estudo de caso.Módulo 5 – Reflexões finais sobre indicadores de desempenho institucional.;01/10/2021;;
768;Era Digital, Planejamento Estratégico e Inovação na Gestão Pública;https://www.escolavirtual.gov.br/curso/768;Gestão Pública - Estratégia e Planejamento;Enap;Enap - Escola Nacional de Administração Pública;20;30;Curso Aberto;Conhecer os impactos da transformação digital nas organizações é um caminho obrigatório para quem deseja estar atualizado! Neste curso você entenderá como esse processo vem se desdobrando ao longo do tempo e garantirá os conhecimentos necessários para colaborar com uma Gestão Pública eficiente, a partir da aplicação de princípios metodológicos inovadores no planejamento estratégico.;Servidores públicos e cidadãos interessados no tema. Curso aberto, gratuito e com certificado, qualquer pessoa pode se inscrever.;Módulo 1: As Revoluções Industriais, a Era Digital e as características Socioemocionais da Força de Trabalho da Era Digital.Módulo 2: A Importância dos Princípios de Gestão para o planejamento Estratégico Público eficiente.Módulo 3: Metodologias de Inovação.;20/06/2022;;
444;Estratégias de produtividade: clareza, propósito e priorização de tarefas;https://www.escolavirtual.gov.br/curso/444;Gestão Pública - Estratégia e Planejamento;Enap;Enap - Escola Nacional de Administração Pública;25;30;Curso Aberto;Apresentação: Vamos desvendar o caminho para uma vida mais produtiva juntos? Descubra como tomar decisões assertivas e priorizar tarefas. Otimize seu tempo com uma organização efetiva. Aprenda a cultivar foco, concentração e eficiência e desvende seus valores para atingir propósitos e vencer a procrastinação. Pronto para essa transformação? Inscreva-se agora!;Agentes públicos e demais pessoas que tenham interesse na temática.;"Módulo 1 –Tomada de decisões e priorização de tarefas;Módulo 2 – Organização de calendário com base em obtenção efetiva de resultados;Módulo 3 – Foco, concentração e eficiência;Módulo 4 – Clareza de valores para priorização, negociação, obtenção de propósito e combate à procrastinação.";02/08/2023;;
4;Ética e Serviço Público;https://www.escolavirtual.gov.br/curso/4;Gestão Pública - Estratégia e Planejamento;Enap;Enap - Escola Nacional de Administração Pública;20;30;Curso Aberto;Neste curso, serão apresentados os principais fundamentos de ética e suas relações com os desafios enfrentados pelo setor público. A conduta das pessoas interfere no funcionamento das organizações e traz impactos para a sociedade. Por essa razão, o desenvolvimento da consciência ética é fundamental para garantir o respeito ao interesse público, à cidadania, ao estado de direito e à democracia. A proposta central do curso é capacitar as pessoas para que tenham conduta ética ao oferecerem e utilizarem serviços públicos.;Servidores públicos federais. Curso aberto, gratuito e com certificado, qualquer pessoa pode se inscrever.;1 Conceitos básicos 1.1 Os sentidos atribuídos à ética1.2 Relativismo ético1.3 Ética e filosofia1.4 Ética, política e direito1.5 Educação Ética 2 Ética da Vida Pública 2.1 A vida pública e a esfera privada: o Estado2.2 Democracia e cidadania2.3 Cidadania no Brasil2.4 Serviço Público e desafios do Estado contemporâneo no Brasil2.5 Responsabilidade pública (Accountability) 3 Conduta no Serviço Público 3.1 Regras de conduta3.2 Profissionalismo, decoro e civilidade3.3 Códigos de ética no Serviço Público3.4 Iniciativas da Administração Pública federal;25/09/2006;;
1401;Execução e Avaliação dos Planos de Entrega e de Trabalho do PGD;https://www.escolavirtual.gov.br/curso/1401;Gestão Pública - Estratégia e Planejamento;Enap;Secretaria de Gestão e Inovação (SEGES/MGI);20;30;Curso Aberto;Este curso vai apresentar as principais ferramentas de avaliação e execução dos planos de entrega e de trabalho para servidoras e servidores que trabalham no Programa de Gestão e Desempenho (PGD) em diferentes órgãos da administração pública federal.;Servidores públicos participantes do Programa de Gestão e Desempenho, que atuam nas modalidades presencial, teletrabalho parcial (híbridas) ou teletrabalho integral.;Módulo 1 - Execução dos Planos de Entregas e TrabalhoMódulo 2 - Avaliação dos Planos de Entrega e Trabalho;28/07/2025;;
1015;Formação e Gestão de Núcleo Comunitário de Proteção e Defesa Civil (Nupdec);https://www.escolavirtual.gov.br/curso/1015;Gestão Pública - Estratégia e Planejamento;Enap;Ministério da Integração e Desenvolvimento Regional;30;30;Curso Aberto;Os desastres afetam nossa sociedade, a economia e o meio ambiente de diversas maneiras. Mas, e se pudéssemos estar um passo à frente? Por meio dos Núcleos Comunitários de Proteção e Defesa Civil (Nupdecs) é possível promover a mobilização e participação social para proteger áreas de risco nas diversas regiões do país. Que ser um agente desses mecanismos e saber como eles funcionam? Inscreva-se agora neste curso. Participe!;Agentes de proteção e defesa civil dos municípios, sociedade civil e interessados na temática de gestão de risco e de desastres.;Módulo 1: Os Nupdecs e a Participação Social na P&DC.Módulo 2: Formação de um Nupdec.Módulo 3: O Nupdec como Instrumento Permanente de GRD.;19/10/2023;;
1327;Fundamentos do Programa de Gestão e Desempenho (PGD);https://www.escolavirtual.gov.br/curso/1327;Gestão Pública - Estratégia e Planejamento;Enap;Secretaria de Gestão e Inovação (SEGES/MGI);20;30;Curso Aberto;A capacitação possui como foco apresentar os Fundamentos do Programa de Gestão e Desempenho (PGD), explorando os fundamentos do programa, bases normativas, condições necessárias e mitos envolvidos. Servidores, gestores públicos e sociedade poderão compreender os caminhos para a formalização do PGD, os desafios envolvidos para a implementação e como o Programa pode afetar as entregas à sociedade. O que se objetiva é inspirar gestores e servidores na adoção de uma nova forma de trabalho, focando na geração de valor para a sociedade.;Servidores, gestores públicos e sociedade.;Módulo 1: Conhecendo o PGDMódulo 2: Adequando o PGD à sua realidade organizacionalMódulo 3: PGD como indutor da melhoria de gestão;30/12/2024;;
680;Gerenciamento de Projetos na Prática;https://www.escolavirtual.gov.br/curso/680;Gestão Pública - Estratégia e Planejamento;Enap;Enap - Escola Nacional de Administração Pública;40;60;Curso Aberto;Já parou para refletir sobre os aspectos práticos do Gerenciamento de Projetos? Quais metodologias utilizar? Como construir planos de ação eficientes? Se você nunca pensou sobre isso, essa é uma ótima oportunidade para se capacitar em práticas bem-sucedidas no gerenciamento de um projeto com metodologias utilizadas nas organizações públicas e privadas brasileiras. Que tal cursar e adquirir condições de aplicar o conhecimento nos projetos nos quais esteja envolvido?;Servidores públicos de qualquer esfera e Poder. Curso aberto, gratuito e com certificado, qualquer pessoa pode se inscrever.;"Módulo 1: Conceitos básicos sobre projetos e gerenciamento de projetos;Módulo 2: Práticas dos processos de iniciação e de planejamento (parte 1);Módulo 3: Práticas do processo de planejamento (parte 2);Módulo 4: Práticas dos processos de planejamento (parte 3) e de execução;Módulo 5: Práticas dos processos de planejamento (parte 4), de execução e de monitoramento e controle (parte 1);Módulo 6: Práticas dos processos de monitoramento e controle (parte 2) e de encerramento;Módulo 7: Metodologias contemporâneas e avaliação de maturidade.";07/12/2021;;
787;Gestão de projetos;https://www.escolavirtual.gov.br/curso/787;Gestão Pública - Estratégia e Planejamento;Enap;Câmara dos Deputados;10;30;Curso Aberto;O destina-se a todos que tenham interesse em aprender os conceitos básicos da gestão de projetos, de modo a determinar os melhores caminhos para alcançar seus objetivos e de suas organizações;Servidores públicos de qualquer esfera e Poder, bem como cidadãos em geral, estão autorizados a realizar o curso.;Módulo 1: Introdução.Módulo 2: Começando a entender.Módulo 3: Conhecendo os conceitos básicos.Módulo 4: Influência da estrutura organizacional.Módulo 5: Realizando um projeto.;14/04/2022;;
964;Gestão de Riscos para Acervos Museológicos;https://www.escolavirtual.gov.br/curso/964;Gestão Pública - Estratégia e Planejamento;Enap;Instituto Brasileiro de Museus - IBRAM;25;30;Curso Aberto;A gestão de riscos em museus é essencial para proteger o patrimônio cultural. Neste curso, você verá desde o histórico e conceitos da gestão de riscos até sua aplicação prática, por meio do Método ABC. Verá como identificar agentes de risco, valorar acervos, classificar eventos, além de conhecer os planos de tratamento de riscos. Participe e aprimore seus conhecimentos na preservação cultural!;Gestores de Igualdade Racial nas Unidades da Federação e nos municípios e esfera pública, em geral. Curso aberto, gratuito e com certificado.;"Módulo 1: Gestão de Riscos em Museus;Módulo 2: Objetivos e Abrangência da Gestão de Risco para Patrimônio Cultural;Módulo 3: Identificação dos Riscos;Módulo 4: Valoração dos Acervos Museológicos;Módulo 5: Análise e Avaliação dos Riscos;Módulo 6: Tratamento dos Riscos;Módulo 7: Monitoramento e Comunicação dos Riscos.";27/10/2025;;
496;Gestão estratégica e execução do plano de governo no dia a dia;https://www.escolavirtual.gov.br/curso/496;Gestão Pública - Estratégia e Planejamento;Enap;Secretaria Especial de Assuntos Federativos;10;30;Curso Aberto;A crescente demanda da sociedade por melhores serviços gera a necessidade de aprimorar a gestão no setor público. Considerando que a maioria dos diagnósticos realizados sobre a atuação governamental aponta a gestão como o principal foco para o enfretamento de problemas, neste curso, você conhecerá e poderá utilizar a gestão estratégica de projetos e programas para viabilização de planos de governo.;Servidores públicos e demais interessados. Curso aberto, gratuito e com certificado, qualquer pessoa pode se inscrever.;Módulo 1 – A estratégia em açãoMódulo 2 – Gestão de Projetos e ProgramasMódulo 3 – Monitoramento e avaliação;26/07/2022;;
1022;Governança Colaborativa para a Primeira Infância;https://www.escolavirtual.gov.br/curso/1022;Gestão Pública - Estratégia e Planejamento;Enap;Fundação Maria Cecilia Souto Vidigal;25;30;Curso Aberto;Neste curso, você terá a oportunidade de conhecer e experimentar estratégias de Governança Colaborativa para a Primeira Infância com o objetivo de fortalecer a relação federativa entre estados e municípios na promoção de políticas públicas para a Primeira Infância. Serão abordados temas como a trajetória da Primeira Infância no Brasil, a definição e aplicação da Governança Colaborativa e seu respectivo tripé de formulação. O curso também discutirá a sustentabilidade temporal das políticas e apresentará um modelo prático de implementação do modelo de governança.;Gestores públicos e técnicos das secretarias estaduais que atuem com o tema de primeira infância. Curso aberto, gratuito e com certificado, qualquer pessoa pode se inscrever.;Módulo 1: Introdução às políticas de Primeira Infância.Módulo 2: O tripé da Governança Colaborativa da política da Primeira Infância.Módulo 3: Implementação da política estadual colaborativa da Primeira Infância: desafios e fatores de sucesso;23/10/2023;;
935;Governo Integrado: Como Construí-lo?;https://www.escolavirtual.gov.br/curso/935;Gestão Pública - Estratégia e Planejamento;Enap;Secretaria de Governo Digital;25;30;Curso Aberto;Gestores de serviços públicos ou políticas públicas, executivos, analistas de TI, curadores de dados e analistas/cientistas de dados ou servidores públicos interessados em ampliar seus conhecimentos sobre transformação digital e governo integrado. Curso aberto, gratuito e com certificado, qualquer pessoa pode se inscrever.;Gestores de serviços públicos ou políticas públicas, executivos, analistas de TI ou servidores públicos interessados em ampliar seus conhecimentos sobre transformação digital e governo integrado. Curso aberto, gratuito e com certificado, qualquer pessoa pode se inscrever.;"Módulo 1: Conhecendo um Governo Digital;Módulo 2: Integração e Interoperabilidade: Conceitos para um Governo Integrado;Módulo 3: Os Normativos e Orientações para um Governo Integrado;Módulo 4: Aspectos Práticos da Integração;Módulo 5: Governo Integrado com a Sociedade;Módulo 6: A Integração e Interoperabilidade na Administração Pública.";12/06/2023;;
1056;Hidrologia Básica;https://www.escolavirtual.gov.br/curso/1056;Gestão Pública - Estratégia e Planejamento;Enap;Agência Nacional de Águas e Saneamento Básico;20;30;Curso Aberto;Neste curso, você encontrará um conjunto de conceitos relacionados à Hidrologia, como Sistemas Hidrológicos, Ciclo hidrológico e Bacias Hidrográficas e poderá compreender os principais fenômenos oriundos da interação da água com o meio ambiente que influenciam a disponibilidade dos recursos hídricos em uma dada região.;Destina-se aos servidores da Agência Nacional de Águas (ANA), Gestores Municipais, além dos demais trabalhadores e cidadãos interessados.;Módulo 1 - Sistemas Hidrológicos, Ciclo hidrológico e Bacias HidrográficasMódulo 2 - Principais Componentes do Ciclo Hidrológico e suas Relações com o Ambiente?;02/04/2024;;
104;Introdução à Gestão de Projetos;https://www.escolavirtual.gov.br/curso/104;Gestão Pública - Estratégia e Planejamento;Enap;Conselho Nacional de Justiça;20;30;Curso Aberto;A capacitação tem como referência o Guia PMBOK 5° Edição, publicado pelo instituto PMI - Project Management Institute (2013), que reúne as melhores práticas na área de gerenciamento de projetos, com base em experiências de empresas de diferentes segmentos, públicas ou privadas, bem como apresentar outros métodos elaborados pela Administração Pública.;Agentes públicos federais, municipais e estaduais que atuem no gerenciamento de projetos das organizações. Curso aberto, gratuito e com certificado, qualquer pessoa pode se inscrever.;1 Contextualização 1.1 História do gerenciamento de projetos1.2 Fontes de conhecimento sobre gerenciamento de projetos1.3 Projeto e Operação1.4 Gerenciamento de projetos1.5 Programa e Portfólio 2 Conceitos básicos 2.1 Partes interessadas2.2 Competências necessárias ao líder/gerente de projetos2.3 Estilos de gerência2.4 Estrutura organizacional2.5 Escritório de gerenciamento de projetos2.6 Áreas de conhecimento e grupos de processos2.7 Ciclo de vida de um projeto2.8 Fases do projeto2.9 Metodologias e ferramentas 3 Grupos de processos e gerenciamento de projetos 3.1 Iniciação do projeto3.2 Planejamento3.3 Execução3.4 Monitoramento e Controle3.5 Encerramento;15/04/2014;;
665;Introdução ao Pensamento de Futuros na Gestão Pública;https://www.escolavirtual.gov.br/curso/665;Gestão Pública - Estratégia e Planejamento;Enap;Enap - Escola Nacional de Administração Pública;25;30;Curso Aberto;Seria interessante poder prever o futuro, não é mesmo? Poder ter uma imagem clara de eventos que acontecerão para que pudéssemos ter controle do destino... Hoje, já existe uma área de pesquisa que trabalha com isso: é o campo de Pensamentos de Futuros, que busca entender possíveis cenários futuros para abrandar impactos. Quer saber mais? Acesse o curso e conheça melhor essa temática!;Agentes do setor de gestão pública federal. Curso aberto, gratuito e com certificado, qualquer pessoa pode se inscrever.;"Módulo 1: Introdução ao Pensamento de Futuros na Gestão Pública;Módulo 2: Visão de Futuro;Módulo 3: Mapeamento de Tendências de Futuros;Módulo 4: Cenários Prospectivos;Módulo 5: Implementação de Estratégia de Longo Prazo.";19/12/2022;;
1069;Planejamento e Orçamento: Primeira Infância;https://www.escolavirtual.gov.br/curso/1069;Gestão Pública - Estratégia e Planejamento;Enap;Enap - Escola Nacional de Administração Pública;25;30;Curso Aberto;Neste curso, você compreenderá o papel dos estados na priorização da primeira infância no ciclo orçamentário e reconhecerá abordagens para a inserção e fortalecimento da pauta nas principais leis orçamentárias (Plano Plurianual, Lei de Diretrizes Orçamentárias e Lei Orçamentária Anual). Quer saber mais? Inscreva-se.;Gestores públicos e técnicos das secretarias estaduais e municipais que atuem com o tema de planejamento, orçamento e primeira infância.;Módulo 1: Introdução à primeira infância.Módulo 2: Primeira infância e os Planos Plurianuais estaduais.Módulo 3: Questões relevantes no planejamento e orçamento da primeira infância e focalização de públicos.Módulo 4: Qual a melhor maneira de inserir a primeira infância no orçamento público?;25/06/2024;;
475;Planejamento e Organização Pessoal no Trabalho;https://www.escolavirtual.gov.br/curso/475;Gestão Pública - Estratégia e Planejamento;Enap;Secretaria Especial da Receita Federal do Brasil;20;30;Curso Aberto;Este curso foi criado para apresentar ferramentas, reflexões e práticas relacionadas ao planejamento e organização pessoal no trabalho. Ele é importante, pois ajudará a trazer mais segurança, bem-estar e facilitem a comunicação, tais como bom uso de correio eletrônico, de agendas de trabalho, de visão gerencial e analítica de tarefas. Venha conhecer o que é planejamento, o porquê de se planejar e as vantagens do planejamento pessoal e no trabalho.;Agentes públicos interessados no assunto. Curso aberto, gratuito e com certificado, qualquer pessoa pode se inscrever.;Módulo 1: Conceitos iniciais de planejamento pessoal e organizaçãoMódulo 2: Sou organizado?Módulo 3: Como (re)começar a organizarMódulo 4: Ferramentas de organização no trabalho;15/07/2022;;
107;Planejamento Estratégico para Organizações Públicas;https://www.escolavirtual.gov.br/curso/107;Gestão Pública - Estratégia e Planejamento;Enap;Enap - Escola Nacional de Administração Pública;25;30;Curso Aberto;Você sabe como uma organização publica funciona? Para ajudar no entendimento desse tema este curso busca apresentar os processos de planejamento estratégico aplicados a essas organizações, demonstrando, desde como analisar o contexto externo e interno da organização, até como alcançar as metas da mesma, tendo como referência as práticas e as ferramentas orientadas para a Administração Pública Federal.;Pessoas interessadas em aumentar seu conhecimento no tema do planejamento para organizações públicas. Servidores públicos de qualquer esfera e Poder, bem como cidadãos em geral, estão autorizados a realizar o curso.;Módulo 1 : Pensamento EstratégicoMódulo 2 : Construção de EstratégiaMódulo 3 : Tradução da EstratégiaMódulo 4 : Projeto de Implementação da Gestão Estratégica;05/09/2022;;
258;Planejamento Governamental;https://www.escolavirtual.gov.br/curso/258;Gestão Pública - Estratégia e Planejamento;Enap;Tribunal de Contas da União;20;30;Curso Aberto;"Espera-se que ao término do curso, o participante seja capaz de: - Realizar um planejamento estruturado, com base em princípios de eficiência, eficácia e efetividade, para embasar ações governamentais; - Definir políticas públicas; - Elaborar indicadores de situação e de meta, em contextos de gestão pública; - Utilizar ferramentas de apoio ao planejamento no aprimoramento da gestão pública.";Agentes públicos em geral. Curso aberto, gratuito e com certificado, qualquer pessoa pode se inscrever.;" Estratégia organizacional; Planejamento estratégico; Ciclo de gestão; Ciclo das políticas públicas; Planejamento Governamental; Indicadores, metas e avaliação; Ferramentas de apoio ao planejamento (Árvore de problemas, Gráfico de Gantt, Análise Stakeholder, Mapa de Processos e Análise SWOT). ";24/10/2019;;
1409;Planificación Estratégica para Organizaciones Públicas;https://www.escolavirtual.gov.br/curso/1409;Gestão Pública - Estratégia e Planejamento;Enap;Enap - Escola Nacional de Administração Pública;25;30;Curso Aberto;¿Sabes cómo funciona una organización pública? Para ayudar a comprender este tema, este curso busca presentar los procesos de planificación estratégica aplicados a estas organizaciones, demostrando desde cómo analizar el contexto externo e interno de la organización, hasta cómo alcanzar sus metas, tomando como referencia las prácticas y herramientas orientadas a la Administración Pública Federal.;Personas interesadas en ampliar sus conocimientos sobre la planificación en organizaciones públicas. Servidores públicos de cualquier esfera y Poder, así como ciudadanos en general, pueden realizar el curso.;Módulo 1: Pensamiento EstratégicoMódulo 2: Construcción de EstrategiaMódulo 3: Traducción de la EstrategiaMódulo 4: Proyecto de Implementación de la Gestión Estratégica;02/12/2025;;
1410;Planos de Adaptação: da governança à análise do risco;https://www.escolavirtual.gov.br/curso/1410;Gestão Pública - Estratégia e Planejamento;Enap;Ministério do Meio Ambiente e Mudança do Clima;17;30;Curso Aberto;Saiba como iniciar a aplicação do ciclo de planejamento da adaptação à mudança do clima. A formação de uma governança que envolva diferentes níveis de governo, setores e agentes, a aplicação da lente climática (que auxilia a definir os objetivos do plano, reconhecendo como a mudança do clima já afeta ou pode afetar o território) e a análise de risco são os três passos abordados neste curso.;Gestores e técnicos das administrações públicas municipais e estaduais, além de integrantes de órgãos de apoio à gestão regional, como comitês e agências de bacia hidrográfica. Curso aberto, gratuito e com certificado.;Módulo 1: Formação de GovernançaMódulo 2: Aplicação da Lente ClimáticaMódulo 3: Análise do Risco;22/08/2025;;
1411;Planos de Adaptação: da identificação à implementação de medidas;https://www.escolavirtual.gov.br/curso/1411;Gestão Pública - Estratégia e Planejamento;Enap;Ministério do Meio Ambiente e Mudança do Clima;9;30;Curso Aberto;Neste curso, você aprenderá a identificar diferentes tipos de medidas para minimizar riscos e impactos em territórios. Vai conhecer a abordagem da adaptação baseada em ecossistemas (AbE) e entender como propor ações que promovam igualdade de gênero, direitos humanos e justiça climática. Também verá como planejar a implementação das medidas de adaptação escolhidas.;Gestores e técnicos das administrações públicas municipais e estaduais, além de integrantes de órgãos de apoio à gestão regional, como comitês e agências de bacia hidrográfica. Curso aberto, gratuito e com certificado.;Módulo 1: Identificação de Medidas de AdaptaçãoMódulo 2: Seleção e Priorização de Medidas de AdaptaçãoMódulo 3: Elaboração da Estratégia para a Implementação de Medidas de Adaptação;22/08/2025;;
1399;Planos de Adaptação: dados espaciais e indicadores para análise territorial;https://www.escolavirtual.gov.br/curso/1399;Gestão Pública - Estratégia e Planejamento;Enap;Ministério do Meio Ambiente e Mudança do Clima;9;30;Curso Aberto;Neste curso, veremos como dados espaciais e indicadores podem ser utilizados para realizar diagnósticos e prognósticos relacionados à adaptação e como usar ferramentas de visualização para analisar o contexto do seu município ou região. Quer saber mais? Inscreva-se!;Gestores e técnicos de administrações públicas e órgãos regionais, como comitês, agências e consórcios intermunicipais. Curso aberto, gratuito e com certificado.;Módulo 1: Importância dos Dados Espaciais no Planejamento da Adaptação à Mudança do ClimaMódulo 2: Metadado e Catálogo de MetadadosMódulo 3: Ferramentas de Visualização de Dados Espaciais;18/08/2025;;
1412;Planos de Adaptação: do monitoramento à comunicação de resultados;https://www.escolavirtual.gov.br/curso/1412;Gestão Pública - Estratégia e Planejamento;Enap;Ministério do Meio Ambiente e Mudança do Clima;7;30;Curso Aberto;Saiba como monitorar os objetivos do plano de adaptação à mudança do clima e as medidas implementadas e de que forma avaliar os seus resultados. Aprenda a definir como o plano finalizado pode ser divulgado e como comunicar sua implementação, monitoramento e avaliação.;Gestores e técnicos das administrações públicas municipais e estaduais, além de integrantes de órgãos regionais de apoio. Curso aberto, gratuito e com certificado.;Módulo 1: Elaboração da Estratégia de Monitoramento e AvaliaçãoMódulo 2: Elaboração da Estratégia de Comunicação do Plano e de seus Resultados;25/08/2025;;
723;PRINCE2 - Outra maneira de gerenciar projetos na administração pública;https://www.escolavirtual.gov.br/curso/723;Gestão Pública - Estratégia e Planejamento;Enap;Secretaria de Governo Digital;25;30;Curso Aberto;Que tal aprender outro método de gerenciamento de projetos? Inscreva-se e conheça o PRINCE2 - Outra maneira de gerenciar projetos na administração pública. O objetivo do curso é fornecer conhecimento teórico e prático sobre o método, sua estrutura, benefícios e diferenças em relação ao Guia PMBOK. Serão elencados os princípios e processos para gerenciar e entregar um projeto, além de como integrar o PRINCE2 aos métodos ágeis. Vem ser EV.G!;Agentes públicos que atuam nos órgãos e entidades do Sistema de Administração dos Recursos de Tecnologia da Informação (SISP). Curso aberto, gratuito e com certificado, qualquer pessoa pode se inscrever.;"Módulo 1: O conceito de PRINCE2 e sua aplicabilidade;Módulo 2: Princípios do PRINCE2;Módulo 3: Os Temas do PRINCE2;Módulo 4: Os Processos do PRINCE2;Módulo 5: Métodos ágeis agregados ao PRINCE2;Módulo 6: Governança e a implantação do PRINCE2.";02/02/2022;;
336;Problem-Solving Skills;https://www.escolavirtual.gov.br/curso/336;Gestão Pública - Estratégia e Planejamento;Enap;Columbia University;25;30;Curso Aberto;Problem solving skills are essential for personal and professional growth. In this course you will learn the LEADS Framework – five fundamental skills at the foundation of effective problem solving. Click here for a short tutorial that aims to facilitate access to the course for non-Portuguese speaking users.;Brazilian Civil servants. However, the course is open to all and anyone interested in the subject can enroll.;Module 1 - Introduction to problem-solving skills and self-assessmentModule 2 - Introduction to the LEADS FrameworkModule 3 - L for LeadershipModule 4 - E for Effective CommunicationModule 5 - A for Analytical ThinkingModule 6 - D for Decision MakingModule 7 - S for Solution Implementation;21/09/2020;;
790;Reuniões produtivas;https://www.escolavirtual.gov.br/curso/790;Gestão Pública - Estratégia e Planejamento;Enap;Câmara dos Deputados;5;30;Curso Aberto;O curso foi desenvolvido com foco na necessidade de desenvolver conceitos, procedimentos e ferramentas a serem aplicados para melhorar a produtividade de reuniões.;Profissionais dos órgãos e entidades da Administração Federal direta, autárquica e fundacional. Curso aberto, gratuito e com certificado, qualquer pessoa pode se inscrever.;Módulo 1: Apresentação.Módulo 2: Princípios gerais.Módulo 3: Conceitos básicos.Módulo 4: Correlação de ideias errôneas.Módulo 5: AtividadeMódulo 6: Fechamento e créditos;26/04/2022;;
700;Scrum en el Contexto del Servicio Público;https://www.escolavirtual.gov.br/curso/700;Gestão Pública - Estratégia e Planejamento;Enap;Ministério da Fazenda;30;30;Curso Aberto;El curso Scrum en el contexto del servicio público está dirigido a servidores públicos que ocupan un puesto directivo. Están autorizados a realizar el curso los servidores públicos de cualquier ámbito y poder, así como la ciudadanía en general.;El curso Scrum en el contexto del servicio público está dirigido a servidores públicos que ocupan un puesto directivo. Están autorizados a realizar el curso los servidores públicos de cualquier ámbito y poder, así como la ciudadanía en general.;"Módulo 1: Scrum: ¿qué es y para qué sirve?;Módulo 2: Los roles en el equipo Scrum;Módulo 3: El flujo de Scrum;Módulo 4: Aplicando Scrum a la Administración Pública.";15/10/2021;;
701;Scrum in the Context of the Public Sector;https://www.escolavirtual.gov.br/curso/701;Gestão Pública - Estratégia e Planejamento;Enap;Ministério da Fazenda;30;30;Curso Aberto;Based on the understanding that the Brazilian scenario and trends in other countries point to the permanent improvement in the use of new technologies to solve concrete problems that improve citizens' lives, the course aims to prepare public servants to the application of the Scrum framework in project management and execution of public actions.;The Scrum in the Context of Public Service course is aimed at public servants who occupy management positions. Public servants of any sphere and power as well as citizens in general are authorized to take the course.;Module 1: Scrum: what is it and what is it for?Module 2: The roles in Scrums team.Module 3: The Scrum flow.Module 4: Applying Scrum in the Public Sector.;15/10/2021;;
1408;Strategic Planning for Public Organizations;https://www.escolavirtual.gov.br/curso/1408;Gestão Pública - Estratégia e Planejamento;Enap;Enap - Escola Nacional de Administração Pública;25;30;Curso Aberto;Do you know how a public organization works? In order to help understanding that subject, this course aims to present the strategic planning processes applied to such organizations, from how to analyse the organization's internal and external context to how to achieve the organization's goals, guided by the practices and tools for the Federal Public Administration.;People willing to increase their knowledge on the planning for public organizations subject. Public agents in any administration, as well as citizens in general, are able to take the course.;Module 1: Strategic ThinkingModule 2: Strategy BuildingModule 3: Strategy TranslationModule 4: Strategic Management Implementation Project;02/12/2025;;
101;Engajamento das partes interessadas 101;https://apolitical.co/pt-BR/courses/stakeholder-engagement-101;Governança;Apolitical;Equipe Apolitical;2;Autoinstrucional;Curso aberto;Introduz conceitos e práticas de engajamento de partes interessadas em políticas e projetos públicos.;Gestores públicos, equipes de projetos e formuladores de políticas;Identificação de stakeholders, mapeamento de interesses, comunicação e construção de consensos.;Não informado;;
300;Gestão de Riscos em Processos de Trabalho (segundo o Coso);https://www.escolavirtual.gov.br/curso/300;Governança;Enap;Ministério da Fazenda;20;30;Curso Aberto;"No contexto governamental, os riscos podem ter impactos de grande escala. A capacidade de antevê-los, de identificá-los, de analisá-los e de elaborar um planejamento de respostas contundente, depende significativamente da percepção das pessoas, que precisam desenvolver um olhar aguçado sobre o contexto ou realidade em que se inserem. Pensando nisso, o curso tem como objetivo capacitar pessoas para aplicar as noções de gestão de riscos no contexto do setor público. Atenção, este curso é o novo nome do antigo ""Gestão de Riscos no Setor Público"".";Agentes públicos federais que participam do processo de decisão administrativa acerca do ato público de liberação de atividade econômica. Curso aberto, gratuito e com certificado, qualquer pessoa pode se inscrever.; 1 Estruturas de Gerenciamento e Bases Normativas 1.1 Gestão de Riscos 1.2 Declarações de posicionamento 1.3 Normas e regulamentações relacionadas 2 Estrutura do COSO ERM 2.1 Ambiente de controle 2.2 Fixação de objetivos 2.3 Identificação de eventos 2.4 Avaliação de riscos 2.5 Resposta aos riscos 2.6 Atividades de controle 2.7 Informação e comunicação 2.8 Monitoramento 3 Ciclo de gerenciamento de riscos corporativos 3.1 Metodologia de gerenciamento de riscos do MP 3.2 Etapas do gerenciamento de riscos ;16/04/2020;;
724;Gestão de Riscos em Projetos de Transformação Digital;https://www.escolavirtual.gov.br/curso/724;Governança;Enap;Secretaria de Governo Digital;10;30;Curso Aberto;Os projetos de transformação digital, sobretudo no setor público, ao promoverem inovação também carregam consigo muitos riscos, positivos e negativos. Este curso busca lhe oferecer o conhecimento necessário para gerir adequadamente esses riscos, oferecendo a eles respostas rápidas e eficazes, o que, ao final, possibilitará que você e sua equipe entreguem melhores produtos e serviços.;Agentes públicos, servidores dos órgãos e entidades da Administração Pública Federal. Curso aberto, gratuito e com certificado, qualquer pessoa pode se inscrever.;" Módulo 1: Introdução à Gestão de Riscos em Projetos de Transformação Digital; Módulo 2: Fases do Ciclo de Gestão de Riscos em Projetos de Transformação Digital; Módulo 3: Caso de uso da Gestão de Riscos em Projetos de Transformação Digital. ";24/12/2021;;
379;Governança de TIC no contexto da transformação digital;https://www.escolavirtual.gov.br/curso/379;Governança;Enap;Secretaria de Governo Digital;20;30;Curso Aberto;O curso abordará os principais conceitos e modelos de governança de TI e gestão de riscos, visando a atender ao Programa de Desenvolvimento de Capacidades para Transformação Digital no Poder Executivo federal denominado capacita.gov.br, bem como contribuir para o aumento efetivo da geração de benefícios à sociedade brasileira por meio da expansão do acesso às informações governamentais, da melhoria dos serviços públicos digitais e da ampliação da participação social.;Agentes públicos que atuam ou venham a atuar nas áreas de tecnologia da informação. Curso aberto, gratuito e com certificado, qualquer pessoa pode se inscrever.;Módulo 1 – Bases da governança de TICMódulo 2 – Governança de TIC no setor públicoMódulo 3 – Governança de TIC no contexto da transformação digitalMódulo 4 – Gestão de riscos;24/02/2021;;
348;Governança de TIC para o Governo Digital;https://www.escolavirtual.gov.br/curso/348;Governança;Enap;Secretaria de Planejamento, Governança e Gestão - RS;40;60;Curso Aberto;O curso de Governança de TIC para o Governo Digital está direcionado para a necessidade de aperfeiçoamento de gestores de TIC. Busca alcançar a integração e o aperfeiçoamento profissional, aprimorando competências e domínio de conteúdos específicos. Também busca reforçar a visão estratégica de TIC por meio da imersão prática e conceitual em conhecimentos de governança de TIC nas organizações públicas, com práticas inovadoras em governo digital.;Servidores Públicos lotados nos diversos órgãos da administração pública desde que autorizados pela sua gestão direta. Curso aberto, gratuito e com certificado, qualquer pessoa pode se inscrever.;Módulo 1: Mobilidade, ubiquidade e transformação digital – um novo governo para um novo cidadão.Módulo 2: Open Government / Governo 3.0 – novas tecnologias digitais para inovação no governo.Módulo 3: Governança de TIC – direitos decisórios em TICs.Módulo 4: Gestão de Serviços de TI como base para a entrega de serviços ao cidadão.Módulo 5: Gestão ágil de projetos.Módulo 6: Segurança da Informação.Módulo 7: Data analytics como suporte à tomada de decisão e à inteligência para o cidadão.;14/12/2020;;
140;Governo Aberto;https://www.escolavirtual.gov.br/curso/140;Governança;Enap;Delft University of Technology;40;60;Curso Aberto;O curso explora os fundamentos e objetivos do Governo Aberto e examina os desenvolvimentos atuais, incluindo a abertura e reutilização de dados governamentais, como a divulgação de dados pelos governos dos Estados Unidos e da Europa. ;Agentes públicos federais, estaduais e municipais interessados em temas relacionados a valores públicos (incluindo transparência e privacidade, em um contexto governamental), e em conhecer como as Tecnologias da Comunicação (TICs) podem ser usadas nas administrações públicas. Interessados nos fundamentos do Governo Aberto, na governança orientada por dados e na pesquisa orientada por dados, e profissionais e pesquisadores que trabalham em pesquisas relacionadas com os desafios para a abertura de governos. Curso aberto, gratuito e com certificado, qualquer pessoa pode se inscrever.;Introdução ao Governo Aberto. Desenvolvimentos das TICs influenciando o Governo Aberto. Evolução do Governo Digital. Partes interessadas em Governo Aberto. Ciclo de Elaboração de Políticas. O que são Dados Abertos do Governo? Processos de Dados de Governo Aberto: da coleta de dados ao uso de dados. Considerações ao abrir dados do governo. Portais de Dados Abertos. Análise Aberta de Dados de Pesquisa. Metadados para Dados de Governo Aberto. Aspectos Legais dos Dados de Governo Aberto. Tecnologias para Dados Abertos Vinculados. Governo Aberto e transparência. Participação no Governo Aberto. Estratégias de preservação de privacidade no Governo Aberto.;12/11/2018;;
1360;Democratizando BIM – Agentes Públicos;https://www.escolavirtual.gov.br/curso/1360;Infraestrutura;Enap;Agência Brasileira de Desenvolvimento Industrial;18;20;Curso Aberto;O curso foi elaborado com foco na necessidade de capacitar agentes públicos para a adoção e fiscalização do BIM (Building Information Modeling). Com base nas diretrizes da Nova Lei de Licitações, oferece conhecimentos essenciais para promover maior eficiência, transparência e inovação na gestão de obras públicas.;Agentes públicos e sociedade civil. Curso aberto, gratuito e com certificado. Qualquer pessoa pode se inscrever.;"Módulo 1: Licitação e Contratação de Projetos e Obras em BIM;Módulo 2: Fiscalização: Licitação e Contratação em BIM;Módulo 3: Formação de equipe BIM em entes públicos.";30/04/2025;;
228;Hotelaria Hospitalar;https://moodle.ebserh.gov.br/course/view.php?id=228;Hotelaria;3EC ;EBSERH;17;0;Curso Aberto;Apresentar as diretrizes do Serviço de Hotelaria Hospitalar da Rede Ebserh, além, claro das melhores práticas do mercado.;Recomendado para as equipes de hotelaria dos hospitais da Rede Ebserh, bem como demais interessados.;Ao final da capacitação os participantes terão condições de aplicar as melhores práticas para um serviço de hotelaria hospitalar e, assim, estruturar os Setores/Unidades de Hotelaria Hospitalar da Rede de acordo com as diretrizes da Ebserh.;;;
874;Democratizando BIM;https://www.escolavirtual.gov.br/curso/874;Infraestrutura;Enap;Agência Brasileira de Desenvolvimento Industrial;8;30;Curso Aberto;O BIM (Modelagem da Informação na Construção), entre outras definições, é uma forma colaborativa de trabalhar, sustentada por tecnologias digitais, que auxilia na tomada de decisões estratégicas em qualquer etapa do ciclo de vida da construção. Neste curso, você conhecerá os conceitos e aplicações sobre BIM, e a importância da sua adoção nos processos de melhoria das obras públicas e para o aumento da sua competitividade no mercado brasileiro.;Profissionais do setor de Engenharia, Arquitetura e Construção (AEC). Servidores públicos de qualquer esfera e Poder. Curso aberto, gratuito e com certificado, qualquer pessoa pode se inscrever.;Módulo 1: Conceituação Básica de BIMMódulo 2: Objetos BIM;31/10/2022;;
394;BIM - Conceituação Básica;https://www.escolavirtual.gov.br/curso/394;Infraestrutura;Enap;Ministério do Desenvolvimento, Indústria, Comércio e Serviços;16;30;Curso Aberto;Entenda os conceitos fundamentais da Modelagem da Informação da Construção ou Building Information Modeling (BIM). Abrange um conjunto, em expansão, de tecnologias, processos e políticas que permitem que vários envolvidos possam, colaborativamente, criar, utilizar e atualizar modelos tridimensionais e digitais de qualquer tipo de construção, sejam edificações, instalações ou infraestrutura. O Governo Federal desenvolveu e publicou a Estratégia BIM BR que tem como um dos objetivos estratégicos o estímulo à capacitação em BIM. Inscreva-se!;Gestores públicos envolvidos com os processos de demanda, análise e fiscalização de contratos de obras públicas desenvolvidas com o uso do BIM. Inclui também estudantes de arquitetura e engenharia e profissionais que atuam na indústria da construção civil. Curso aberto, gratuito e com certificado, qualquer pessoa pode se inscrever.;Parte 1 - Conceitos.Parte 2 - Fundamentos.Parte 3 - Mandatos e referências técnicas.Parte 4 - Usos e soluções BIM.;19/01/2022;;
757;BIM - Fluxos de Trabalho;https://www.escolavirtual.gov.br/curso/757;Infraestrutura;Enap;Ministério do Desenvolvimento, Indústria, Comércio e Serviços;16;30;Curso Aberto;O curso se refere à um conjunto, em expansão, de tecnologias, processos e políticas que permitem que vários envolvidos possam, colaborativamente, criar, utilizar e atualizar modelos tridimensionais e digitais de qualquer tipo de construção, sejam edificações, instalações ou infraestrutura. Trata-se de um novo paradigma, ainda não inteiramente difundido no país cuja utilização exige mudanças.;Gestores públicos envolvidos com os processos de demanda, análise e fiscalização de contratos de obras públicas desenvolvidas com o uso do BIM, estudantes de arquitetura e engenharia e profissionais que atuam na indústria da construção civil. Curso aberto, qualquer pessoa pode se inscrever.;Parte 1 – Contratos e Fluxos de TrabalhoParte 2 – Entregáveis em BIMParte 3 – Interoperabilidade e Open BIM;20/04/2022;;
756;BIM - Implantação;https://www.escolavirtual.gov.br/curso/756;Infraestrutura;Enap;Ministério do Desenvolvimento, Indústria, Comércio e Serviços;16;30;Curso Aberto;Modelagem da Informação da Construção ou Building Information Modeling (BIM) se refere à um conjunto, em expansão, de tecnologias, processos e políticas que permitem que vários envolvidos possam, colaborativamente, criar, utilizar e atualizar modelos tridimensionais e digitais de qualquer tipo de construção, sejam edificações, instalações ou infraestrutura.;Gestores públicos envolvidos com os processos de demanda, análise e fiscalização de contratos de obras públicas desenvolvidas com o uso do BIM. Inclui também estudantes de arquitetura e engenharia e profissionais que atuam na indústria da construção civil. Curso aberto, gratuito e com certificado, qualquer pessoa pode se inscrever.;Módulo 1 - Fundamentos da Implantação BIMMódulo 2 - Pessoas, casos de usos e projetos pilotosMódulo 3 - Informações, infraestrutura e maturidade BIM;20/04/2022;;
796;BIM - Projetos, Planejamento, Orçamentos e Contratos de Construção;https://www.escolavirtual.gov.br/curso/796;Infraestrutura;Enap;Ministério do Desenvolvimento, Indústria, Comércio e Serviços;16;30;Curso Aberto;Você irá conhecer a metodologia Building Information Modeling (BIM) para o planejamento e gestão de projetos, orçamentos e contratos de construção. Processos de projeto de arquitetura e engenharia em BIM evoluem de maneira diferente quando comparados à maneira tradicional, baseada apenas em documentos criados com o CAD, porque apresentam novos requisitos, possuem outras características que permitem que vários envolvidos possam, colaborativamente, criar, utilizar e atualizar modelos tridimensionais e digitais de qualquer tipo de construção, sejam edificações, instalações ou infraestrutura.;Gestores e Servidores públicos, estudantes e profissionais do Setor de Arquitetura e Construção e demais interessados no assunto. Curso aberto, gratuito e com certificado, qualquer pessoa pode se inscrever.;Parte 1: ProjetosParte 2: Orçamentos e PlanejamentoParte 3: Contratações e ResponsabilidadesParte 4: Tendências Contratuais;16/12/2022;;
933;Boas práticas para a modernização dos Códigos de Obras e Edificações;https://www.escolavirtual.gov.br/curso/933;Infraestrutura;Enap;Ministério do Desenvolvimento, Indústria, Comércio e Serviços;20;30;Curso Aberto;Neste curso, serão apresentados conceitos técnicos e regramentos legais para ocupação do solo urbano e modelos de gestão utilizados na simplificação, aperfeiçoamento e convergência entre os Códigos de obras e edificações municipais e entre o rito de concessão de alvarás de construção, em âmbito nacional. Você irá conhecer boas práticas implementadas por municípios de todas as regiões do Brasil e as principais diretrizes do Guia Orientativo elaborado sobre o assunto pelo Programa Construa Brasil, do Governo Federal.;Servidores e técnicos de prefeituras e de outros órgãos envolvidos nos processos controle urbano (normatização, licenciamento e fiscalização). Vereadores, representantes das câmaras municipais e de conselhos de políticas públicas. Arquitetos e urbanistas, engenheiros e técnicos de edificações, construtoras e incorporadoras. Estudantes e demais atores e segmentos da sociedade civil interessados.;Módulo 1: Conceitos e regramentos para compreender o porquê modernizar é preciso.Módulo 2: Boas Práticas para modernização dos Códigos de Obras e Edificações.;03/05/2023;;
896;Cobrança pela Prestação do Serviço Público de manejo de RSU;https://www.escolavirtual.gov.br/curso/896;Infraestrutura;Enap;Agência Nacional de Águas e Saneamento Básico;30;30;Curso Aberto;Este curso aborda o conteúdo do Manual Orientativo Sobre a Norma de Referência Nº 1/ANA/2021, que dispõe sobre as regras de cobrança pela prestação do serviço público de manejo de resíduos sólidos urbanos.;Entidades reguladoras do serviço e órgãos de controle, representantes em instância colegiada: comitês de bacias, conselhos etc. Servidores/funcionários de órgão executivo: nacional, estadual, municipal, entidade delegatária/agência de bacia. Sociedade em geral. Curso aberto, gratuito e com certificado, qualquer pessoa pode se inscrever.;Módulo 1 - O SMRSU, a Regulação e a Política de Cobrança.Módulo 2 - Aspectos Institucionais da Gestão do SMRSU.Módulo 3 - Atividades Para Implementação ou Adequação da Política de Cobrança pelo SMRSU.Módulo 4 - Condições e Elementos Específicos da Regulação do Regime Tarifário.;30/12/2022;;
949;Contratação e Fiscalização de Obras Públicas;https://www.escolavirtual.gov.br/curso/949;Infraestrutura;Enap;Tribunal de Contas do Estado do Rio de Janeiro;30;30;Curso Aberto;Neste curso, você irá identificar e executar as diferentes etapas e procedimentos de contratação de uma obra pública e irá reconhecer as exigências de sua execução contratual para verificar eventuais irregularidades nos seus diferentes processos e suas possíveis sanções.;Servidores públicos de qualquer esfera e Poder, em especial, os atuantes nas áreas de planejamento, licitação, contratação e fiscalização de obras e serviços de engenharia. Curso aberto, gratuito e com certificado, qualquer pessoa pode se inscrever.;Módulo 1: Planejamento da Contratação.??Módulo 2: Execução Contratual e Utilização do Objeto.Módulo 3: Principais Irregularidades e Possíveis Sanções.;06/06/2023;;
71421;Curso do Módulo de Monitoramento e Gerenciamento de Obras - MMGO;https://moodle.ebserh.gov.br/course/view.php?id=71421;Infraestrutura;3EC ;EBSERH;3;0;Curso Aberto;Compreender as etapas que integram o sistema de monitoramento e gerenciamento de obras (MMGO), com base nas características das obras hospitalares e dos normativos e fluxos que as regem na Rede Ebserh.;Engenheiros, chefes de setor e demais profissionais que atuam no controle e gerenciamento de obras na Rede Ebserh.;"Ao final do curso, o participante poderá: Conhecer as etapas de planejamento da contratação de obras públicas; Ter conhecimento dos trâmites e etapas de licitações públicas; Identificar os requisitos para formalização dos contratos de obras públicas; Entender o procedimento para realização de medições de acompanhamento da evolução de obras públicas; Cadastrar os documentos relativos ao pagamento das medições de acompanhamento da evolução de obras públicas; Aplicar os procedimentos para realização de medições de acompanhamento da evolução de obras públicas e Gerenciar as obras hospitalares da Rede Ebserh no MMGO.";;;
1361;Eixo 1 - Mapeando tendências em governança e gestão das empresas estatais Programa - Inova: Governança e Gestão das Estatais;https://www.escolavirtual.gov.br/curso/1361/;Infraestrutura;Enap;Enap - Escola Nacional de Administração Pública;49;365;Curso Aberto;Como fortalecer a eficiência, a ética e a sustentabilidade na gestão das estatais? Neste eixo, você irá explorar as tendências em governança corporativa, os desafios da gestão pública e o papel do Estado na modernização e no aprimoramento da atuação das empresas estatais no Brasil.;Desenvolvida com foco em diretores(as), conselheiros(as) de administração, empregados(as) de empresas estatais, pessoas servidoras públicas dos ministérios setoriais que atuam na supervisão das empresas estatais e demais pessoas interessadas.;Eixo 1 - Mapeando tendências em governança e gestão de empresas estatais;15/07/2025;;
1362;Eixo 2 - Transformando a realidade tecnológica e produtiva das empresas estatais no Brasil Programa - Inova: Gestão e Governança de Estatais;https://www.escolavirtual.gov.br/curso/1362/;Infraestrutura;Enap;Enap - Escola Nacional de Administração Pública;44;363;Curso Aberto;Como as estatais impulsionam o desenvolvimento econômico e tecnológico do país? Neste eixo, você irá conhecer a trajetória histórica das estatais, compreender os modelos de gestão adotados e explorar os mecanismos de inovação que promovem sua modernização e competitividade no cenário atual.;Desenvolvida com foco em diretores(as), conselheiros(as) de administração, empregados(as) de empresas estatais, pessoas servidoras públicas dos ministérios setoriais que atuam na supervisão das empresas estatais e demais pessoas interessadas.;Eixo 2 - Transformando a realidade tecnológica e produtiva das empresas estatais Programa - Governança e Desempenho de Estatais;15/07/2025;;
1363;Eixo 3 - Inovando e enfrentando desafios na gestão das empresas estatais Programa - Inova: Gestão e Governança de Estatais;https://www.escolavirtual.gov.br/curso/1363/;Infraestrutura;Enap;Enap - Escola Nacional de Administração Pública;37;367;Curso Aberto;Como inovar e enfrentar os desafios atuais na gestão das estatais? Neste eixo, você irá explorar temas como gestão de talentos, diversidade, sustentabilidade e cultura de inovação, podendo promover práticas eficientes que alinhem governança, responsabilidade social e desenvolvimento sustentável;Desenvolvida com foco em diretores(as), conselheiros(as) de administração, empregados(as) de empresas estatais, pessoas servidoras públicas dos ministérios setoriais que atuam na supervisão das empresas estatais e demais pessoas interessadas.;Eixo 3 - Inovando e enfrentando desafios na gestão das empresas estatais Programa - Governança e Desempenho de Estatais;15/07/2025;;
940;Fiscalização de projetos e obras de engenharia;https://www.escolavirtual.gov.br/curso/940;Infraestrutura;Enap;Secretaria Especial da Receita Federal do Brasil;40;60;Curso Aberto;Este curso é uma ótima oportunidade para profissionais que trabalham na área de obras e serviços de engenharia se capacitarem em relação aos principais conceitos, procedimentos e ações que devem ser observados na fiscalização de projetos e obras de engenharia, especificamente em edificações, que é uma área precípua da Receita Federal do Brasil. Baseado nas experiências desta instituição, o curso aborda de forma geral procedimentos e ações para a fiscalização de projetos e obras de engenharia com foco em edificações.;O curso destina-se a servidores que trabalham na área de obras e serviços de engenharia. Curso aberto, gratuito e com certificado, qualquer pessoa pode se inscrever.;"Módulo 1: Noções prévias de fiscalização de projetos e obras;Módulo 2: Projeto de edificações;Módulo 3: Planilha orçamentária;Módulo 4: Obra.";19/05/2023;;
1420;Fundamentos Jurídicos de Regulação e Infraestrutura;https://www.escolavirtual.gov.br/curso/1420;Infraestrutura;Enap;Secretaria de Competitividade e Política Regulatória (SCPR/MDIC);20;30;Curso Aberto;Conheça os fundamentos da regulação pública, além de supervisão e boas práticas de gestão estratégica, com foco no aprimoramento da relação entre os setores público e privado para o desenvolvimento sustentável e eficiente da infraestrutura. Curso gratuito, com certificado, destinado a servidores públicos de todas as esferas e a qualquer pessoa interessada no tema.;Servidores públicos de todas esferas administrativas, pessoas que exercem funções em órgãos reguladores do setor de infraestrutura e demais interessados no tema.;Módulo 1: Introdução à regulação: conformação histórica, princípios e fundamentos legaisMódulo 2: Função Regulatória: poder normativo, atuação, alcance e limitaçõesMódulo 3: Controle da atividade regulatóriaMódulo 4: Regulação dos setores de infraestrutura: Boas práticas e especificidades setoriaisMódulo Complementar (Não obrigatório): métodos alternativos de resolução de conflitos em regulação;29/09/2025;;
1081;Gestão de Cidades e Contexto da Infraestrutura Urbana;https://www.escolavirtual.gov.br/curso/1081;Infraestrutura;Enap;Instituto de Planejamento e Gestão de Cidades - IPGC;15;30;Curso Aberto;Neste curso, você conhecerá os principais arranjos do planejamento e da gestão de cidades na área de infraestrutura social e urbana. São apresentados conceitos e instrumentos públicos relacionados ao tema e abordados os aspectos gerais do orçamento público e do ciclo orçamentário. O curso foi desenvolvido pelo Instituto de Planejamento e Gestão de Cidades (IPGC) e pela Fundação João Pinheiro (FJP);Gestores públicos municipais, servidores públicos de qualquer esfera e poder, bem como cidadãos em geral.;Gestão de Cidades e Contexto da Infraestrutura Urbana;15/03/2024;;
1023;Instrumentos de Desenvolvimento Urbano Sustentável - Financiamento;https://www.escolavirtual.gov.br/curso/1023;Infraestrutura;Enap;Ministério das Cidades;20;30;Curso Aberto;Neste curso você compreenderá o contexto econômico, regulatório e institucional do financiamento do desenvolvimento urbano no Brasil e as possíveis estratégias para não só aumentar a arrecadação e o financiamento a nível local, como também acessar fontes alternativas de recursos para o desenvolvimento sustentável.;Atuantes na administração pública em nível federal, estadual e municipal. Pesquisadoras e pesquisadores e pessoas interessadas na temática, de modo geral. Curso aberto, gratuito e com certificado, qualquer pessoa pode se inscrever.;Módulo 1: Contexto Federal e a experiência brasileira no financiamento fiscal do desenvolvimento urbano sustentável.Módulo 2: Planejamento, gestão e execução do orçamento público e os tipos de fundo orçamentário.Módulo 3: Instrumentos e mecanismos para ampliação da arrecadação municipal.Módulo 4: Cooperação supranacional, finanças verdes e o terceiro setor.;21/11/2023;;
1030;Instrumentos de Desenvolvimento Urbano Sustentável - Gestão;https://www.escolavirtual.gov.br/curso/1030;Infraestrutura;Enap;Ministério das Cidades;30;30;Curso Aberto;Descubra quais são as atribuições dos governos locais na promoção do Desenvolvimento Urbano Sustentável! Neste curso você conhecerá as leis que orientam a gestão urbana a nível municipal e mais especificamente como implementar instrumentos de licenciamento urbano e ambiental, de controle urbano, de zeladoria urbana e de zoneamento, tais como as Zonas Especiais de Interesse Social (ZEIS).;Atuantes na administração pública em nível federal, estadual e municipal. Pesquisadoras e pesquisadores e pessoas interessadas na temática, de modo geral. Curso aberto, gratuito e com certificado, qualquer pessoa pode se inscrever.;Módulo 1 - Fazendo as coisas acontecerem: a gestão do desenvolvimento urbanoMódulo 2 - Implementação de políticas urbanas e competências locaisMódulo 3 - Reafirmando o compromisso da gestão do desenvolvimento urbano com direito à cidade dos territórios vulnerabilizados.Módulo 4 - Redes de apoio à gestão de desenvolvimento urbano sustentável;22/11/2023;;
1016;Instrumentos de Desenvolvimento Urbano Sustentável - Governança;https://www.escolavirtual.gov.br/curso/1016;Infraestrutura;Enap;Ministério das Cidades;20;30;Curso Aberto;Descubra como os níveis de governo podem cooperar para alcançar o Desenvolvimento Urbano Sustentável! Neste curso você verá como o federalismo brasileiro condiciona a distribuição de recursos e como a União, estados e municípios podem se fortalecer atuando conjuntamente. Você conhecerá também o que são as funções públicas de interesse comum e como elas impactam na governança interfederativa.;Atuantes na administração pública em nível federal, estadual e municipal. Pesquisadoras e pesquisadores e pessoas interessadas na temática, de modo geral. Curso aberto, gratuito e com certificado, qualquer pessoa pode se inscrever.;Módulo 1 - O desenvolvimento urbano sustentável no contexto federativo brasileiroMódulo 2 - Governança urbana interfederativa: conceitos e definições geraisMódulo 3 – Governança urbana interfederativa: a experiência dos consórcios públicos intermunicipaisMódulo 4 – Governança urbana interfederativa: a experiência das associações de municípiosMódulo 5 – Governança urbana intramunicipalMódulo 6 – Avançando na prática: contribuições e experiências para uma agenda local de governança – parte 1 e parte 2;16/11/2023;;
1018;Instrumentos de Desenvolvimento Urbano Sustentável - Informações;https://www.escolavirtual.gov.br/curso/1018;Infraestrutura;Enap;Ministério das Cidades;25;30;Curso Aberto;As informações podem se tornar grandes aliadas para a promoção do Desenvolvimento Urbano Sustentável. Neste curso você conhecerá casos práticos de como levantar dados a nível local e como disponibilizá-los para a população, usando por exemplo o Cadastro Territorial Multifinalitário e os Sistemas de Informações Geográficas como subsídio para a tomada de decisão.;Atuantes na administração pública em nível federal, estadual e municipal. Pesquisadoras e pesquisadores e pessoas interessadas na temática, de modo geral. Curso aberto, gratuito e com certificado, qualquer pessoa pode se inscrever.;Módulo 1 – Conceitos e definições geraisMódulo 2 – Aquisição de dadosMódulo 3 - Sistema de informações geográficasMódulo 4 – Dados abertos;16/11/2023;;
1017;Instrumentos de Desenvolvimento Urbano Sustentável - Introdução;https://www.escolavirtual.gov.br/curso/1017;Infraestrutura;Enap;Ministério das Cidades;30;30;Curso Aberto;Você já ouviu falar de Desenvolvimento Urbano Sustentável? Neste curso você irá conhecer como essa ideia surgiu e o que ela pode representar para as cidades brasileiras. Você também aprenderá a analisar as problemáticas e possibilidades das paisagens naturais e construídas e terá contato com instrumentos e práticas concretas para promover o desenvolvimento urbano sustentável.;Atuantes na administração pública em nível federal, estadual e municipal. Pesquisadoras e pesquisadores e pessoas interessadas na temática, de modo geral. Curso aberto, gratuito e com certificado, qualquer pessoa pode se inscrever.;Módulo 1 - O desenvolvimento urbano sustentável: instrumentos como meio para implementar uma nova visão de cidade e de sociedade.Módulo 2 - O desenvolvimento urbano a partir de categorias de interpretação e de ação.Módulo 3 – O desenvolvimento urbano a partir das escalas de problemas territoriais.Módulo 4 – O desenvolvimento urbano a partir das escalas de atuação, competências e responsabilidades.Módulo 5 – Conceitos técnicos fundamentais dos meios natural e construído.Módulo 6 – Conceitos técnicos fundamentais da regulação urbanística.;16/11/2023;;
1019;Instrumentos de Desenvolvimento Urbano Sustentável - Planejamento;https://www.escolavirtual.gov.br/curso/1019;Infraestrutura;Enap;Ministério das Cidades;25;30;Curso Aberto;Você sabe por onde começar para planejar políticas de Desenvolvimento Urbano Sustentável? Neste curso você conhecerá alguns dos principais instrumentos para o planejamento territorial e como aplicá-los. Você exercitará também uma postura crítica em relação a situação atual dos municípios brasileiros e aprenderá a formular propostas que considerem diferentes variáveis e condicionantes locais.;Atuantes na administração pública em nível federal, estadual e municipal. Pesquisadoras e pesquisadores e pessoas interessadas na temática, de modo geral. Curso aberto, gratuito e com certificado, qualquer pessoa pode se inscrever.;Módulo 1 - O Panejamento Territoril para o desenvolvimento urbano sustentávelMódulo 2 - Plano diretor e instrumentos de planejamento territorial sustentável;16/11/2023;;
779;Integração e Interoperabilidade BIM;https://www.escolavirtual.gov.br/curso/779;Infraestrutura;Enap;Ministério do Desenvolvimento, Indústria, Comércio e Serviços;16;30;Curso Aberto;Neste curso, você conhecerá as principais tecnologias e o padrão de codificações que contribuem para a integração e interoperabilidade no uso da Modelagem da Informação da Construção ( Building Information Modeling - BIM). Além disso, são apresentados os principais templates e softwares aplicados ao BIM. Quer saber mais? Faça sua inscrição.;Gestores públicos envolvidos nos processos de demanda, análise e fiscalização de contratos de obras públicas que utilizam o BIM. Curso aberto, gratuito e com certificado, qualquer pessoa pode se inscrever;Parte 1: Tecnologias Correlatas ao BIM e IntegraçõesParte 2: Padrão de Codificação de InformaçõesParte 3: Integração e Interoperabilidade BIMParte 4: Ambiente Comum de Dados;22/06/2022;;
816;Introdução à Auditoria de Obras Públicas;https://www.escolavirtual.gov.br/curso/816;Infraestrutura;Enap;Tribunal de Contas do Estado do Rio de Janeiro;30;30;Curso Aberto;O curso é uma iniciativa do Instituto Rui Barbosa - IRB, com o apoio do ISC/TCU, e desenvolvido pela Escola de Contas e Gestão do TCE-RJ, em parceria com TCE-PR, TCE-RN, TCE-RJ, TCE-RS e TCMGO. Tem como objetivo capacitar servidores de tribunais de contas na compreensão das etapas da Auditoria de Obras Públicas a partir das NBASP.;Servidores de tribunais de contas que atuem em auditoria de obras públicas. Servidores públicos de qualquer esfera e Poder, bem como cidadãos em geral. Curso aberto, qualquer interessado pode se inscrever.;Módulo 1: Contexto, licitação e projeto.Módulo 2: Análise de preços da obra.Módulo 3: Análise da execução de contratos/aditamentos.Módulo 4: Etapas da auditoria/instrução processual.;28/04/2022;;
386;Metrologia Básica;https://www.escolavirtual.gov.br/curso/386;Infraestrutura;Enap;Instituto Nacional de Metrologia, Qualidade e Tecnologia;20;30;Curso Aberto;Transmitir aos participantes os conceitos fundamentais da Metrologia. A metrologia é uma ciência que engloba todos os aspectos teóricos e práticos da medição. Você aprenderá sobre as noções gerais de metrologia, sua infraestrutura nacional e mundial e o seu campo de atuação. Também é ressaltado a importância da Metrologia para o cidadão, para as indústrias e para a sociedade como um todo, utilizando-se de exemplos práticos da aplicação de Metrologia no dia a dia.;Qualquer pessoa interessada no tema. Curso aberto, gratuito e com certificado, qualquer pessoa pode se inscrever.;Introdução à MetrologiaSistema Internacional de UnidadesConceitos Técnicos em MetrologiaO Inmetro e a MetrologiaNoções de Avaliação da ConformidadeNoções de AcreditaçãoNoções de Metrologia Legal;26/02/2021;;
1014;Modelo de Cinco Dimensões Aplicado a Projetos de Investimento;https://www.escolavirtual.gov.br/curso/1014;Infraestrutura;Enap;Secretaria Especial do Programa para Parcerias de Investimentos (SEPPI);20;20;Curso Aberto;Todo projeto ou programa de infraestrutura precisa demonstrar como ele pode ser implementado. Para isso serve o Modelo de Cinco Dimensões, uma metodologia para a construção de estudos de viabilidade que nasceu no Reino Unido. Venha conhecer mais sobre a metodologia e aprender como fazer estudos que auxiliam na tomada de decisões de maneira transparente e apoiada em dados!;Servidores do governo federal e de outros entes federados envolvidos na estruturação de projetos de investimento de grande vulto. Curso aberto, gratuito e com certificado, qualquer pessoa pode se inscrever.;"Módulo 1: Contexto e Aplicabilidade do Modelo de Cinco Dimensões;Módulo 2: Avaliação de Projetos pela Dimensão Estratégica;Módulo 3: Avaliação de Projetos pela Dimensão Econômica;Módulo 4: Avaliação de Projetos pela Dimensão Comercial;Módulo 5: Avaliação de Projetos pela Dimensão Financeira;Módulo 6: Avaliação de Projetos pela Dimensão Gerencial.";30/09/2024;;
708;S2ID - M2 - Usuário Estadual - Execução das Ações de Resposta;https://www.escolavirtual.gov.br/curso/708;Infraestrutura;Enap;Ministério da Integração e Desenvolvimento Regional;30;30;Curso Aberto;O curso faz parte do Módulo 2 da Capacitação para utilização do Sistema Integrado de Informações sobre Desastres – S2ID.?Nele você irá compreender como ocorre o processo de aplicação dos recursos transferidos pela Sedec para as ações de resposta (socorro, assistência e restabelecimento) ao desastre.;Destina-se aos usuários do S2ID, especificamente da esfera estadual. Curso aberto, gratuito e com certificado, qualquer pessoa pode se inscrever.;"Módulo 1: Introdução;Módulo 2: Realização dos Lançamentos;Módulo 3: Preenchimento do Relatório de Execução;Módulo 4: Solicitação da Prorrogação do Prazo.";14/10/2021;;
754;S2ID - M2 - Usuário Estadual - Prestação de Contas das Ações de Resposta;https://www.escolavirtual.gov.br/curso/754;Infraestrutura;Enap;Ministério da Integração e Desenvolvimento Regional;40;60;Curso Aberto;O curso faz parte do Módulo 2 da Capacitação para utilização do Sistema Integrado de Informações sobre Desastres – S2ID. Neste curso você vai aprender a utilizar o S2ID para saber como solicitar a revisão ou devolução integral de recursos e como realizar a prestação de contas dos recursos transferidos pela Sedec ao seu estado para as ações de socorro, assistência e restabelecimento.;Usuários do S2ID, especificamente da esfera estadual. Curso aberto, gratuito e com certificado, qualquer pessoa pode se inscrever.;Módulo 1 – IntroduçãoMódulo 2 – Solicitações de ExecuçãoMódulo 3 – Solicitação da Devolução Integral do RecursoMódulo 4 – Solicitação da Revisão de RecursoMódulo 5 – Casos de Uso de Revisão em RespostaMódulo 6 – Relatórios de Prestação de Contas;17/01/2022;;
752;S2ID - M2 - Usuário Federal - Execução das Ações de Resposta;https://www.escolavirtual.gov.br/curso/752;Infraestrutura;Enap;Ministério da Integração e Desenvolvimento Regional;35;60;Curso Aberto;O curso faz parte do Módulo 2 (etapa de Resposta) dessa capacitação e, ao estudá-lo, você vai aprender como utilizar o S2ID em relação à análise e ao acompanhamento da aplicação dos recursos transferidos pela Sedec para execução das ações de resposta nos municípios afetados por desastres.;Usuários do S2ID (especificamente da esfera federal), aos servidores públicos de qualquer esfera e poder, assim como aos cidadãos em geral com interesse no conteúdo.Curso aberto, gratuito e com certificado, qualquer pessoa pode se inscrever.;Módulo 1: IntroduçãoMódulo 2: Acessar o Painel de ControleMódulo 3: Análise do Relatório de ExecuçãoMódulo 4: Análise de Solicitação de RevisãoMódulo 5: Tramitação da Revisão do RecursoMódulo 6: Análise da Solicitação de Prorrogação de Prazo;18/01/2022;;
709;S2ID - M3 - Usuário Estadual - Acompanhamento das Obras de Reconstrução;https://www.escolavirtual.gov.br/curso/709;Infraestrutura;Enap;Ministério da Integração e Desenvolvimento Regional;25;30;Curso Aberto;O curso M3 – Acompanhamento das Obras de Reconstrução faz parte do Módulo 3 da Capacitação para utilização do Sistema Integrado de Informações sobre Desastres - S2ID.?Neste curso, você vai aprender como utilizar o S2ID em relação à aplicação dos recursos transferidos pela Sedec para as obras de reconstrução no seu município.;Destina-se aos usuários do S2ID, especificamente da esfera estadual. Curso aberto, gratuito e com certificado, qualquer pessoa pode se inscrever.;"Módulo 1 – Introdução;Módulo 2 – Preencher o relatório de progresso;Módulo 3 – Solicitar prorrogação de prazo;Módulo 4 – Solicitar liberação de parcela.";14/10/2021;;
714;S2ID - M3 - Usuário Estadual - Solicitação de Recursos para Obras de Reconstrução;https://www.escolavirtual.gov.br/curso/714;Infraestrutura;Enap;Ministério da Integração e Desenvolvimento Regional;40;60;Curso Aberto;O curso faz parte do Módulo 3 da Capacitação para utilização do Sistema Integrado de Informações sobre Desastres – S2ID.?Nele, você vai aprender a utilizar o S2ID para realizar a solicitação de recursos para obras de reconstrução após a situação de emergência (SE) ou estado de calamidade pública (ECP) no seu estado ter sido reconhecida pelo Governo Federal.;Usuários do S2ID, especificamente da esfera estadual. Curso aberto, gratuito e com certificado, qualquer pessoa pode se inscrever.;"Unidade 1 – Introdução;Unidade 2 – Requisitos para Solicitação de Recursos para Obras de Reconstrução;Unidade 3 – Acompanhamento da Solicitação de Recursos para Reconstrução;Unidade 4 – Formalização da Contratação;Unidade 5 – Transferência de Recursos.";17/11/2021;;
782;S2ID - M3 - Usuário Federal - Solicitação de Recursos para Obras de Reconstrução;https://www.escolavirtual.gov.br/curso/782;Infraestrutura;Enap;Ministério da Integração e Desenvolvimento Regional;40;60;Curso Aberto;Destina-se a usuários do S2ID, especificamente da esfera federal (Analista Core, Coordenador-Geral CGRR, Diretor DOP e Secretário), servidores públicos de qualquer esfera e Poder, bem como cidadãos em geral. Curso aberto, qualquer pessoa pode se inscrever.;Destina-se a usuários do S2ID, especificamente da esfera federal (Analista Core, Coordenador-Geral CGRR, Diretor DOP e Secretário), servidores públicos de qualquer esfera e Poder, bem como cidadãos em geral. Curso aberto, qualquer pessoa pode se inscrever.;Unidade 1 – IntroduçãoUnidade 2 – Acesso ao Módulo de ReconstruçãoUnidade 3 – Análise do Plano de Trabalho v1Unidade 4 – Análise do Plano de Trabalho v2 (Artigo 11)Unidade 5 – Análise do Artigo 13Unidade 6 – Abas Importantes do Eixo de ReconstruçãoUnidade 7 – Acessar a “Visão municipal – Consulta”Unidade 8 – Relatórios;05/04/2022;;
391;S2ID - M3 - Usuário Municipal - Solicitação de Recursos para Obras de Reconstrução;https://www.escolavirtual.gov.br/curso/391;Infraestrutura;Enap;Ministério da Integração e Desenvolvimento Regional;40;60;Curso Aberto;Este curso integra o Módulo 3 da capacitação para utilização do Sistema Integrado de Informações sobre Desastres - S2ID. Ele foi desenvolvido com o intuito de capacitar os usuários do S2ID a conhecerem as etapas de preenchimento da solicitação de recursos para obras de restabelecimento e suas especificidades.;Usuários do S2ID, especificamente da esfera municipal. Curso aberto, gratuito e com certificado, qualquer pessoa pode se inscrever.;Unidade 1 – IntroduçãoUnidade 2 – Requisitos para Solicitação de Recursos para Obras de ReconstruçãoUnidade 3 – Acompanhamento da Solicitação de Recursos para Obras de ReconstruçãoUnidade 4 – Formalização da ContrataçãoUnidade 5 – Transferências de Recursos  ;19/04/2021;;
72042;Treinamento para operação/manuseio do software SEOBRA;https://moodle.ebserh.gov.br/course/view.php?id=72042;Infraestrutura;3EC ;EBSERH;25;0;Curso Aberto;Com o uso do SEOBRA as unidades da EBSERH que disporem de acesso ao software poderão elaborar os orçamentos de obras/manutenções com maior precisão e agilidade.;Arquitetos, Engenheiros Civis, Eletricistas e Mecânicos da Rede Ebserh.;O software SEOBRA é especializado em criação/manutenção de orçamento de obras utilizando dados e preços de tabelas oficiais tais como SINAPI e SICRO que são fornecidas pelo governo federal através da Caixa Econômica Federal (CEF) e o Departamento Nacional de Infraestrutura (DNIT).;;;
645;Módulo de Obras: Cadastro do Projeto Básico;https://www.escolavirtual.gov.br/curso/645;Infraestrutura;Enap;Secretaria de Gestão e Inovação (SEGES/MGI);10;;;Registre e analise o Projeto Básico de obras no Transferegov.br! O curso aborda o módulo de obras na plataforma, o registro do Projeto Básico pelo convenente e a análise pelo concedente ou mandatária. Destinado a gestores e técnicos convenentes e concedentes que precisam operacionalizar o Módulo de Obras do Transferegov.br, garantindo o correto registro e análise do Projeto Básico como etapa essencial para o início da execução das obras financiadas com recursos federais.;Agentes envolvidos direta e indiretamente no processo de transferências da União. Curso aberto, gratuito e com certificado, qualquer pessoa pode se inscrever.;"Módulo 1: Módulo de Obras no Transferegov.br;Módulo 2: Registro do Projeto Básico pelo Convenente/Recebedor;Módulo 3: Análise do Projeto Básico pelo Concedente ou Mandatária.";;;
1489;Obras Públicas: contratação e fiscalização sob o enfoque da Lei 14.133/21;https://www.escolavirtual.gov.br/curso/1489;Infraestrutura;Enap;Tribunal de Contas do Estado do Rio de Janeiro;30;;;Contrate e fiscalize obras públicas com segurança sob o enfoque da Nova Lei de Licitações! O curso aborda o planejamento da contratação, a execução contratual e a utilização do objeto, e as principais irregularidades e possíveis sanções previstas na Lei nº 14.133/2021. Destinado a gestores, engenheiros, fiscais de obra e agentes de contratação que precisam atuar em conformidade com o novo marco legal das obras públicas.;Servidores da administração pública que atuem, direta ou indiretamente, no planejamento, licitação, contratação e fiscalização de obras. Curso aberto, gratuito e com certificado.;Módulo 1: Planejamento da Contratação.??Módulo 2: Execução Contratual e Utilização do Objeto.Módulo 3: Principais Irregularidades e Possíveis Sanções;;;
1512;Introdução aos Fundamentos do BIM;https://www.escolavirtual.gov.br/programa/1512;Infraestrutura;Enap;Tribunal de Contas do Estado do Rio de Janeiro;24;;;Inicie sua jornada no BIM e compreenda seus fundamentos para atuar com mais segurança! O curso aborda a definição, história, princípios e vantagens do BIM, os elementos centrais e paradigmas CAD x BIM, os modelos de contratação, a prática colaborativa, as ferramentas tecnológicas, as normativas e políticas públicas e um estudo de caso. Destinado a engenheiros, arquitetos, gestores de obras e técnicos que desejam compreender os conceitos fundamentais do BIM.;Servidores públicos de qualquer esfera e Poder atuantes no planejamento, contratação, execução e monitoramento de Obras Públicas e cidadãos em geral interessados na temática. Curso aberto, gratuito e com certificado, qualquer pessoa pode se inscrever.;Módulo 1Introdução ao BIM (Building Information Modeling): definição, história, princípios e vantagensMódulo 2Elementos Centrais do BimParadigmas CAD e BIMModelo de Contratação e BIMMódulo 3Prática ColaborativaFerramentas Tecnológicas e Processos BIMNormativas e Políticas PúblicasEstudo de Caso – Aplicações Práticas;;;
1398;Gestão Estratégica e Inovação nas Empresas Estatais;https://www.escolavirtual.gov.br/curso/1398;Inovação;Enap;Secretaria de Coordenação e Governança das Empresas Estatais (SEST);30;;;Desenvolva estratégia e inovação nas empresas estatais com foco em resultados e responsabilidade! O curso aborda planejamento estratégico, plano de negócios e metas, a agenda ODS/ESG e diversidade, políticas públicas aplicadas às estatais e inovação como vetor de transformação. Destinado a diretores, conselheiros e gestores de empresas estatais que desejam alinhar a estratégia empresarial às demandas de sustentabilidade, diversidade e inovação.;Conselheiros de Administração e outros interessados em atuar como administradores nas empresas estatais, bem como servidores públicos que atuam na interação com as empresas estatais.;Módulo 1 - Planejamento Estratégico, Plano de Negócios e MetasMódulo 2 - Agenda ODS/ESG e DiversidadeMódulo 3 - Política PúblicaMódulo 4 - Inovação;;;
AP3;Systems Thinking: Tackling Complex Challenges with a Portfolio Approach;https://apolitical.co/pt-BR/courses/systems-thinking-tackling-complex-challenges-with-a-portfolio-approach;Inovação;Apolitical;Equipe Apolitical;2;Autoinstrucional;Curso aberto;Introdução ao pensamento sistêmico aplicado a desafios complexos.;Gestores e formuladores de políticas públicas;Pensamento sistêmico, gestão de problemas complexos e abordagem por portfólio;Não informado;;
276;Abertura de empresas: como redesenhar e simplificar processos;https://www.escolavirtual.gov.br/curso/276;Inovação;Enap;Endeavor;20;30;Curso Aberto;Será que é possível abrir uma empresa em apenas um dia? A Enap e a Endeavor vão mostrar para você como agilizar e simplificar o processo de abertura de empresas. Você vai compreender a importância da desburocratização e da mobilização de atores, além de ter acesso a outros conteúdos que dão suporte à formulação de políticas públicas e ao redesenho do processo de abertura de empresas.;Gestores e servidores públicos de qualquer esfera e Poder que atuam nos diversos órgãos participantes do processo de abertura de empresas. Curso aberto, gratuito e com certificado, qualquer pessoa pode se inscrever.;Módulo 1 – Reconhecendo a desburocratização como iniciativa necessária.Módulo 2 – Mobilizando atores essenciais para a desburocratização do processoMódulo 3 – Identificando os gargalos no processo de abertura de empresasMódulo 4 – Propondo o redesenho do processo de abertura de empresas;31/01/2020;;
800;Big Data em Apoio à Tomada de Decisão;https://www.escolavirtual.gov.br/curso/800;Inovação;Enap;Secretaria de Governo Digital;25;30;Curso Aberto;Apresentação: Você já se perguntou como empresas e instituições conseguem lidar com grandes volumes de informações geradas diariamente? Neste curso, você conhecerá conceitos básicos do Big Data, suas aplicações e como esses dados podem ser utilizados para tomada de decisões estratégicas no contexto do setor público. Inscreva já para saber mais sobre esse assunto.;Gestores públicos e servidores técnicos interessados no tema. Curso aberto, gratuito e com certificado, qualquer pessoa pode se inscrever.;"Módulo 1: Conhecendo o Big Data;Módulo 2: A Gestão de Dados em Big Data;Módulo 3: O Uso dos Dados na Prática: o que Fazer?;Módulo 4: O Big Data em Tomadas de Decisões no Serviço Público;Módulo 5: Utilizando o Big Data no Serviço Público.";02/08/2023;;
489;Cidades Inteligentes;https://www.escolavirtual.gov.br/curso/489;Inovação;Enap;Secretaria Especial de Assuntos Federativos;10;30;Curso Aberto;Cidades Inteligentes resultam da ampla utilização das Tecnologias da Informação e Comunicação (TICs) na infraestrutura urbana e também de uma nova reestruturação na gestão das cidades. Neste curso, você acessará referências para conhecer, a partir de uma perspectiva crítica, a aplicação de projetos de Cidades Inteligentes e desenvolver iniciativas que visem à inovação e uso de tecnologias na sua cidade.;Gestores públicos e demais profissionais que queiram obter referências sobre a implementação de projetos de cidades inteligentes. Curso aberto, qualquer pessoa pode se inscrever.;Módulo 1: Cenário urbano para o surgimento das Cidades InteligentesMódulo 2: Panorama sobre as Cidades InteligentesMódulo 3: Indicadores e projetos que estabelecem uma Cidade InteligenteMódulo 4: O posicionamento do Brasil no movimento internacional de Cidades InteligentesMódulo 5: O futuro das Cidades no cenário da Pandemia;28/07/2022;;
1271;CORPAS - Operações com Drones;https://www.escolavirtual.gov.br/curso/1271;Inovação;Enap;Secretaria Especial da Receita Federal do Brasil;30;30;Curso Aberto;O curso oferece uma exploração dos conceitos básicos para operação segura de Aeronaves Remotamente Pilotadas (RPAs) de até 25 kg, com foco na conformidade legal. O conteúdo abrange a história, os principais conceitos e a legislação vigente sobre o uso de drones, desde os registros iniciais até as normas atuais, proporcionando um conhecimento essencial para fundamentar suas práticas e decisões de operação.;Servidores de Vigilância, Repressão Aduaneira, Correição, Investigação, Controle de Bagagem, Fiscalização Externa e demais interessados. Curso aberto, qualquer pessoa pode se inscrever.;Módulo 1: O que são e para que servem os dronesMódulo 2: Componentes, funcionamento e manutenção de dronesMódulo 3: Legislação aplicada à operação com RPASMódulo 4: Meteorologia e Teoria de VooMódulo 5: Segurança de VooMódulo 6: Operação segura e eficiente de drones;14/11/2024;;
467;Criatividade e Inovação Aplicada ao Serviço Público;https://www.escolavirtual.gov.br/curso/467;Inovação;Enap;Secretaria Especial da Receita Federal do Brasil;25;30;Curso Aberto;Você sabe como inovar no ambiente de trabalho? Neste curso, você conhecerá as principais ferramentas e métodos para o desenvolvimento da inovação e para estimular o seu pensamento criativo, na busca pela melhoria dos processos, resultados e pela qualidade na prestação do serviço público. Quer conhecer mais sobre o tema e atualizar seus conhecimentos, faça sua inscrição no curso!;Servidores públicos e demais interessados. Curso aberto, gratuito e com certificado, qualquer pessoa pode se inscrever.;Módulo 1 – Inovação, Conceito e Ferramentas.Módulo 2 – Como Inovar no Setor Público.Módulo 3 – Pensamento Criativo.Módulo 4 – Processo Criativo.Módulo 5 – Ferramentas e Métodos.;09/08/2022;;
525;Cultura Organizacional Ágil Aplicada ao Contexto Público;https://www.escolavirtual.gov.br/curso/525;Inovação;Enap;Secretaria de Governo Digital;25;30;Curso Aberto;Processos de mudança podem ser muito intensos, tanto no âmbito pessoal quanto organizacional, certo? Nesse curso, você irá conhecer a importância de olhar para a cultura organizacional e refletir sobre como lidar com essas transformações. Durante esse percurso, você verá como é possível incorporar mudanças comportamentais e organizacionais de forma viável no seu dia a dia de trabalho.;Agentes públicos que atuam nos órgãos e entidades do Sistema de Administração dos Recursos de Tecnologia da Informação (SISP) e profissionais interessados em cultura ágil. Curso aberto, gratuito e com certificado, qualquer pessoa pode se inscrever.;"Módulo 1: Compreendendo a Cultura Organizacional;Módulo 2: A Cultura Ágil e sua Aplicação ao Setor Público;Módulo 3: Gestão de Mudança.";04/10/2022;;
852;Design Thinking aplicado a Bibliotecas;https://www.escolavirtual.gov.br/curso/852;Inovação;Enap;Ministério da Cultura;20;30;Curso Aberto;Neste curso, você conhecerá as fases do Design Thinking e como aplicá-las em espaços educativos, especialmente nas bibliotecas públicas e comunitárias, com o fim de promover uma busca inovadora por soluções criativas através da co-criação. Além disso, compreenderá as origens da metodologia e as possibilidades de implementação, a partir da apresentação de exemplos reais e práticos.;Profissionais de bibliotecas públicas e comunitárias, servidores públicos, educadores, agentes do setor público e da sociedade civil interessados na temática.;"Módulo 1: O contexto do Design Thinking em bibliotecas públicas e comunitárias;Módulo 2: Design Thinking em bibliotecas;Módulo 3: Aplicando as etapas do Design Thinking em bibliotecas.";20/11/2023;;
323;Direito e Novas Tecnologias;https://www.escolavirtual.gov.br/curso/323;Inovação;Enap;ITS Rio;5;30;Curso Aberto;"O curso trata de temas gerais e atuais sobre direito digital, além de temas e campos do direito que se encontram interligados pela tecnologia e por marcos legais transversais. O pontapé perfeito para quem quer iniciar os estudos, atualizar-se ou aprimorar-se na área de direitos digitais.&nbsp;";Agentes públicos, profissionais do Direito e pessoas interessadas no tema. Curso aberto, gratuito e com certificado, qualquer pessoa pode se inscrever.;Aula 1 - Direito à Privacidade na Sociedade da InformaçãoAula 2 – Big Data e PerfilamentoAula 3 – Internet das CoisasAula 4 – A Neutralidade da Rede no Marco Civil da InternetAula 5 – Direito ao EsquecimentoAula 6 - Cidades inteligentesAula 7 - Blockchain e DireitoAula 8 - Desinformação na RedeAula 9 - Responsabilidade Civil das PlataformasAula 10 - Ética e Inteligência Artificial;31/07/2020;;
1096;Eixo 4 - Gerindo a mudança - Programa - Inovação e Mudança;https://www.escolavirtual.gov.br/curso/1096/;Inovação;Enap;Enap - Escola Nacional de Administração Pública;15;365;Curso Aberto;"Este eixo aborda o desenvolvimento de habilidades necessárias para a gestão de processos permanentes e sistemáticos de inovação e mudança. Considera os seguintes aspectos a serem desenvolvidos: patrocínio de ideias de vanguarda e de novas formas de trabalhar; responsabilidade assumida pelo líder para a implementação da inovação e as formas de condução de processos de mudança, adotando mudanças incrementais e/ou disruptivas.";Desenvolvida com foco em servidoras e servidores públicos que exercem ou desejam exercer funções de liderança na administração pública. Trilha de aprendizagem aberta, gratuita e com certificado. Qualquer pessoa pode se inscrever.;Gerindo a mudança;29/08/2024;;
1414;Empregabilidade com o Copilot;https://www.escolavirtual.gov.br/curso/1414;Inovação;Enap;Microsoft;2;9;Curso Aberto;Aprenda a usar ferramentas de IA para criar currículos atrativos, simular entrevistas, buscar vagas e desenvolver habilidades digitais. Voltado para quem deseja se destacar no mercado com apoio da tecnologia. Quer saber mais? Inscreva-se!;Empreendedores, profissionais liberais e demais interessados. Curso aberto, gratuito e com certificado.;Módulo único - Empregabilidade com CopilotAula 1 - Como Recrutadores Encontram Você: O Papel das Palavras-ChaveAula 2 - Como Extrair Palavras-Chave de Vagas com o Microsoft CopilotAula 3 - Organize seu Currículo em Blocos e Facilite sua VidaAula 4 - Como Usar o Microsoft Copilot para Reescrever e Otimizar seu CurrículoAula 5 - Como usar o Copilot para se preparar para entrevistasAula 6 - STARR: A Fórmula para Responder bem em entrevistas;01/09/2025;;
1439;Engenharia de prompt eficaz para servidores públicos;https://www.escolavirtual.gov.br/curso/1439;Inovação;Enap;Apolitical;2;30;Curso Aberto;Neste curso, você aprenderá a usar a engenharia de prompts para orientar ferramentas de IA de maneira eficaz. O objetivo é ajudá-lo a escrever prompts claros, refinar os resultados da IA e aplicar essas habilidades para melhorar a precisão e a eficiência em seu trabalho no governo.;Servidores e gestores públicos, e demais interessados. Curso aberto, gratuito e com certificado.;Módulo 1 - Entendendo a engenharia de promptMódulo 2 - Construção de prompts eficazesMódulo 3 - Refinamento e otimização de prompts;09/10/2025;;
843;Entendendo a Gamificação;https://www.escolavirtual.gov.br/curso/843;Inovação;Enap;Serviço Federal de Processamento de Dados;1;30;Curso Aberto;A gamificação é um importante recurso para apoiar o engajamento e a aprendizagem em soluções educacionais. Neste curso, você conhecerá o que é a gamificação e como ela funciona. Além d isso, compreenderá como ocorre a aplicação desse recurso no contexto do serviço público. Saiba mais sobre o assunto, inscreva-se.;Agentes públicos e demais interessados no assunto. Curso aberto, gratuito e com certificado, qualquer pessoa pode se inscrever.;Módulo 1: O que é Gamificação;04/11/2022;;
1502;Fundamentos de Construção Industrializada;https://www.escolavirtual.gov.br/curso/1502;Inovação;Enap;Ministério do Desenvolvimento, Indústria, Comércio e Serviços;3;30;Curso Aberto;Neste curso, você verá os fundamentos da construção industrializada, seus principais conceitos, classificações e um breve panorama histórico. Também conhecerá seus benefícios em relação aos métodos tradicionais e as tendências atuais no Brasil e no mundo. Quer saber mais? Inscreva-se!;Gestores, técnicos, tomadores de decisão, estudantes e profissionais da área de construção envolvidos com a aquisição de produtos e serviços de construção industrializada. Curso aberto, gratuito e com certificado.;Módulo 1 – Conceituação e históricoMódulo 2 – Características e tendênciasMódulo 3 – Eficiência, controle de prazos e custos.Módulo 4 – Qualidade, padronização, coordenação modular e sustentabilidade.Módulo 5 – Aplicações e classificação dos sistemas construtivosMódulo 6 – Inovações tecnológicas, tendências globais e as oportunidades e desafios no Brasil.;16/03/2026;;
416;Gestão da Inovação no Setor Público;https://www.escolavirtual.gov.br/curso/416;Inovação;Enap;Enap - Escola Nacional de Administração Pública;20;30;Curso Aberto;O curso aborda conceitos de gestão da inovação articulados ao contexto da administração pública e apresenta desafios e possibilidades de inovação na prestação de serviços públicos mais efetivos. O objetivo é fornecer aos servidores públicos conceitos, processos e experiências referentes à inovação, a fim de fomentar a cultura e os ecossistemas de inovação para criação de valor público.;Agentes públicos interessados em inovação. Curso aberto, gratuito e com certificado, qualquer pessoa pode se inscrever.;Módulo 1: Inovação e o contexto do setor público.Módulo 2: Perspectivas sobre design thinking.Módulo 3: Construindo a capacidade de inovação no setor público.;24/05/2021;;
1472;Gestão para Aceleração de Equipes de Inovação;https://www.escolavirtual.gov.br/curso/1472;Inovação;Enap;Enap - Escola Nacional de Administração Pública;35;60;Curso Aberto;"Inovar no Setor Público pode ser bastante desafiador. Conhecendo essa realidade, o Laboratório de Inovação (GnovaLab) da Escola Nacional de Administração Pública desenvolveu o curso ""Gestão para Aceleração de Equipes de Inovação"" com o objetivo de apoiar a estruturação de unidades de inovação, ampliar sua capacidade de gestão e o desenvolvimento dessas equipes. O curso apresenta uma série de conceitos, métodos e abordagens para proporcionar todo o suporte para que isso aconteça. Quer nos acompanhar nessa jornada para tornar o Setor Público mais ágil e responsivo às necessidades das pessoas?";Agentes públicos e pessoas interessadas em estruturar unidades de inovação e desenvolver competências para promover a inovação no setor público. Curso aberto, gratuito e com certificado, qualquer pessoa pode se inscrever.;"Módulo 1 - Por onde começar: Fundamentos da Inovação no Setor Público;Módulo 2 - Caminhos para Inovação: Desenvolvimento Pessoal e de Equipes;Módulo 3 - Mudança de Mentalidade: Incorporando Metodologias Ágeis;Módulo 4 - Construindo o futuro a várias mãos: liderando a gestão da mudança;Módulo 5 - Fortalecendo comunidades de inovação: Comunicação e Engajamento baseado em dados.";28/12/2025;;
1460;Gestión de la Innovación en el Sector Público;https://www.escolavirtual.gov.br/curso/1460;Inovação;Enap;Enap - Escola Nacional de Administração Pública;20;30;Curso Aberto;El curso aborda conceptos de gestión de la innovación articulados al contexto de la administración pública y presenta desafíos y posibilidades de innovación en la prestación de servicios públicos más efectivos. El objetivo es proporcionar a los servidores públicos conceptos, procesos y experiencias relacionados con la innovación, con el fin de fomentar la cultura y los ecosistemas de innovación para la creación de valor público.;"Agentes públicos interesados en innovación. Curso abierto, gratuito y con certificado; cualquier persona puede inscribirse.";Módulo 1: Innovación y el contexto del sector público.Módulo 2: Perspectivas sobre design thinking.Módulo 3: Construyendo la capacidad de innovación en el sector público.;02/12/2025;;
1461;Innovation Management in the Public Sector;https://www.escolavirtual.gov.br/curso/1461;Inovação;Enap;Enap - Escola Nacional de Administração Pública;20;30;Curso Aberto;The course covers innovation management concepts within the context of public administration and presents the challenges and opportunities for innovating in the delivery of more effective public services. Its goal is to provide civil servants with concepts, processes, and experiences related to innovation, in order to foster a culture and ecosystems of innovation for the creation of public value.;Public agents interested in innovation. Open, free course with certification — anyone can enroll.;Module 1: Innovation and the context of the public sector.Module 2: Perspectives on design thinking.Module 3: Building innovation capacity in the public sector.;18/12/2025;;
956;Inovando na Gestão de Projetos;https://www.escolavirtual.gov.br/curso/956;Inovação;Enap;Secretaria de Governo Digital;25;30;Curso Aberto;Prepare-se para conhecer a gestão de projetos nesta nova era! Aprenda abordagens inovadoras, aumente o seu repertório ferramental e conheça as principais tendências e mudanças ocorridas na área, tendo como base o PMBOK 7ª edição. Este curso foi elaborado como um roteiro para ação, que nivela todos os entendimentos sobre o tema e fornece recursos de aplicabilidade imediata a fim de que você transponha as suas ideias para a prática e obtenha melhores resultados.;Servidores públicos do Sistema de Administração dos Recursos de Tecnologia da Informação (SISP), agentes públicos de qualquer Esfera e Poder, bem como cidadãos em geral que tenham interesse na Gestão de Projetos. Curso aberto, gratuito e com certificado, qualquer pessoa pode se inscrever.;"Módulo 1: Jornada de Conhecimento (aspectos conceituais);Módulo 2: Jornada Prática e Ferramental (aplicabilidade prática).";30/06/2023;;
951;Marco Legal das Startups - Contratando Inovação no Setor Público;https://www.escolavirtual.gov.br/curso/951;Inovação;Enap;Enap - Escola Nacional de Administração Pública;25;30;Curso Aberto;Neste curso, você compreenderá a necessidade de repensar os métodos públicos para promover a inovação e conhecerá aspectos do Marco Legal da Startups e os principais conceitos, instrumentos e procedimentos aplicados à contratação de soluções inovadoras na Administração Pública. Além disso, conhecerá boas práticas relacionadas a esse tipo de contratação. Quer saber mais? Inscreva-se.;Agentes públicos que trabalham com licitações e contratos públicos. Curso aberto, gratuito e com certificado, qualquer pessoa pode se inscrever.;"Módulo 1: Aspectos Relevantes sobre Inovação;Módulo 2: O Contrato Público de Solução Inovadora: Previsões Normativas e Etapas da Contratação;Módulo 3: Boas Práticas nas Contratações de Inovação.";17/07/2023;;
326;Princípios do Design Thinking e Inovação em Governo;https://www.escolavirtual.gov.br/curso/326;Inovação;Enap;Enap - Escola Nacional de Administração Pública;10;30;Curso Aberto;Com foco na necessidade de desenvolvimento de competências dos agentes públicos, este curso traz uma abordagem dos fundamentos de Design Thinking, apresentando formas inovadoras para entender melhor os problemas e as soluções que podem ser desenvolvidas. A iniciativa insere-se no Programa de Desenvolvimento de Capacidades para Transformação Digital no Poder Executivo Federal (Capacita Gov.br). Inscreva-se!;Agentes públicos interessados design thinking e sua relação como inovação em governo. Curso aberto, gratuito e com certificado, qualquer pessoa pode se inscrever.;Aula 1 – O que é design?Aula 2 – Design ThinkingAula 3 – O modelo teórico do duplo diamanteAula 4 – Design centrado no ser humanoAula 5 - Os três princípios do designAula 6 - Como o design pode ajudar a resolver problemas públicos?Aula 7 - Inovação em governo;31/07/2020;;
943;Racionalização dos processos de Obtenção de Alvarás de Construção;https://www.escolavirtual.gov.br/curso/943;Inovação;Enap;Ministério do Desenvolvimento, Indústria, Comércio e Serviços;10;30;Curso Aberto;Neste curso, você conhecerá dicas para aperfeiçoar os procedimentos e as situações que tornam muito burocrático o processo de obtenção de alvarás de construção. Além disso, você compreenderá como a simplificação, a integração e a automatização de informações e dos processos dos órgãos responsáveis pela concessão do documento poderá facilitar esse trabalho. Inscreva-se para saber mais.;Agentes públicos de prefeituras e de outros órgãos que atuam nos processos de controle urbano (como a normatização, o licenciamento e a fiscalização) e demais profissionais que atuam ou estejam interessados no assunto.;Módulo 1: Gargalos, desafios e problemáticas comumente identificados nos processos de licenciamento de obrasMódulo 2: Modelos sugeridos para os fluxos de processo de licenciamento;30/05/2023;;
596;Segurança em Máquinas e Equipamentos NR12 - Apreciação e Redução de Risco;https://www.escolavirtual.gov.br/curso/596;Inovação;Enap;FUNDACENTRO - Fundação Jorge Duprat Figueiredo de Segurança e Medicina do Trabalho;22;30;Curso Aberto;Orientação técnica visando a segurança e saúde do trabalhador através da concepção e implementação de estratégias de combate aos perigos e riscos decorrentes da utilização de máquinas e equipamentos. Atua na redução de riscos aos quais estão sujeitos os trabalhadores dos diversos setores produtivos, minimizando e evitando as ocorrências de acidentes graves ou fatais, bem como as perdas econômicas indesejáveis.;Profissionais que desenvolvem atividades e interagem com a segurança das máquinas e equipamentos. Curso aberto, gratuito e com certificado, qualquer pessoa pode se inscrever.;"Módulo 1 – Apreciação e Redução de Risco: análise, apreciação e processo de redução de riscos em 03 passos, da identificação das tarefas até o risco residual.Módulo 2 – Segurança em Hidráulica: sistema de controle, potência, segurança em máquinas e prensas, passando por válvulas até projeto de adequação.Módulo 3 – Segurança em Pneumática: utilização, aplicação e distribuição de ar comprimido, válvulas direcionais e auxiliares, atuadores pneumáticos.Módulo 4 – Interface de Segurança: tipos e funções básicas das interfaces, conforme definição de “Circuitos Elétricos de Comando"" e citações da NR12.Módulo 5 – Dispositivos de Segurança: definição, conceito e soluções de dispositivo de segurança em prensas e injetoras.Módulo 6 – Dispositivos de Intertravamento: Diferenças entre dispositivos, atuadores, parafuso one way e elementos de contato com ruptura positiva.";20/08/2021;;
527;Uso da Lean Inception na Administração Pública;https://www.escolavirtual.gov.br/curso/527;Inovação;Enap;Secretaria de Governo Digital;15;30;Curso Aberto;Descubra como o Lean Inception pode revolucionar a Administração Pública! Neste curso, você aprenderá a aplicar a Lean Inception na criação de novos projetos, identificando problemas e criando soluções de forma ágil e eficiente. Com as atividades e dinâmicas, você irá priorizar necessidades dos cidadãos e otimizar os recursos disponíveis. Além disso, você conhecerá casos de sucesso de órgãos públicos que utilizaram a Lean Inception para transformar suas entregas.;Servidores públicos do Sistema de Administração dos Recursos de Tecnologia da Informação (SISP), agentes públicos de qualquer Esfera e Poder, bem como cidadãos em geral que tenham interesse na aplicação da Inception para a Transformação Digital. Curso aberto, gratuito e com certificado, qualquer pessoa pode se inscrever.;"Módulo 1: Conhecendo a Lean Inception (origens e principais características);Módulo 2: A Prática da Lean Inception;Módulo 3: A Lean Inception na Administração Pública.";13/06/2023;;
506;Uso do Design em Políticas Públicas;https://www.escolavirtual.gov.br/curso/506;Inovação;Enap;Enap - Escola Nacional de Administração Pública;20;30;Curso Aberto;O curso foi desenvolvido a partir da necessidade de oferecer, especialmente aos servidores públicos, um conjunto de subsídios, referências e abordagens práticas para a gestão de projetos de inovação com o uso de práticas de design para a solução de problemas públicos. Originou-se do Projeto Inovaflix, uma série de lives com o objetivo de debater temas relevantes sobre inovação no serviço público.;Agentes públicos interessados em utilizar o design thinking e outras práticas relacionadas ao design para o desenvolvimento de projetos de inovação em governo. Curso aberto, gratuito e com certificado, qualquer pessoa pode se inscrever.;Módulo 1 – Design em Políticas Públicas: um novo jeito de fazer as coisasMódulo 2 – Design Etnográfico: entendendo o público e seu contextoMódulo 3 – Criatividade e Ideação: deixando as ideias fluíremMódulo 4 – Prototipagem e Teste: checando o que funciona na prática;06/05/2021;;
1548;Diretrizes básicas para contratação de construção industrializada;https://www.escolavirtual.gov.br/curso/1548;Inovação;Enap;Ministério do Desenvolvimento, Indústria, Comércio e Serviços;5;;;O curso aborda os novos modelos de negócios demandados pelas rápidas e perceptíveis transformações provocadas pela introdução acelerada da construção industrializada no mercado, explorando e avaliando as alternativas e condicionantes relativas a tributação, legislação, financiamento, normas técnicas e logística.;Gestores, agentes tomadores de decisão sobre a aquisição de produtos e serviços relacionados à construção industrializada, técnicos, estudantes da área de construção e sociedade civil. Curso aberto, gratuito e com certificado.;Módulo 1 – Graus de industrialização e capacidade de resposta a cadacontextoMódulo 2 – Projeto para manufatura e montagem e gestão da construção industrializadaMódulo 3 – Aplicabilidade e adequação das soluções em construção industrializadaMódulo 4 – Modelos de fluxo de informações no processo de orçamentaçãona construção industrializadaMódulo 5 – Inovação, normas técnicas aplicáveis e fluxo de caixa e capital para a construção industrializadaMódulo 6 – Modelos para contratação e processos licitatóriosMódulo 7 - Regimes tributários e impactos da reforma tributáriaMódulo 8 - Modelos de financiamento e linhas de crédito disponíveisMódulo 9 - Escalabilidade dos modelos de negócios e processos licitatórios;;;
1546;Elementos de Projeto, planejamento e gestão da construção industrializada;https://www.escolavirtual.gov.br/curso/1546;Inovação;Enap;Ministério do Desenvolvimento, Indústria, Comércio e Serviços;5;;;O curso aborda os elementos fundamentais para elaboração de projetos, destacando a coordenação modular, a padronização de componentes e o uso de ferramentas tais como o BIM, gestão de requisitos, e DfMA (Design for Manufacturing and Assembly) para promover a integração entre projeto, fábrica logística e obra, com foco em eficiência, previsibilidade e redução de desperdícios.;Gestores, agentes tomadores de decisão sobre a aquisição de produtos e serviços relacionados à construção industrializada, técnicos, estudantes da área de construção e sociedade civil. Curso aberto, gratuito e com certificado.;Módulo 1 – Elementos de projeto na construção industrializadaMódulo 2 – Construa Brasil, coordenação modular e diretrizes projetuais na construção industrializadaMódulo 3 – Plataformas de produto na construção civilMódulo 4 – Ferramentas e abordagens de gestão de projetos e a construção industrializadaMódulo 5 – Configurações de sistemas construtivos e tendências de gestão na construção industrializadaMódulo 6 – Projeto do Sistema de Produção (PSP) na construçãoindustrializadaMódulo 7 - Sistema Last Planner na construção industrializadaMódulo 8 - Gestão integrada da construção industrializadaMódulo 9 - Gestão de custos na construção industrializada;;;
1559;Fundamentos da IA no Contexto do Serviço Público;https://www.escolavirtual.gov.br/curso/1559;Inovação;Enap;Microsoft;1;;;Explore os fundamentos da IA no setor público: regulação internacional, transparência algorítmica, ética, impactos no trabalho e sustentabilidade. Ideal para servidores que querem compreender o contexto e os princípios que orientam o uso responsável da IA.;Servidores públicos e cidadãos interessados na temática. O curso é aberto, gratuito e oferece certificado.; Módulo único - Fundamentos da IA no Contexto do Serviço Público ;;;
1560;IA e produtividade pessoal no serviço público;https://www.escolavirtual.gov.br/curso/1560;Inovação;Enap;Microsoft;2;;;Aprenda a usar IA para aumentar sua produtividade no setor público: automação de processos, gestão do SEI, elaboração de documentos, atendimento ao cidadão, análise de dados abertos e governança responsável. Prático e aplicável ao cotidiano do servidor.;Qualquer cidadão interessado na temática. O curso é aberto, gratuito e oferece certificado.; Módulo único - IA e produtividade pessoal no serviço público ;;;
1558;Introdução a Processos de Produção e Montagem de Construção Industrializada;https://www.escolavirtual.gov.br/curso/1558;Inovação;Enap;Ministério do Desenvolvimento, Indústria, Comércio e Serviços;4;;;O curso apresenta uma visão geral a respeito dos processos de produção e montagem na construção industrializada, explorando fundamentos, a influência da Indústria 4.0, metodologias de controle de qualidade e rastreabilidade, gestão de equipamentos, mão de obra e soluções de interfaces, introduzindo processos de produção e montagem contemplando diferentes modelos.;Gestores, agentes tomadores de decisão sobre a aquisição de produtos e serviços relacionados à construção industrializada, técnicos, estudantes da área de construção e sociedade civil. Curso aberto, gratuito e com certificado.;Módulo 1 – Visão geral, sistemas, componentes e interfaces nos processosde produção e montagemMódulo 2 – Modelos de produção, fabricação, submontagem e prémontagemnão volumétricaMódulo 3 – Pré-montagem volumétrica e edifícios modularesMódulo 4 – Controle de qualidade, rastreabilidade, normas, certificações e conformidade técnicaMódulo 5 – Linhas de produção mecanizadas/automatizadas eequipamentos de Controle Numérico Computadorizado (CNC)Módulo 6 – Equipamentos para montagem, nivelamento e alinhamentoMódulo 7 - Qualificação da mão de obra de produção e de montagem;;;
1531;Principais Métodos Construtivos Industrializados;https://www.escolavirtual.gov.br/curso/1531;Inovação;Enap;Ministério do Desenvolvimento, Indústria, Comércio e Serviços;4;;;Conheça os principais métodos construtivos industrializados e suas aplicações no setor público! O curso aborda sistemas em aço, light steel framing, drywall, concreto, light wood frame, madeira engenheirada, sistemas híbridos, tipologias produtivas e o uso de BIM, coordenação modular e certificações. Destinado a engenheiros, arquitetos, gestores de obras e técnicos que buscam modernizar a construção pública com eficiência, qualidade e sustentabilidade.;Gestores, agentes tomadores de decisão sobre a aquisição de produtos e serviços relacionados à construção industrializada, técnicos, estudantes da área de construção e sociedade civil. Curso aberto, gratuito e com certificado.;Módulo 1 – Principais métodos construtivos industrializados e sistemas construtivos industrializados em aço.Módulo 2 – Sistemas construtivos industrializados em light steel framing e em drywall.Módulo 3 – Sistema construtivo industrializado em concreto.Módulo 4 – Sistemas construtivos industrializados em light wood frame e em madeira engenheirada ou industrializada.Módulo 5 – Sistemas construtivos industrializados híbridos.Módulo 6 – Tipologias produtivas, fabricação, submontagem, pré-montagem e edifícios modulares.Módulo 7 – Aplicação de metodologias e processos, BIM, coordenação modular, engenharia de valor e certificações.Módulo 8 – Tecnologias digitais e automação para a construção industrializada.;;;
849;Economia criativa, empreendedorismo e inovação;https://www.escolavirtual.gov.br/curso/849;Inovação;Enap;Ministério da Cultura;20;30;Curso Aberto;Neste curso, você vai aprender sobre economia criativa, inovação e empreendedorismo. Serão apresentadas ferramentas de planejamento, como o Design Thinking, e a legislação relacionada à economia criativa e políticas públicas. Também exploraremos a Lei Rouanet e outras leis de incentivo fiscal para o setor cultural.;O curso é destinado a gestores e agentes públicos interessados, produtores culturais, empreendedores e profissionais do setor criativo. Curso aberto, gratuito e com certificado, qualquer pessoa pode se inscrever.;Módulo I - O tripé economia criativa, inovação e empreendedorismo.Módulo II - Ferramentas de inovação e empreendedorismo no contexto do Setor Público.Módulo III - Executando projetos de economia criativa.;05/08/2024;;
646;Módulo de Obras: Execução;https://www.escolavirtual.gov.br/curso/646;Logística e Compras Públicas;Enap;Secretaria de Gestão e Inovação (SEGES/MGI);30;;;Domine os procedimentos de execução de obras financiadas com recursos federais no Transferegov.br! O curso aborda a verificação do resultado do processo licitatório, o registro do contrato, emissão da autorização para início de obra e liberação de recursos, além da habilitação para início e ateste de medições. Indispensável para gestores e técnicos que acompanham a execução de obras públicas conveniadas.;Repassadores e recebedores de transferências discricionárias da União. Curso aberto, gratuito e com certificado, qualquer pessoa pode se inscrever.;"Módulo 1: Verificação do Resultado do Processo Licitatório - VRPL;Módulo 2: Registro do Contrato, Emissão da AIO (Autorização para Início de Obra) e Liberação de Recursos;Módulo 3: Habilitação para Início da Obra e Registro e Ateste de Medições.";;;
216;Acompanhamento e Fiscalização de Contratos Administrativos na Receita Federal do Brasil;http://escolavirtual.gov.br/curso/216;Logística e Compras Públicas;Enap;Secretaria Especial da Receita Federal do Brasil;80;90;Curso Aberto;O curso busca capacitar os servidores de todas as Unidades da Receita Federal do Brasil que atuam nas funções de gestão e fiscalização de contratos e busca apresentar boas práticas exigidas nesta atividade.;Servidores ocupantes das funções de Gestores e Fiscais de Contratos. Curso aberto, gratuito e com certificado, qualquer pessoa pode se inscrever.;Módulo 1: Introdução aos Contratos AdministrativosMódulo 2: Introdução à Legislação aplicada aos Contratos AdministrativosMódulo 3: TerceirizaçãoMódulo 4: Gestão e FiscalizaçãoMódulo 5: Acompanhamento e Fiscalização do Contrato - o que, quando e como fazer;12/08/2020;;
383;Aplicação de Penalidades nos Contratos Administrativos;https://www.escolavirtual.gov.br/curso/383;Logística e Compras Públicas;Enap;Enap - Escola Nacional de Administração Pública;32;60;Curso Aberto;Para monitorar o cumprimento dos contratos firmados pela Administração Pública e aplicar as sanções adequadas quando for necessário, é fundamental entender o processo da contratação pública e seus desdobramentos operacionais. Este curso apresenta os principais aspectos referentes à aplicação de penalidades nos contratos administrativos, destacando pontos tratados nos instrumentos normativos e no aporte legislativo vigente que tratam do assunto. Se inscreva para conhecer mais!;Agentes públicos que atuam na gestão e fiscalização de contratos administrativos.. Curso aberto, gratuito e com certificado, qualquer pessoa pode se inscrever.;" Módulo 1 – Licitação e Contrato Administrativo.Módulo 2 – As Sanções administrativas.Módulo 3 – Obrigações e Ações.Módulo 4 – Instrumentos, Registro e Defesa.Módulo 5 – Aplicação de sanções administrativas.&nbsp; &nbsp;&nbsp;";01/02/2021;;
879;Aquisições de TI - Da origem da demanda ao resultado;https://www.escolavirtual.gov.br/curso/879;Logística e Compras Públicas;Enap;Tribunal de Contas da União;30;30;Curso Aberto;Neste curso, você conhecerá os fundamentos teóricos e práticos relacionados à aquisição de soluções de Tecnologias da Informação (TI) no âmbito governamental e compreenderá como adquirir essas soluções com o fim de obter os melhores resultados para a administração pública, tanto do ponto de vista financeiro quanto ao atendimento às necessidades dos órgãos públicos. Faça sua inscrição.;Servidores públicos que atuem com contratação de soluções de TI e demais interessados.;Módulo 1: Fundamentos e princípiosMódulo 2: Planejamento de aquisições de TIMódulo 3: Pesquisa de preço e otimização das aquisições de TIMódulo 4: Fase externa e gestão contratualMódulo 5: Tópicos especiais;06/10/2022;;
929;Boas Práticas em Contratos de Serviços Terceirizados;https://www.escolavirtual.gov.br/curso/929;Logística e Compras Públicas;Enap;Instituto Chico Mendes de Conservação da Biodiversidade;20;30;Curso Aberto;Neste curso, você conhecerá os principais aspectos da terceirização de serviços na Administração Pública e as boas práticas implementadas pelo ICMBio nos contratos de terceirização. Com base na Lei nº 14.133/21, você entenderá pontos importantes da gestão e fiscalização dos contratos de serviços terceirizados. Inscreva-se!;Agentes públicos e públicas, profissionais da área e demais pessoas interessadas na assunto.;Módulo 1: Definição da terceirização e a responsabilidade subsidiária das entidades públicas.Módulo 2: Fase Pré-Contratual.Módulo 3: Instrumentos de Gestão do Contrato.Módulo 4: Portaria Conjunta ICMBio/PFE nº 5/2022.Módulo 5: Atuação Judicial.Módulo 6: Certidão Explicativa.Módulo 7: Manual de Fiscalização e Sanções.Módulo 8: Medidas para cobrança de seguro garantia às seguradoras.Módulo 9: Medidas para inscrição em dívida ativa das sanções.;45001;;
706;Como Fiscalizar com Eficiência Contratos Públicos;https://www.escolavirtual.gov.br/curso/706;Logística e Compras Públicas;Enap;Controladoria Geral da União;20;30;Curso Aberto;Fiscalizar contratos é um dever dos gestores públicos. Qualquer agente público poderá assumir o papel de fiscal de contrato administrativo. Entretanto, isso poderá ser um desafio, uma vez que a atividade envolve uma série de tarefas que, muitas vezes, ainda não são conhecidas por todos nós. Este curso pretende, justamente, contribuir para que você exerça, com eficiência, a fiscalização de contratos públicos. Atualizado conforme NLCC (lei 14.133).;Agentes públicos de qualquer esfera ou Poder. Curso aberto, gratuito e com certificado, qualquer pessoa pode se inscrever.;"Módulo 1 - Dever de fiscalizar e busca da efetividade (O poder-dever de fiscalizar os contratos / A fiscalização e a efetividade dos contratos/ O dever de nomear o responsável pela fiscalização / Os deveres e a responsabilização dos agentes / Importância do plano de fiscalização / O dever de avaliar a qualidade / Transparência para o controle social);Módulo 2 – Agentes e tarefas da fiscalização (Os responsáveis pela fiscalização - agentes 67 / Aspectos e tarefas relacionadas à fiscalização / Do gestor do contrato / Do fiscal administrativo 2.3. Do fiscal do contrato 2.4. Do fiscal local 2.5. Do fiscal especializado / Do fiscal contratado);Módulo 3 – O que impacta o planejamento (Impacto do objeto e do tipo de contrato / Outros aspectos que impactam o plano);Módulo 4 – O plano de fiscalização (Passo a passo para elaborar o plano de fiscalização).";08/10/2021;;
860;Compras sustentáveis e a nova lei de licitações;https://www.escolavirtual.gov.br/curso/860;Logística e Compras Públicas;Enap;Tribunal de Contas da União;20;30;Curso Aberto;Este curso tratará dos principais conceitos e da fundamentação para a promoção da sustentabilidade no setor público. Você conhecerá o processo de planejamento para uma contratação pública sustentável, compreenderá os principais requisitos da sustentabilidade para realização de compras sustentáveis pela administração pública e a aplicabilidade da nova lei de licitações nesse contexto. Inscreva-se.;Servidores públicos de qualquer esfera e Poder interessados no tema. Curso aberto, gratuito e com certificado, qualquer pessoa pode se inscrever.;Módulo 1: SustentabilidadeMódulo 2: Planejamento da contratação públicaMódulo 3: Licitações públicas e a nova Lei de LicitaçõesMódulo 4: Requisitos de sustentabilidadeMódulo de Encerramento;22/08/2022;;
267;Conservação Preventiva para Acervos Museológicos;https://www.escolavirtual.gov.br/curso/267;Logística e Compras Públicas;Enap;Instituto Brasileiro de Museus - IBRAM;40;60;Curso Aberto;O Ibram desenvolveu um curso com informações básicas necessárias ao desenvolvimento de ações de conservação preventiva para bens culturais musealizados, principalmente quanto a atividades de higienização, manuseio, guarda e transporte. O curso abordará informações gerais de conservação preventiva para diversos suportes, tais como vidro, madeira, couro, tecido, orientando os profissionais na formulação de estratégias que minimizem as ações dos agentes de degradação, de acordo com o contexto e tipo de material de cada acervo preservado no museu.;Profissionais que já atuam ou que queiram atuar em museus, principalmente aqueles que lidam diretamente com o acervo (exemplo: museólogos, conservadores e restauradores). Curso aberto, gratuito e com certificado, qualquer pessoa pode se inscrever.;Conceitos básicos relacionados à Conservação preventiva: Cultura, Patrimônio Cultural, Bem Cultural, Identidade Cultural, Preservação, Restauração, Conservação Preventiva.Constituição física dos acervos e principais agentes de deterioração: conhecimento dos materiais constitutivos dos acervos (orgânicos e inorgânicos) e dos agentes que degradam a matéria: químico, físico e biológico.Diagnóstico das condições ambientais: plano de conservação preventiva.Equipamentos e materiais de conservação: equipamentos de proteção individual, equipamentos para conservação, equipamentos para monitoramento, materiais para acondicionamento e embalagem de bens musealizados.Higienização e procedimentos básicos para os espaços físicos e acervo.Manuseio e transporte de objetos museológicos.Embalagem e acondicionamento de objetos museológicos.;17/02/2020;;
609;Contratações de Encomendas Tecnológicas;https://www.escolavirtual.gov.br/curso/609;Logística e Compras Públicas;Enap;Tribunal de Contas da União;30;30;Curso Aberto;O curso foi elaborado com foco na necessidade de o participante se aprofundar nas características das encomendas tecnológicas (ETECs), na legislação que as regulamenta, bem como no processo de planejamento, gestão e controle da contratação deste instrumento de compra pública. Foi desenvolvido pelo Tribunal de Contas da União (TCU) em parceria com o Banco Interamericano de Desenvolvimento (BID), entre 2020 e 2021. Atualizado conforme NLCC (lei 14.133).;Gestores públicos responsáveis pela contratação de encomendas tecnológicas, bem como a servidores de órgãos de controle ou instâncias responsáveis pelo monitoramento de todas as fases do processo de contratação. Curso aberto, gratuito e com certificado, qualquer pessoa pode se inscrever.;"Importância e o contexto da ETEC;Caracterização da ETEC;Monitoramento e controle da ETEC;Instrução processual.";10/09/2021;;
926;Contratações Diretas na Nova Lei de Licitações;https://www.escolavirtual.gov.br/curso/926;Logística e Compras Públicas;Enap;Enap - Escola Nacional de Administração Pública;30;30;Curso Aberto;Neste curso, você conhecerá um recorte da Nova Lei de Licitações (NLLC) que apresenta o conteúdo das contratações diretas com destaque para as mudanças ocorridas em relação à Lei nº 8.666/1993. Além disso, você conhecerá também os tipos de contrações diretas, como a inexigibilidade e a dispensa de licitação, de que maneira ocorre o seu planejamento e as principais providências para sua instrução processual. Inscreva-se para saber mais!;Servidores públicos estaduais e municipais, além de profissionais e demais interessados na área.;Módulo 1: Contratação direta – Introdução.Módulo 2: Inexigibilidade de licitação.Módulo 3: Dispensa de licitação.Módulo 4: Licitação dispensada.;20/04/2023;;
712;Contratos administrativos - Pagamento pelo fato gerador;https://www.escolavirtual.gov.br/curso/712;Logística e Compras Públicas;Enap;Ministério da Fazenda;40;60;Curso Aberto;O curso foi desenvolvido com foco no pagamento pelo fato gerador nos contratos administrativos de mão de obra dedicada e visa elucidar as principais dúvidas que fiscais e gestores desses contratos enfrentam quando precisam analisar planilhas e documentos para efetuar o pagamento dos serviços prestados.;Servidores públicos que atuam na gestão e fiscalização de contratos administrativos. Curso aberto, gratuito e com certificado, qualquer pessoa pode se inscrever.;Bloco 1 - Entendendo o pagamento pelo fato gerador: origens, aplicações e motivação de usoBloco 2 - Pagamento pelo fato gerador x conta-depósito vinculadaBloco 3 - Alterações práticas da adoção do pagamento pelo fato gerador (PFG)Bloco 4 - Medições por tipo de eventoBloco 5 - Medições nos casos de rescisão;10/02/2022;;
70483;Curso: Conciliação Relatório de Movimentações de Bens (RMB);https://moodle.ebserh.gov.br/course/view.php?id=70483;Logística e Compras Públicas;3EC ;EBSERH;10;0;Curso Aberto;Entregar mensalmente Relatórios de Conciliação RMB adequados e padronizados a serem elaborados pelas equipes responsáveis em cada Unidade, resultando em conciliações contábeis organizadas e não divergentes.;Equipe das áreas de administração, patrimônio e contabilidade, responsáveis pela elaboração e aprovação dos relatórios de conciliação RMB, e outros profissionais interessados no tema.;Entregar mensalmente Relatórios de Conciliação RMB adequados e padronizados a serem elaborados pelas equipes responsáveis em cada Unidade, resultando em conciliações contábeis organizadas e não divergentes.;;;
70829;Curso: Inventário de Bens e Estoques;https://moodle.ebserh.gov.br/course/view.php?id=70829;Logística e Compras Públicas;3EC ;EBSERH;14;0;Curso Aberto;Visa o ensino para que ocorra a entrega, em cada exercício financeiro, relatórios de resultado de Inventário adequados e padronizados a serem elaborados pelas Comissões de Inventário, com verificação e monitoramento pelos Gestores de patrimonial e estoque e participação, no que couber, das equipes de Auditoria e Controle Interno.;Equipe das áreas de administração, patrimônio, contabilidade e assistenciais responsáveis pela realização do Inventário de Bens, e outros profissionais interessados no tema.;Entregar, em cada exercício financeiro, Relatórios de resultado de Inventário adequados e padronizados a serem elaborados pelas Comissões de Inventário, com verificação e monitoramento pelos Gestores de patrimonial e estoque e participação, no que couber, das equipes de Auditoria e Controle Interno.;;;
431;Elaboração de Editais para Aquisições no Setor Público;https://www.escolavirtual.gov.br/curso/431;Logística e Compras Públicas;Enap;Enap - Escola Nacional de Administração Pública;25;30;Curso Aberto;Você conhece os fundamentos legais e técnicos que regem a elaboração de editais e termos de contrato? Este curso busca distinguir e reconhecer os diversos aspectos relativos às diferenças de regimes jurídicos existentes na norma e suas implicações práticas na elaboração do edital. Se inscreva e venha conhecer os procedimentos e os aspectos mais importantes relacionados a tais instrumentos.;Agentes públicos que atuam nas fases preparatórias dos processos de contratação pública. Curso aberto, gratuito e com certificado, qualquer pessoa pode se inscrever.;"Módulo 1 Aspectos gerais sobre contratação pública;Módulo 2: Conteúdo do instrumento convocatório: aspectos introdutórios;Módulo 3: Conteúdo do instrumento convocatório: o julgamento da proposta;Módulo 4: Conteúdo do instrumento convocatório – parte final;Módulo 5: Contratos.";44553;;
941;Elaboração de termos de referência para contratação de bens e serviços na Nova Lei de Licitações;https://www.escolavirtual.gov.br/curso/941;Logística e Compras Públicas;Enap;Enap - Escola Nacional de Administração Pública;20;30;Curso Aberto;Neste curso, você conhecerá os procedimentos detalhados do processo administrativo para a elaboração de termos de referência para a contratação de bens e serviços, de acordo com as atualizações da Nova Lei de Licitações e demais normas gerais correlatas e referenciais de conduta e de boas práticas. Trata-se de curso desenvolvido em 2020 pela Enap, no âmbito do Programa de Desenvolvimento de Gerentes Operacionais (PDGO), e atualizado em 2023, conforme a Lei 14.133/2021.;Servidores públicos federais, estaduais e municipais, além de profissionais e demais interessados da área.;"Módulo 1: Processo de Contratação Pública;Módulo 2: Elaboração de termos de referência para contratação de bens e serviços.";01/06/2023;;
435;Estratégias de Logística na Administração Pública;https://www.escolavirtual.gov.br/curso/435;Logística e Compras Públicas;Enap;Enap - Escola Nacional de Administração Pública;20;30;Curso Aberto;Em um cenário em que o bom gerenciamento dos recursos públicos se faz cada vez mais importante, conhecer as estratégias de logísticas aplicadas ao contexto da administração pública se torna um diferencial para a consolidação de boas práticas no campo da Logística. Este curso foi desenvolvido para ajudar profissionais que atuam na gestão de materiais a atualizarem os procedimentos em almoxarifados, estoques, distribuição e patrimônio para a máxima utilização dos recursos.;Servidores públicos que atuam na logística de materiais. Curso aberto, gratuito e com certificado, qualquer pessoa pode se inscrever.;"Módulo 1: Introdução e Visão Geral;Módulo 2: Opções Logísticas de Suprimento;Módulo 3: Almoxarifado e Estoque.Módulo 4: Distribuição e Patrimônio";20/06/2022;;
942;Formação de Pregoeiros - Teoria;https://www.escolavirtual.gov.br/curso/942;Logística e Compras Públicas;Enap;Enap - Escola Nacional de Administração Pública;20;30;Curso Aberto;Neste curso, você conhecerá os conceitos fundamentais do pregão eletrônico e quais são as suas fases. Além disso, você compreenderá as funcionalidades e procedimentos necessários para operacionalização do pregão no sistema. Quer aprender sobre o assunto? Inscreva-se!;Agentes públicos que atuam ou atuarão nas compras e contratações públicas.;Módulo 1 – Pregão, uma modalidade de licitação (na forma eletrônica)Módulo 2 – Fases do Pregão EletrônicoMódulo 3 – Pregão Eletrônico - Operação parte 1Módulo 4 – Pregão Eletrônico - Operação parte 2;17/05/2023;;
437;Fundamentos da Gestão da Logística Pública;https://www.escolavirtual.gov.br/curso/437;Logística e Compras Públicas;Enap;Enap - Escola Nacional de Administração Pública;20;30;Curso Aberto;Este curso tem como foco a necessidade de atender os servidores públicos que buscam as informações que norteiam a gestão da logística pública, tendo como objetivo familiarizar os servidores públicos com os conceitos da gestão de logística pública e os processos licitatórios para contratação de bens e serviços pela Administração.;Este curso destina-se a agentes públicos envolvidos nos processos de licitações e logística. Curso aberto, gratuito e com certificado, qualquer pessoa pode se inscrever.;"Módulo 1 – Noções básicas sobre licitações e logística;Módulo 2 – Princípios aplicados às licitações;Módulo 3 – O procedimento licitatório;Módulo 4 – Contratos administrativos.";01/11/2021;;
939;Gestão e Fiscalização de Contratos Administrativos;https://www.escolavirtual.gov.br/curso/939;Logística e Compras Públicas;Enap;Enap - Escola Nacional de Administração Pública;40;60;Curso Aberto;Neste curso, você compreenderá, com base na lei nº 14.133/2021, os principais aspectos da gestão e fiscalização de contratos administrativos, entenderá a importância do planejamento para realização dessas atividades, bem como conhecerá os atores envolvidos e os conceitos relacionados a terceirização de serviços. Saiba mais sobre o assunto, inscreva-se!;Agentes públicos que atuam ou tenham interesse em atuar na gestão e fiscalização de contratos administrativos.;Módulo 1: PlanejamentoMódulo 2: ContratosMódulo 3: TerceirizaçãoMódulo 4: Fiscalização de Contratos Administrativos;26/04/2023;;
1221;Gestão e Fiscalização de Contratos, sob o enfoque da Lei nº 14.133/21;https://www.escolavirtual.gov.br/curso/1221;Logística e Compras Públicas;Enap;Tribunal de Contas do Estado do Rio de Janeiro;30;30;Curso Aberto;O curso, sob o enfoque da Lei nº 14.133/21, tem como objetivo capacitar servidores públicos, em especial aqueles que atuam na área compras, licitações e contratações de obras e serviços, tendo por base a legislação estruturante e a vigente, bem como exemplos de sua aplicação. Quer saber mais? Inscreva-se!;Servidores públicos e cidadãos podem se inscrever no curso, que é gratuito e oferece certificado. O curso é aberto a qualquer pessoa e é voltado para quem atua ou tem interesse em compras, licitações e contratações na administração pública.;"Módulo 1: Evolução Normativa e Planejamento na Lei nº 14.133/21;Módulo 2: Contratos e Prerrogativas Administrativas: Explorando a Legislação;Módulo 3: Gestão de Contratos.";03/09/2024;;
600;Habilidades de Resolução de Problemas;https://www.escolavirtual.gov.br/curso/600;Logística e Compras Públicas;Enap;Columbia University;25;30;Curso Aberto;O curso foi desenvolvido no âmbito do programa de estágio assinado entre a Enap e a Universidade Columbia. Habilidades de resolução de problemas são essenciais para o crescimento pessoal e profissional. Neste curso, você irá aprender a estrutura LEADS – cinco habilidades fundamentais na fundamentação de uma resolução eficaz de problemas.;Servidores públicos de qualquer esfera e Poder, bem como cidadãos em geral. Curso aberto, gratuito e com certificado, qualquer pessoa pode se inscrever.;Módulo 1: Introdução às habilidades de resolução de problemas e autoavaliação.Módulo 2: Introdução à estrutura LEADS.Módulo 3: Liderança.Módulo 4: Comunicação Efetiva.Módulo 5: Pensamento Analítico.Módulo 6: Tomada de Decisões.Módulo 7: Implementação de Soluções.Módulo 8: Pós-avaliação e teste de personalidade.;10/09/2021;;
266;Inventário Participativo;https://www.escolavirtual.gov.br/curso/266;Logística e Compras Públicas;Enap;Instituto Brasileiro de Museus - IBRAM;20;30;Curso Aberto;Desenvolvido pelo Instituto Brasileiro de Museus (Ibram), este curso faz parte do Programa Saber Museu e traz recursos conceituais e metodológicos para o levantamento, a descrição, a classificação e a definição do que concerne e afeta as comunidades como patrimônio cultural. Quer saber mais? Se inscreva!;Representantes de Pontos de Memória e de Cultura e agentes que desenvolvam iniciativas de memória e museologia social. Curso aberto, gratuito e com certificado, qualquer pessoa pode se inscrever.;Patrimônio, cultura e museusInventário ParticipativoHistória oral e inventários participativosEtapas para elaboração de inventário participativo;22/04/2020;;
925;Licitação por concorrência, concurso, leilão e diálogo competitivo;https://www.escolavirtual.gov.br/curso/925;Logística e Compras Públicas;Enap;Enap - Escola Nacional de Administração Pública;20;30;Curso Aberto;Com o advento da Lei nº 14.133, em 1º de abril de 2021, foi estabelecido um novo marco legal das Contratações Públicas para os órgãos e entidades integrantes da Administração direta, autárquica e fundacional de todas as esferas federativas. Esse curso consiste na abordagem pedagógica da Lei nº 14.133 e seus reflexos nos processos licitatórios, oferecendo uma visão geral além do detalhamento de cada modalidade.;Esse curso é destinado a agentes públicos, de todas as esferas, que atuem na área de licitações/compras públicas. Curso aberto, gratuito e com certificado, qualquer pessoa pode se inscrever.;Módulo 1: Visão geralMódulo 2: ConcorrênciaMódulo 3: ConcursoMódulo 4: LeilãoMódulo 5: Diálogo Competitivo;20/04/2023;;
471;Logística no Comércio Exterior Aplicada à Receita Federal;https://www.escolavirtual.gov.br/curso/471;Logística e Compras Públicas;Enap;Secretaria Especial da Receita Federal do Brasil;25;30;Curso Exclusivo;Conhecer as principais noções do transporte e da logística internacional é fundamental para atuar na área de importação e exportação de cargas, produtos e serviços. Neste curso, você compreenderá a dinâmica portuária e aeroportuária, considerando os conceitos básicos e a legislação aplicada a essa logística, e conhecerá também os custos relacionados ao tipo de transporte utilizado no comércio exterior. Saiba Mais, faça sua inscrição.;Público-alvo: Servidores da Receita Federal do Brasil que atuam na área de Fiscalização Aduaneira e aos demais servidores do órgão interessados no assunto. Este curso é exclusivo para agentes públicos da RFB. Para o usuário ter acesso ao curso é necessário que tenha o cadastro na EV.G com seu e-mail institucional (@rfb.gov.br ou @receita.fazenda.gov.br ou @receita.economia.gov.br).;Módulo 1 - Transporte aéreo internacionalMódulo 2 - Transporte MarítimoMódulo 3 - Modais terrestres e seguro;22/09/2022;;
1034;Marco Legal das Startups - Gerenciando Contratos Públicos para Solução Inovadora;https://www.escolavirtual.gov.br/curso/1034;Logística e Compras Públicas;Enap;Enap - Escola Nacional de Administração Pública;25;30;Curso Aberto;Aprenda a testar e aprimorar soluções inovadoras contratadas via CPSI. Com base em casos reais, este curso guiará você pelas etapas do desenvolvimento de produtos inovadores, abordando passos essenciais e desafios. Da contratação ao fornecimento, explore ferramentas e estratégias práticas em design, tecnologia, comunicação e planejamento para garantir o sucesso do seu produto.;Agentes públicos federais, estaduais e municipais. Curso aberto, gratuito e com certificado, qualquer pessoa pode se inscrever.;"Módulo 1: Do Edital à Celebração de Contratos Públicos para Solução Inovadora;Módulo 2: A Gestão do CPSI Celebrado;Módulo 3: Como Criar Ótimos Produtos;Módulo 4: Pessoas, Responsabilidades e Decisões.";17/09/2025;;
440;Nova Lei de Licitações: Gestão Contratual;https://www.escolavirtual.gov.br/curso/440;Logística e Compras Públicas;Enap;Enap - Escola Nacional de Administração Pública;25;30;Curso Aberto;A Lei nº 14.133/2021 trouxe muitas novidades. Este curso traz um panorama sobre as normas gerais de licitação e contratação para as Administrações Públicas diretas, autárquicas e fundacionais da União, dos Estados, do Distrito Federal e dos Municípios com ênfase na Gestão Contratual. Cabe lembrar que os assuntos que se referirem à Lei nº 8.666/93 continuarão válidos até 1º de abril de 2023, data em que a Lei nº 8.666/93 será completamente revogada pela Nova Lei de Licitações (Lei nº 14.133/21).;Servidores públicos que atuam em Gestão de Políticas Públicas e a todos que queiram se familiarizar com a Nova Lei de Licitações n. 14.133/2021. Curso aberto, gratuito e com certificado, qualquer pessoa pode se inscrever.;"Módulo 1 – Os atores da fiscalização de contratos;Módulo 2 – Providências iniciais;Módulo 3 – Alterações contratuais;Módulo 4 – Responsabilidade da Administração Pública na Terceirização de Serviços;Módulo 5 - Liquidação e Pagamento da Despesa Contratual: Atuação do Fiscal de Contrato.";16/01/2022;;
439;Nova Lei de Licitações: modalidade e seleção de fornecedores;https://www.escolavirtual.gov.br/curso/439;Logística e Compras Públicas;Enap;Enap - Escola Nacional de Administração Pública;25;30;Curso Aberto;A nova Lei de Licitações representa um avanço no paradigma das contratações públicas, em termos de boas práticas administrativas e busca por transparência. Você já conhece as atualizações da Lei nº 14.133/21? Que tal realizar este curso e conhecer as novidades com relação às modalidades e ao processo de seleção de fornecedores?;Curso aberto, gratuito e com certificado, qualquer pessoa pode se inscrever.;Módulo 1: Das Modalidades de Contratação: Principais mudanças previstas na LLCAMódulo 2: Modalidades de LicitaçãoMódulo 3: Critérios de Julgamentos na Nova LeiMódulo 4: Habilitação de FornecedoresMódulo 5: Contratações diretas;11/11/2022;;
443;Nova Lei de Licitações: planejamento e governança;https://www.escolavirtual.gov.br/curso/443;Logística e Compras Públicas;Enap;Enap - Escola Nacional de Administração Pública;25;30;Curso Aberto;A nova Lei de Licitações representa um avanço no paradigma das contratações públicas, em termos de boas práticas administrativas e na busca por transparência. Neste curso, você conhecerá as principais mudanças trazidas por essa lei aplicadas ao planejamento e governança. Quer saber mais? Faça a sua inscrição.;Servidores públicos de qualquer esfera e poder, bem como cidadãos em geral.;"Módulo 1 – Lei Federal nº 14.133: contextualizando as mudanças trazidas pela nova lLei;Módulo 2 – Introdução ao planejamento e governança das contratações;Módulo 3 – Processo de elaboração de Estudo Técnico Preliminar –- ETP);Módulo 4 – Processo de elaboração de TRs.";30/12/2022;;
441;Nova Lei de Licitações: Sanções ao fornecedor;https://www.escolavirtual.gov.br/curso/441;Logística e Compras Públicas;Enap;Enap - Escola Nacional de Administração Pública;25;30;Curso Aberto;A Lei nº 14.133/2021 trouxe muitas novidades. Este curso traz um panorama sobre as normas gerais de licitação e contratação para as Administrações Públicas diretas, autárquicas e fundacionais da União, dos Estados, do Distrito Federal e dos Municípios com ênfase nas Sanções ao Fornecedor. Cabe lembrar que os assuntos que se referirem à Lei nº 8.666/93 continuarão válidos até 1º de abril de 2023, data em que a Lei nº 8.666/93 será completamente revogada pela Nova Lei de Licitações (Lei nº 14.133/21).;Servidores públicos que trabalham com licitações e a todos que se interessarem pelo assunto. Curso aberto, gratuito e com certificado, qualquer pessoa pode se inscrever.;"Módulo 1 – Infrações e sanções administrativas – principais mudanças previstas na LLCA;Módulo 2 – Infrações Administrativas;Módulo 3 – Sanções ao fornecedor;Módulo 4 – Regras para a aplicação das sanções.";19/01/2022;;
486;Nova lei de licitações: Visão Geral;https://www.escolavirtual.gov.br/curso/486;Logística e Compras Públicas;Enap;Secretaria Especial de Assuntos Federativos;10;30;Curso Aberto;Com o advento da Nova Lei de Licitações (Lei nº 14.133/2021), os órgãos e entidades da administração pública, bem como diversas empresas terão que promover mudanças nas suas formas de contratação. Neste curso, você conhecerá os objetivos, princípios, abrangência e a aplicabilidade dessa legislação, bem como as respectivas regras de transição para a sua implementação. Atualizado conforme NLCC (lei 14.133).;O curso destina-se a gestores públicos envolvidos nas licitações públicas do município. Curso aberto, gratuito e com certificado, qualquer pessoa pode se inscrever.;"Módulo 1: Introdução e síntese das inovações da Lei nº 14.133, de 1º de abril de 2021;Módulo 2: Principais mudanças e impactos para os municípios - parte 1;Módulo 3: Principais mudanças e impactos para os municípios - parte 2;Módulo 4: A transição da lei atual para a nova Lei;Módulo 5: Adequações necessárias frente à nova Lei.";27/07/2022;;
1185;Padronização dos Procedimentos de Contratação;https://www.escolavirtual.gov.br/curso/1185;Logística e Compras Públicas;Enap;Advocacia Geral da União;20;30;Curso Aberto;O curso visa preparar os servidores envolvidos no planejamento de contratações, com base no Instrumento de Padronização de Procedimentos de Contratação, elaborado pela AGU em parceria com o MGI. O objetivo é aumentar a compreensão dos elementos legais e dos passos obrigatórios, tornando o processo menos mecânico e reduzindo erros na fundamentação e na instrução dos processos de contratação.;Profissionais de compras, gestores de contratos, servidores públicos e colaboradores envolvidos em processos de aquisição. Curso aberto, qualquer pessoa pode se inscrever.;Módulo 1 - Fase de Planejamento da ContrataçãoMódulo 2 - Documento de Formalização da Demanda e Portaria de Designação da Equipe de PlanejamentoMódulo 3 - Estudo Técnico PreliminarMódulo 4 - Gerenciamento De RiscosMódulo 5 - Pesquisa de Preços e planilha com os preços pesquisados e Relatório da Pesquisa de PreçosMódulo 6 - Declarações de disponibilidade e adequação orçamentária, designação do agente da contrataçãoMódulo 7 - Termo de ReferênciaMódulo 8 - Minuta de EditalMódulo 9 - Minuta de ContratoMódulo 10 - Adoção do Sistema de Registro de Preços e Minuta de AtaMódulo 11 - Autorização para a Contratação e Checklist;03/09/2024;;
1134;Planejamento da Contratação de Serviços de Operação de Infraestrutura e de Atendimento a Usuários de TIC;https://www.escolavirtual.gov.br/curso/1134;Logística e Compras Públicas;Enap;Enap - Escola Nacional de Administração Pública;40;60;Curso Aberto;Aprenda a planejar contratações de serviços de TIC com eficiência! Neste curso, você vai conhecer o modelo de contratação de serviços de operação de infraestrutura e atendimento a usuários de TIC estabelecido pela SGD/MGI nº 1.070/2023.;Servidores e empregados públicos que atuam em contratações de serviços de TIC relacionados aos objetos da Portaria SGD/MGI nº 1.070/2023 e demais interessados na temática. Curso aberto, gratuito e com certificado, qualquer pessoa pode se inscrever.;"Módulo 1: Contratações de Serviços de Operações da Portaria SGD/ME nº 1.070/2023;Módulo 2: Planejamento de Contratações de Serviços de Infraestrutura e Atendimento a Usuários;Módulo 3: Planejamento da qualidade, da mensuração e de custo no Modelo de Contratações de Serviços;Módulo 4: Riscos na contratação de serviços ao usuário de TIC.";11/07/2024;;
868;Plano Diretor de Logística Sustentável: metodologia de construção, implementação e monitoramento;https://www.escolavirtual.gov.br/curso/868;Logística e Compras Públicas;Enap;Tribunal de Contas da União;40;60;Curso Aberto;Neste curso você irá conhecer o processo de elaboração, implementação e monitoramento do Plano Diretor de Logística Sustentável, e compreenderá como se dá o estabelecimento dos padrões de desempenho e a aplicação dos indicadores ali previstos, de acordo com a legislação vigente e os normativos de sustentabilidade adotados pelo Tribunal de Contas da União. Atualizado conforme NLCC (lei 14.133).;Servidores públicos de qualquer esfera e Poder, bem como cidadãos em geral. Curso aberto, gratuito, e com certificado. Qualquer pessoa pode se inscrever.;Módulo 1: Sustentabilidade: percurso conceitual e normativoMódulo 2: Plano Diretor de Logística SustentávelMódulo 3: Metodologia de elaboração do PLSMódulo 4: Implantação e Monitoramento do PLS;01/09/2022;;
927;Procedimentos Auxiliares na Nova Lei de Licitações;https://www.escolavirtual.gov.br/curso/927;Logística e Compras Públicas;Enap;Enap - Escola Nacional de Administração Pública;20;30;Curso Aberto;A Lei nº 14.133/2021 é o novo marco das licitações no Brasil. Com ela, surgem muitas inovações e entre as novidades estão os procedimentos auxiliares. Tais procedimentos, alguns já brevemente mencionados em legislação anterior e outros fruto de construção doutrinária e/ou jurisprudencial, foram unificados no novo comando legal. Os procedimentos auxiliares constituem-se de cinco ferramentas operacionais acessórias (credenciamento, pré-qualificação, procedimento de manifestação de interesse, sistema de registro de preços e registro cadastral), que fornecem ao gestor público a possibilidade de pr;"Servidores públicos estaduais e municipais, além de profissionais e demais interessados na área. Curso aberto, gratuito e com certificado; qualquer pessoa pode se inscrever.";Módulo 1: Os procedimentos auxiliares das licitações e contratações no âmbito da Lei nº 14.133/2021,;19/05/2023;;
362;SCDP - Aprovação e Pagamento;https://www.escolavirtual.gov.br/curso/362;Logística e Compras Públicas;Enap;Ministério da Fazenda;25;30;Curso Aberto;Este curso apresenta orientações importantes para a utilização do Sistema de Concessão de Diárias e Passagens - SCDP, principalmente no que trata das etapas de aprovação, execução financeira, faturamento e relatórios. As informações trazidas são pautadas pela legislação em vigência que aborda esse assunto. Se você opera no SCDP ou quer saber mais sobre o sistema, inscreva-se.;Agentes públicos que utilizem o SCDP e desempenhem as atividades de aprovação, execução financeira, faturamento e geração de relatórios. Curso aberto, gratuito e com certificado, qualquer pessoa pode se inscrever.;Módulo 1 - Visão Geral do Sistema de Concessão de Diárias e PassagensMódulo 2 - Aprovações do Afastamento a Serviço, Execução Financeira e Faturamento;13/11/2020;;
928;Suprimento de fundos e cartão de pagamento;https://www.escolavirtual.gov.br/curso/928;Logística e Compras Públicas;Enap;Enap - Escola Nacional de Administração Pública;20;30;Curso Aberto;Este curso apresenta os principais aspectos referentes ao Suprimento de Fundos, destacando boas práticas no gerenciamento do Cartão de Pagamento do Governo Federal com base na legislação vigente. Você conhecerá mais sobre o assunto de forma clara, prática e objetiva. Inscreva-se!;Servidores e servidoras, agentes supridos e ordenadores envolvidos nos processos de despesas em que se aplicam o Suprimento de Fundos.;Módulo 1: ContextualizaçãoMódulo 2: A Lei nº 14.133 e o Cartão de Pagamento do Governo FederalMódulo 3: Gerenciamento do Cartão de Pagamento do Governo Federal;28/04/2023;;
517;Termo de Referência ou Projeto Básico para a Contratação de TIC – Avançado;https://www.escolavirtual.gov.br/curso/517;Logística e Compras Públicas;Enap;Secretaria de Governo Digital;20;30;Curso Aberto;Este curso integra o Programa de Transformação Digital do governo federal e aborda os principais aspectos do processo de contratação de soluções de Tecnologia da Informação e Comunicação (TIC), tratando do Termo de Referência/Projeto Básico e as ferramentas de apoio para elaboração desse documento. Saiba mais sobre esse assunto. Inscreva-se!;Gestores da área de tecnologia e comunicação da Administração Pública. Curso aberto, gratuito e com certificado, qualquer pessoa pode se inscrever.;Módulo 1 – Visão geral das compras públicas de TIC.Módulo 2 – Ferramentas de apoio para a elaboração de Termos de Referência/Projetos Básicos de  TIC.Módulo 3 – Termos de Referência/Projeto Básico atrelados a resultados.;09/06/2021;;
1547;Implementação: Orçamento Inteligente de Obras - BIM;https://www.escolavirtual.gov.br/curso/1547;Logística e Compras Públicas;Enap;Tribunal de Contas do Estado do Rio de Janeiro;24;;;Aprenda a aplicar a metodologia BIM para criar orçamentos de obras mais precisos, integrados e eficientes. Neste curso, você conhecerá práticas e ferramentas para extrair quantitativos, reduzir erros e otimizar custos ao longo do ciclo de vida dos projetos.;Servidores públicos de qualquer esfera e Poder atuantes no planejamento, contratação, execução e monitoramento de Obras Públicas e cidadãos em geral interessados na temática. Curso aberto, gratuito e com certificado, qualquer pessoa pode se inscrever.;"*&nbsp; Módulo 1&nbsp; &nbsp; - Instalação do Software&nbsp; &nbsp; - Introdução à Engenharia de Custos&nbsp; &nbsp; - Orçamento tradicional x Orçamento em BIM*&nbsp; Módulo 2&nbsp; &nbsp; - BIM 5D além do orçamento&nbsp; &nbsp; - Análise do Modelo&nbsp; &nbsp; - Extração de quantidades com Navisworks&nbsp; &nbsp; - Orçafascio";;;
547;Ampliação das Receitas Municipais;https://www.escolavirtual.gov.br/curso/547;Orçamento e Finanças;Enap;Secretaria Especial de Assuntos Federativos;8;30;Curso Aberto;Você conhece o que é gestão fiscal com foco na ampliação das receitas municipais e no controle das receitas transferidas. Este curso vai demonstrar quais são as receitas de competência municipal. Se inscreva e venha conhecer estratégias de ampliação e de recuperação de receitas e, identificar o tratamento da dívida ativa municipal, para elaboração de plano que se adeque a sua realidade municipal.;Prefeitos e gestores municipais. Agentes públicos, de qualquer da esfera municipal. Curso aberto, gratuito e com certificado, qualquer pessoa pode se inscrever.;"Módulo 1: Receitas Próprias e Transferidas;Módulo 2: Análise do Ambiente, Arrecadatório Municipal e Ampliação das Receitas Municipais";21/12/2021;;
429;Básico em Orçamento Público;https://www.escolavirtual.gov.br/curso/429;Orçamento e Finanças;Enap;Ministério da Fazenda;30;30;Curso Aberto;Conheça as principais informações sobre orçamento, os conceitos básicos de receita e despesa pública, as funções do orçamento, os princípios orçamentários e a sua aplicabilidade para a boa gestão pública.;Agentes públicos e estudantes que tenham interesse no orçamento público. Curso aberto, gratuito e com certificado, qualquer pessoa pode se inscrever.;1 Orçamento Público 1.1 Funções1.2 Princípios orçamentários1.3 Receita e Despesa Pública1.4 Transparência Governamental e Controle Social2 Fundamentação Legal do Orçamento Público 3 Processo Orçamentário 3.1 Plano Plurianual – PPA3.2 Lei de Diretrizes Orçamentárias – LDO3.3 Lei Orçamentária Anual – LOA3.4 Integração das Leis Orçamentárias 4 Orçamento e Cidadania 4.1 Participação social4.2 Orçamento participativo4.3 Controle institucional;11/04/2017;;
95;Ciclo de Gestão do Investimento Público;https://www.escolavirtual.gov.br/curso/95;Orçamento e Finanças;Enap;Ministério da Fazenda;20;30;Curso Aberto;A partir da compreensão da estrutura e funcionamento do Ciclo de Gestão do Investimento Público, conheça o percurso institucional do investimento público, as funções e as implicações das oito etapas básicas para o alcance de um sistema de investimento público eficiente.;Agentes públicos federais, municipais e estaduais que atuem nos Poderes Executivo, Legislativo e Judiciário e sejam responsáveis pela análise de projetos de grande porte. Curso aberto, gratuito e com certificado, qualquer pessoa pode se inscrever.;1 Ciclo de Gestão do Investimento Público 1.1 Ciclo institucional1.2 Seleção preliminar de projetos 2 Etapas 2.1 Avaliação formal (ex ante)2.2 Revisão independente2.3 Seleção de projetos e inclusão no orçamento2.4 Implementação2.5 Ajuste de projeto2.6 Operação2.7 Avaliação (ex post);29/08/2013;;
1126;Conceitos Básicos de Finanças e Contabilidade para Empresas Estatais;https://www.escolavirtual.gov.br/curso/1126;Orçamento e Finanças;Enap;Secretaria de Coordenação e Governança das Empresas Estatais (SEST);20;30;Curso Aberto;Neste curso você conhecerá os principais fundamentos de contabilidade e finanças, ferramentas essenciais para uma gestão embasada em empresas estatais. Aqui, você encontrará conceitos e práticas que o ajudarão a entender melhor o cenário contábil-financeiro da empresa, proporcionando mais segurança na análise dos dados financeiros e, consequentemente, na tomada de decisões.;Conselheiros de Administração e interessados em atuar como administradores, bem como membros de outros órgãos estatutários de empresa estatal, além de servidores públicos cujas atividades exercidas tenham interação com essas companhias.;Módulo 1 - Conceitos básicos de finanças e contabilidadeMódulo 2 - Processo de Elaboração das Demonstrações ContábeisMódulo 3 - Demonstrações ContábeisMódulo 4 - Análise de Demonstrações Contábeis;27/02/2025;;
548;Contabilidade com foco na gestão da informação contábil;https://www.escolavirtual.gov.br/curso/548;Orçamento e Finanças;Enap;Enap - Escola Nacional de Administração Pública;20;30;Curso Aberto;O curso busca aprimorar o conhecimento sobre a contabilidade aplicada ao setor público, possibilitando a apresentação de demonstrações contábeis mais consistentes, assertivas e eficientes para a tomada de decisões. Possui como foco os procedimentos de coleta, preparação, formatação e apresentação da informação contábil.;Servidores públicos que atuam na área de contabilidade aplicada ao setor público. Curso aberto, gratuito e com certificado, qualquer pessoa pode se inscrever.;Módulo 1 – Introdução à Contabilidade Aplicada ao Setor PúblicoMódulo 2 – Abertura do Exercício Contábil, Regras de Consistência das Informações e Encerramento do Exercício ContábilMódulo 3 – Critérios Gerais de Evidenciação nas DCASPMódulo 4 – NBC TSP 11: Apresentação das DCASP e Macrofunções do SiafiMódulo 5 – Apresentação de Preenchimento de BV, DVP, DFC, DMPL, BO e BF;25/07/2021;;
429;Contabilidade com Foco na Gestão do Orçamento Público;https://www.escolavirtual.gov.br/curso/429;Orçamento e Finanças;Enap;Enap - Escola Nacional de Administração Pública;20;30;Curso Aberto;O curso apresenta procedimentos e ferramentas básicas de controle das informações contábeis. Nesse contexto, serão abordados conceitos básicos de Contabilidade Aplicada ao Setor Público. Também serão tratados no curso procedimentos contábeis da receita e da despesa.;Servidores públicos que atuam com contabilidade e gestão orçamentária e, também, a todos que se interessarem pelo assunto. Curso aberto, gratuito e com certificado, qualquer pessoa pode se inscrever.;"Módulo 1 – Conceitos básicos de Contabilidade Aplicada ao Setor Público;Módulo 2 – Procedimentos contábeis orçamentários (PCO) da receita;Módulo 3 – Procedimentos contábeis orçamentários (PCO) da despesa.";15/10/2021;;
342;Contabilidade com Foco na Gestão do Patrimônio Público;https://www.escolavirtual.gov.br/curso/342;Orçamento e Finanças;Enap;Enap - Escola Nacional de Administração Pública;21;30;Curso Aberto;O curso apresentará o aspecto patrimonial da Contabilidade Aplicada ao Setor Público –CASP. Esse aspecto demonstra conceitos que estão em processo de convergência com as normas internacionais, trazendo, portanto, muitas dúvidas aos contadores e usuários de informações contábeis. Sendo assim, pretendemos apresentar de forma detalhada o tratamento contábil dos diversos itens que compõem o patrimônio público no curso.;Profissionais que trabalham com a gestão do patrimônio público das entidades governamentais. Curso aberto, gratuito e com certificado, qualquer pessoa pode se inscrever.;Módulo 1: Elementos das demonstrações contábeisMódulo 2: Mensuração das demonstrações contábeisMódulo 3: Caixa e equivalentes de caixa, aplicações financeiras, estoques, ativo imobilizado e intangívelMódulo 4: Créditos a receberMódulo 5: Obrigações, provisões, passivos contingentes e ativos contingentes;16/10/2020;;
480;Contabilidade pública e conformidade na gestão;https://www.escolavirtual.gov.br/curso/480;Orçamento e Finanças;Enap;Secretaria Especial de Assuntos Federativos;10;30;Curso Aberto;O curso Contabilidade pública e conformidade na gestão foi desenvolvido em 2021 pela Enap, em parceria com a Secretaria de Assuntos Federativos da Presidência da República (Seaf), e integra um programa para formação de prefeitos e tem como objetivo geral compreender aspectos da contabilidade pública com base em processos de execução e boas práticas de conformidade para uma gestão eficiente.;Prefeitos e seus assessores. Curso aberto, gratuito e com certificado, qualquer pessoa pode se inscrever.;"Módulo 1 – Controle Interno e Externo;Módulo 2 – Gestão de Folha de Pagamento;Módulo 3 – Previdência.";31/12/2021;;
12;Controles Institucional e Social dos Gastos Públicos;https://www.escolavirtual.gov.br/curso/12;Orçamento e Finanças;Enap;Secretaria do Tesouro Nacional;30;30;Curso Aberto;O curso apresenta noções de controle institucional e social no Brasil para uma compreensão básica sobre a importância da qualidade do gasto, do uso eficiente dos recursos públicos e da participação social. Este curso compõe o Programa de Aprendizagem em Educação Fiscal.;Pessoas que tenham interesse em controle social e institucional dos gastos do Estado. Curso aberto, gratuito e com certificado, qualquer pessoa pode se inscrever.;1 Controle dos gastos públicos 1.1 Controle institucional dos gastos públicos1.2 Controle social dos gastos públicos1.3 Controle social exercido pela cidadania1.4 Controle social exercido pelos Conselhos Municipais1.5 Controle social das políticas públicas 2 Órgãos, Portais e outras instituições responsáveis pelo controle dos gastos 2.1 Ministério da Transparência, Fiscalização e Controladoria-Geral da União2.2 Câmara e Senado Federal2.3 Tribunais de Contas2.4 Portal Contas Abertas e Portal da Transparência2.5 Portal Meu Município2.6 Secretaria de Orçamento Federal e Secretaria do Tesouro Nacional2.7 Ministério Público 3 Qualidade do gasto público 3.1 Âmbito familiar e âmbito do Governo3.2 Relação entre transparência, controle social, educação fiscal e eficiência do gasto público;28/11/2017;;
194;Curso de Formação de Servidores Municipais ou Distritais para a Fiscalização e a Cobrança do ITR;https://www.escolavirtual.gov.br/curso/194;Orçamento e Finanças;Enap;Secretaria Especial da Receita Federal do Brasil;30;30;Curso Exclusivo;Neste curso, você conhecerá os normativos, os procedimentos e informações importantes para atuar na cobrança e fiscalização do ITR. O curso tem como foco, exclusivamente, a capacitação de servidores dos municípios conveniados que são designados para essa atuação em conformidade com a legislação vigente.;Servidores Municipais ou Distritais para a Fiscalização e a Cobrança do Imposto sobre a Propriedade Territorial Rural (ITR), designados pelos respectivos entes federados conveniados do ITR.;Módulo 1: Legislação e DITRMódulo 2: Cadastro, Cobrança e AtendimentoMódulo 3: FiscalizaçãoMódulo 4: Orientações gerais;30/07/2024;;
231;Demonstrativo de Informações Previdenciárias e Repasses (DIPR) e Parcelamento de débitos previdenciários dos RPPS;https://www.escolavirtual.gov.br/curso/231;Orçamento e Finanças;Enap;Previdência Social;30;30;Curso Aberto;O curso foi produzido por meio da parceria entre a Escola de Administração Fazendária e a Secretaria de Previdência. Sua estrutura está configurada em 3 (três) módulos que abordam conhecimentos relacionados ao DIPR, sua importância para a obtenção do CRP e a forma de transmissão das informações no sistema Cadprev, e relacionados aos procedimentos para realização do parcelamento de débitos, conforme legislação em vigor, para regularizar os casos em que o Ente Federativo não teve condições de fazer os repasses em dia.;Responsáveis pelo preenchimento e envio do DIPR e Parcelamento de débitos previdenciários do RPPS, bem como os Técnicos, Gestores e Conselheiros dos Regimes Próprios de Previdência Social. Curso aberto, gratuito e com certificado, qualquer pessoa pode se inscrever.;Módulo 1: Sistemas disponibilizados pela Secretaria de Previdência para Demonstrativos de Informações Previdenciárias e de Repasses (DIPR) e Parcelamentos1.1 Introdução1.2 Principais conceitos1.3 Cadastramento dos Responsáveis no CADPREVMódulo 2: Demonstrativo de Informações Previdenciárias e Repasses (DIPR)2.1 Introdução2.2 Etapas do preenchimento2.3 Etapas do Envio e Processamento2.4 Relatórios2.5 Retificações no DIPR Módulo 3: Parcelamentos e Reparcelamentos3.1 Introdução3.2 Situações possíveis de Parcelamentos e Reparcelamentos3.3 Termos de Parcelamento Convencionais, Normais ou Ordinários3.4 Termos de Parcelamento Especiais3.5 Reparcelamentos3.6 Legislação do Ente para atendimento aos Parcelamentos e Reparcelamentos3.7 Etapas do Preenchimento3.8 Cadastramento de Termos Antigos no CADPREV-Web3.9 Etapas de envio e processamento3.10 Documentos eletrônicos gerados pelo sistema3.11 Retificações dos Parcelamentos e Reparcelamentos3.12 Cancelamento de Parcelamentos3.13 Quitação de Parcelamentos e Reparcelamentos3.14 Rubricas3.15 Situação dos Acordos;29/06/2019;;
230;Demonstrativo do Resultado da Avaliação Atuarial - DRAA;https://www.escolavirtual.gov.br/curso/230;Orçamento e Finanças;Enap;Enap - Escola Nacional de Administração Pública;60;60;Curso Aberto;O curso “Demonstrativo do resultado da Avaliação Atuarial - DRAA” foi produzido por meio da parceria entre a Escola de Administração Fazendária e a Secretaria de Previdência. Sua estrutura está configurada em 6 (seis) módulos que abordam as partes que compõem o DRAA, visando o correto preenchimento das informações necessárias para a consolidação do demonstrativo.;Gestores, Técnicos e Conselheiros dos Regimes Próprios de Previdência Social - RPPS. Curso aberto, gratuito e com certificado, qualquer pessoa pode se inscrever.;Módulo 1: Tópicos Iniciais sobre Avaliação Atuarial Módulo 2: Elementos da Base Normativa Módulo 3: Elementos da Base Cadastral Módulo 4: Elementos da Base Técnica Módulo 5: Elementos dos Resultados Módulo 6: Envio e Processamento;31/05/2019;;
944;Despesas por Função COFOG;https://www.escolavirtual.gov.br/curso/944;Orçamento e Finanças;Enap;Enap - Escola Nacional de Administração Pública;40;60;Curso Aberto;Neste curso, você conhecerá a Classificação das Funções de Governo (COFOG) definida pela Organização das Nações Unidas (ONU), compreenderá sua aplicação prática, sua estrutura e também a importância da classificação das despesas por funções governamentais. Além disso, você conhecerá os conceitos chave e um comparativo entre a COFOG e a Portaria SOF nº 42/1999. Inscreva-se para saber mais.;Agentes públicos estaduais e municipais, além de profissionais e demais interessados na área.;"Módulo 1: Classificação das Funções de Governo (COFOG);Módulo 2: Comparação entre COFOG e Portaria SOF nº 42/1999;Módulo 3: Quais despesas classificar? Classificação econômica da despesa conforme GFSM 2014;Módulo 4: Classificação Institucional de Governo;Módulo 5: COFOG no Brasil e comparação internacional.";15/04/2024;;
172;Educação Fiscal - Estado e Tributação;https://www.escolavirtual.gov.br/curso/172;Orçamento e Finanças;Enap;Enap - Escola Nacional de Administração Pública;40;60;Curso Aberto;Este curso está inserido no contexto do Programa Nacional de Educação Fiscal - PNEF. Seu conteúdo aborda a tributação e os direitos fundamentais, explorando os conceitos, a espécie e as competências dos tributos. Além disso, trata das novas concepções da tributação pós-crise. Saiba mais, inscreva-se!;Estudantes universitários de diferentes cursos, especialmente àqueles que estejam insertos em cursos afins aos temas de Sociologia, Economia, Direito, Administração, Contabilidade, Finanças e Orçamento, com acesso regular à internet e faixa etária diversificada, com interesse em se aprofundar na temática de educação fiscal, estado e tributação. Curso aberto, gratuito e com certificado, qualquer pessoa pode se inscrever.; 1 - ESTADO E TRIBUTAÇÃO: DO ESTADO LIBERAL À CONTEMPORANEIDADE BRASILEIRA 2 - TRIBUTAÇÃO E FUNDAMENTOS DO ESTADO REPUBLICANO: CIDADANIA E EDUCAÇÃO FISCAL ANCORADAS NO DEVER FUNDAMENTAL DE PAGAR TRIBUTOS 3 - TRIBUTAÇÃO, IGUALDADE E COESÃO SOCIAL NA AMÉRICA LATINA 4 - TRIBUTAÇÃO E DIREITOS FUNDAMENTAIS: DOS DIREITOS SOCIAIS AOS LIMITES DO PODER DE TRIBUTAR 5 - TRIBUTO: DEFINIÇÃO E TIPOLOGIA ;31/05/2019;;
184;Educação Fiscal - Orçamento e Coesão Social;https://www.escolavirtual.gov.br/curso/184;Orçamento e Finanças;Enap;Enap - Escola Nacional de Administração Pública;40;60;Curso Aberto;Com uma ampla visão sobre a necessidade de uma adequada gestão do dinheiro público, combinada ao desafio da promoção de equidade, capacidade e limitação do poder de tributar do Estado, o curso aborda a relação cidadania e governo frente ao orçamento público. Os aspectos operacionais do processo orçamentário brasileiro e o processo de compras governamentais também são apresentados, combinando-os, ainda, com os princípios da transparência e da Lei de Acesso à Informação (LAI).;Estudantes universitários de diferentes cursos, especialmente àqueles que estejam insertos em cursos afins aos temas de Sociologia, Economia, Direito, Administração, Contabilidade, Finanças e Orçamento, com acesso regular à internet e faixa etária diversificada, com interesse em se aprofundar na temática de educação fiscal, orçamento e coesão social. Curso aberto, gratuito e com certificado, qualquer pessoa pode se inscrever.;Unidade 1 - Planejamento Orçamentário Unidade 2 - A Execução Orçamentária e Financeira Unidade 3 - As Compras Governamentais Unidade 4 - Publicidade e Transparência nas Finanças e nas Políticas Públicas Unidade 5 - Controle Institucional e Social da Finanças Públicas e do Orçamento;31/05/2019;;
1453;Eixo 1 - Elaborando o Plano Plurianual (PPA) Orçamento e Finanças;https://www.escolavirtual.gov.br/curso/1453/;Orçamento e Finanças;Enap;Enap - Escola Nacional de Administração Pública;25;365;Curso Aberto;Trata da elaboração do planejamento orçamentário de médio prazo, consolidado no Plano Plurianual (PPA), instrumento constitucional que estabelece, de forma regionalizada, as diretrizes, objetivos e metas da Administração Pública Federal para as despesas de capital e outras delas decorrentes, assim como para as despesas relativas aos programas de duração continuada.;Servidoras e servidores públicos que atuem ou pretendam atuar na área de orçamento e finanças;Eixo 1 - Elaborando o Plano Plurianual (PPA) - Orçamento e Finanças;19/12/2025;;
1454;Eixo 2 - Elaborando a Lei de Diretrizes Orçamentárias (LDO) e a Lei Orçamentária Anual (LOA) Orçamento e Finanças;https://www.escolavirtual.gov.br/curso/1454/;Orçamento e Finanças;Enap;Enap - Escola Nacional de Administração Pública;30;365;Curso Aberto;Trata das competências necessárias para a elaboração do planejamento orçamentário de curto prazo, consolidado na Lei Orçamentária Anual (LOA), elaborada em conformidade com as orientações, metas e prioridades da administração pública federal, estabelecidas pela Lei de Diretrizes Orçamentárias (LDO).;Servidoras e servidores públicos que atuem ou pretendam atuar na área de orçamento e finanças;Eixo 2 - Elaborando a Lei de Diretrizes Orçamentárias (LDO) e a Lei Orçamentária Anual (LOA) Orçamento e Finanças;19/12/2025;;
1455;Eixo 3 - Realizando a execução orçamentária e financeira Orçamento e Finanças;https://www.escolavirtual.gov.br/curso/1455/;Orçamento e Finanças;Enap;Enap - Escola Nacional de Administração Pública;55;365;Curso Aberto;Trata das competências necessárias para a execução das receitas e despesas constantes da Lei Orçamentária Anual (LOA), incluindo a realização de ajustes para o atendimento das necessidades não previstas, ou não suficientemente previstas na etapa de planejamento e de restos a pagar de exercícios anteriores.;Servidoras e servidores públicos que atuem ou pretendam atuar na área de orçamento e finanças;Eixo 3 - Realizando a execução orçamentária e financeira Orçamento e Finanças;19/12/2025;;
1456;Eixo 4 - Acompanhando e avaliando o planejamento e a execução orçamentária e financeira Orçamento e Finanças;https://www.escolavirtual.gov.br/curso/1456/;Orçamento e Finanças;Enap;Enap - Escola Nacional de Administração Pública;100;365;Curso Aberto;Trata das competências necessárias para acompanhar e avaliar a execução orçamentária e financeira, além de verificar se a execução está em conformidade com o planejamento orçamentário. Dessa forma, você poderá realizar as alterações necessárias de forma tempestiva;Servidoras e servidores públicos que atuem ou pretendam atuar na área de orçamento e finanças;Eixo 4 - Acompanhando e avaliando o planejamento e a execução orçamentária e financeira Orçamento e Finanças;19/12/2025;;
1457;Eixo 5 - Analisando as finanças públicas - Orçamento e Finanças;https://www.escolavirtual.gov.br/curso/1457/;Orçamento e Finanças;Enap;Enap - Escola Nacional de Administração Pública;90;365;Curso Aberto;Trata das competências necessárias para a análise das finanças públicas, permitindo análises comparadas internacionais com o objetivo de compreender a situação fiscal do país.;Servidoras e servidores públicos que atuem ou pretendam atuar na área de orçamento e finanças;Analisando as finanças públicas Orçamento e Finanças;19/12/2025;;
519;Elaboração e Avaliação do PPA: bases conceituais;https://www.escolavirtual.gov.br/curso/519;Orçamento e Finanças;Enap;Tribunal de Contas do Estado do Rio de Janeiro;20;30;Curso Aberto;Este curso pretende explicitar conceitos necessários à elaboração do planejamento plurianual (PPA), identificando ferramentas e processos auxiliares para uma ação mais eficiente, eficaz e efetiva na construção do planejamento governamental.;Curso destinado aos servidores que atuam na área de planejamento governamental. Servidores públicos de qualquer esfera e Poder. Curso aberto, gratuito e com certificado, qualquer pessoa pode se inscrever.;Módulo 1: Introdução ao PPA.Módulo 2: Princípios básicos para elaboração do PPA.Módulo 3: Elementos estruturantes do PPA.Módulo 4: Identificação e tratamento de problemas.Módulo 5: Avaliação de monitoramento do PPA.;22/06/2021;;
1083;Estatística;https://www.escolavirtual.gov.br/curso/1083;Orçamento e Finanças;Enap;Ministério da Fazenda;20;30;Curso Aberto;O curso faz parte do Programa Conceitos Essenciais para Avaliação Socioeconômica de Projetos e tem como proposta central desenvolver competências para a avaliação socioeconômica de projetos. Essa avaliação inclui a compreensão das implicações sociais, econômicas e ambientais ao longo do ciclo de vida dos projetos e serve como subsídio à tomada de decisões.;Agentes públicos federais, municipais e estaduais que atuem nos Poderes Executivo, Legislativo e Judiciário e sejam responsáveis pela análise de projetos de grande porte. Curso aberto, gratuito e com certificado, qualquer pessoa pode se inscrever.;1 Estatística descritiva 1.1 Dados estatísticos1.2 Distribuição de frequências1.3 Medidas de posição1.4 Medidas de dispersão 2 Probabilidades e Técnicas de Amostragem 2.1 Experimentos, espaço amostral e tipos de evento2.2 Probabilidade de ocorrência de um evento2.3 Análise de riscos na avaliação de projetos2.4 Amostragem2.5 Dimensionamento da amostra;08/10/2013;;
118;Federalismo e Federalismo Fiscal no Brasil;https://www.escolavirtual.gov.br/curso/118;Orçamento e Finanças;Enap;Secretaria do Tesouro Nacional;35;60;Curso Aberto;O curso apresenta noções de federalismo e federalismo fiscal no Brasil para uma compreensão básica do assunto e dos principais tipos de pactos federativos existentes. Este curso compõe o Programa de Aprendizagem em Educação Fiscal.;Pessoas que tenham interesse em federalismo fiscal. Curso aberto, gratuito e com certificado, qualquer pessoa pode se inscrever.;1 Federalismo e Federalismo Fiscal 1.1 Formas de Estado1.2 Federação1.3 Descentralização política1.4 Federalismo Fiscal1.5 Pacto federativo 2 Experiência internacional 2.1 Tipos de Governo2.2 Estados Unidos2.3 Alemanha 3 Teoria econômica 3.1 Teoria econômica sobre Federalismo e Federalismo Fiscal3.2 Modelo ótimo de federalismo3.3 Modelo ótimo de federalismo fiscal 4 O caso brasileiro 4.1 Federalismo no Brasil4.2 Federalismo Fiscal no Brasil4.3 Modelo adotado no Brasil4.4 Principais problemas e desafios;28/11/2017;;
648;Ferramentas de Gestão nas Transferências da União;https://www.escolavirtual.gov.br/curso/648;Orçamento e Finanças;Enap;Secretaria de Gestão e Inovação (SEGES/MGI);25;30;Curso Aberto;Descubra como otimizar a gestão de recursos públicos da União! Aprenda a usar ferramentas essenciais, como o Portal Transferegov.br, painéis gerenciais e aplicativos do Parceriasgov.br, para tornar os processos mais eficientes e transparentes. Dividido em três módulos práticos, este curso vai fortalecer suas competências técnicas e transformar sua atuação na gestão pública.;Agentes envolvidos direta e indiretamente no processo de transferências da União. Curso aberto, gratuito e com certificado, qualquer pessoa pode se inscrever.;"Módulo 1: Portal Transferegov.br e as Ferramentas de Gestão;Módulo 2: Painéis Gerenciais Parceriasgov.br;Módulo 3: Aplicativos Parceriasgov.br: Cidadaogov.br, Gestorgov.br e Fiscalgov.br.";28/02/2025;;
947;Finanças Públicas e Estatísticas Fiscais;https://www.escolavirtual.gov.br/curso/947;Orçamento e Finanças;Enap;Enap - Escola Nacional de Administração Pública;40;60;Curso Aberto;Conheça os conceitos essenciais de finanças públicas de forma clara e prática. Nesse curso, você terá uma introdução abrangente dos fundamentos das finanças públicas, explorando conceitos, principais estatísticas e sua aplicação no Brasil. Aprenda a avaliar criticamente esses indicadores, interpretar seu impacto na administração pública e aplicá-los a situações práticas de gestão. Um curso pensado para ampliar seus conhecimentos e sua atuação no setor público!;Servidores públicos e profissionais que atuam em áreas correlatas à gestão econômica e financeira, além de estudantes e interessados que busquem uma introdução aos conceitos de finanças públicas e estatísticas econômicas. Curso aberto, gratuito e com certificado, qualquer pessoa pode se inscrever.;Módulo 1 - Conceitos Econômicos Iniciais.Módulo 2 - Demonstrativos e Regras de Registro de Transações segundo o GFSM 2014.Módulo 3 - Registro de Receitas e Despesas segundo o GFSM 2014.Módulo 4 - Principais estatísticas produzidas no Brasil.;24/09/2025;;
251;"Formação de Multiplicadores da Série ""Eu e Meu Dinheiro""";https://www.escolavirtual.gov.br/curso/251;Orçamento e Finanças;Enap;Banco Central do Brasil;10;30;Curso Aberto;"O curso Formação de Multiplicadores da Série ""Eu de Meu Dinheiro"" destina-se a sensibilizar os participantes para a gestão das finanças pessoais e a capacitá-los a conduzir grupos de discussão sobre cada um dos cinco vídeos da série ""Eu e Meu Dinheiro"". Para cada episódio da série, o curso apresenta um vídeo de perguntas para reflexão, um debate de especialistas sobre os temas abordados no episódio e um guia para apresentação e discussão do vídeo em grupo. Faça o curso, aprofunde suas reflexões sobre os assuntos abordados e seja você também um multiplicador desses conhecimentos!";"Usuários do sistema financeiro, jovens e adultos, internautas em geral que queiram se tornar multiplicadores da série de vídeos ""Eu e Meu Dinheiro"" para conduzir discussões em grupo sobre os episódios. Curso aberto, gratuito e com certificado, qualquer pessoa pode se inscrever.";"Necessidades e desejos; Orçamento familiar; Uso de crédito; A importância de poupar; Riscos e imprevistos; e Consumo consciente. ";05/10/2019;;
438;Gestão de Convênios para Concedentes;https://www.escolavirtual.gov.br/curso/438;Orçamento e Finanças;Enap;Enap - Escola Nacional de Administração Pública;25;30;Curso Aberto;O curso foi desenvolvido em 2021 pela Enap com o objetivo de capacitar servidores públicos que atuam em alguma das etapas de convênios ou similares.;Servidores públicos que atuam em alguma das etapas de convênios ou similares. Curso aberto, gratuito e com certificado, qualquer pessoa pode se inscrever.;Módulo 1: Importância e fundamentos de parcerias intergovernamentaisMódulo 2: Preparação da parceria intergovernamentalMódulo 3: Planejamento e formalização do convênio ou termo de compromissoMódulo 4: Execução do objetoMódulo 5: Prestação de contas;08/10/2021;;
170;Gestão de Finanças Pessoais;https://www.escolavirtual.gov.br/curso/170;Orçamento e Finanças;Enap;Banco Central do Brasil;20;30;Curso Aberto;Adquira mais conhecimentos para gerir suas finanças e realizar seus sonhos! O curso, desenvolvido pelo Banco Central em parceria com a Escola de Administração Fazendária, apresenta conceitos básicos do tripé de educação financeira “PLA-POU-CRÉ”: PLAnejar o uso do dinheiro, POUpar ativamente e usar o CRÉdito de forma responsável. Isso tudo de forma simples e lúdica, por meio de vídeos animados.;Jovens ou adultos que queiram aprender a lidar melhor com o dinheiro. Curso aberto, gratuito e com certificado, qualquer pessoa pode se inscrever.;" Nossa Relação com o Dinheiro; Orçamento Pessoal e Familiar; Crédito e Endividamento; Consumo Planejado e Consciente; Poupança e Investimento; Prevenção e Proteção; e Consumindo Serviços Financeiros. ";31/10/2019;;
487;Gestão Fiscal Municipal;https://www.escolavirtual.gov.br/curso/487;Orçamento e Finanças;Enap;Secretaria Especial de Assuntos Federativos;10;30;Curso Aberto;Este curso foi desenvolvido pela Enap, em parceria com a Secretaria de Assuntos Federativos da Presidência da República (SEAF), para proporcionar uma visão sistêmica sobre a gestão fiscal de um município destacando os principais riscos e oportunidades na condução de processos voltados à entrega de produtos e serviços, controle orçamentário como ferramenta de gestão, entender as receitas e suas fontes, as despesas públicas, destinação dos recursos e gastos obrigatórios.;Prefeitos e seus assessores, Gestores públicos e agentes que atuam com orçamento, arrecadação, gastos e despesas públicas e gestão fiscal municipal. Curso aberto, gratuito e com certificado, qualquer pessoa pode se inscrever.;"Módulo 1 – Orçamento Municipal;Módulo 2 – Arrecadação Municipal;Módulo 3 – Gastos e Despesas Públicas;Módulo 4 – Boa saúde fiscal do município;Módulo 5 – Plano de recuperação fiscal;Módulo 6 – Lei Complementar nº 173/2020.";23/12/2021;;
257;Gestão Orçamentária e Financeira;https://www.escolavirtual.gov.br/curso/257;Orçamento e Finanças;Enap;Tribunal de Contas da União;20;30;Curso Aberto;Nos órgãos e entidades estatais, o processo de planejamento é essencial para que os recursos públicos sejam aplicados de forma eficiente, eficaz e efetiva, de modo a produzir os resultados esperados pela sociedade. O curso foi criado, tendo em vista a importância desse tema.;Agentes da administração pública nas esferas federal, estadual e municipal. Curso aberto, gratuito e com certificado, qualquer pessoa pode se inscrever.;" Planejamento e orçamento público; PPA, LDO e LOA - prazos, vigência e características; Ciclo e princípios orçamentários; Créditos adicionais; Discussão e votação do orçamento; Controle e avaliação da execução orçamentária; Regra de ouro; Reserva de contingência. ";14/10/2019;;
125;Gestão Tributária Municipal;https://www.escolavirtual.gov.br/curso/125;Orçamento e Finanças;Enap;Instituto Brasileiro de Administração Municipal - IBAM;30;30;Curso Aberto;Este curso trata das transformações no ambiente e nos processos políticos, econômicos e de produção que têm gerado crescente arrecadação de tributos, abordando os aspectos gerais da gestão tributária como forma de melhorar e gerir com eficiência a arrecadação dos tributos municipais e também a legislação que norteia as organizações e os indivíduos numa perspectiva social. Inscreva-se!;Gestores e técnicos da administração dos municípios que atuem na área de tributação. Curso aberto, gratuito e com certificado, qualquer pessoa pode se inscrever.;Módulo 1 - Sistema, Princípios e Competência Tributária Módulo 2 - Obrigação e Legislação Tributária Módulo 3 - Crédito Tributário e Lançamento Módulo 4 - Análise da Gestão Tributária Municipal;07/02/2019;;
404;Instrumentos de Planejamento: PPA, LDO e LOA;https://www.escolavirtual.gov.br/curso/404;Orçamento e Finanças;Enap;Enap - Escola Nacional de Administração Pública;14;30;Curso Aberto;Este curso trata dos principais aspectos e instrumentos do orçamento público. Você irá compreender os conceitos aplicados ao contexto e como ocorre o processo de elaboração do PPA, da LDO e da LOA. Além disso, o curso apresenta informações sobre o Sistema Integrado de Planejamento e Orçamento (SIOP) e sobre o planejamento de políticas públicas. Quer saber mais? Faça sua inscrição.;Servidores públicos que atuam na área de orçamento e finanças, além das pessoas que são interessadas no tema e têm conhecimento prévio sobre PPA, LDO e LOA. Curso aberto, gratuito e com certificado, qualquer pessoa pode se inscrever.;Módulo 1 – Políticas Públicas e Planejamento GovernamentalMódulo 2 – Ciclo OrçamentárioMódulo 3 – PPA, LDO e LOAMódulo 4 – Sistema Integrado de Orçamento e Planejamento (SIOP);05/04/2021;;
339;Introdução ao Federalismo Fiscal no Brasil;https://www.escolavirtual.gov.br/curso/339;Orçamento e Finanças;Enap;Secretaria de Orçamento Federal;30;30;Curso Aberto;Desenvolvido pela Secretaria de Orçamento Federal (SOF) em 2016 e, posteriormente, cedido para oferta pela Enap. Revisado em 2020, este curso apresenta as principais características do federalismo em âmbito geral, com foco no federalismo fiscal Brasileiro.;Agentes públicos, estudantes e demais pessoas que tenham interesse no tema. Curso aberto, gratuito e com certificado, qualquer pessoa pode se inscrever.;Módulo 1 – Federalismo: Conceitos e OrigemMódulo 2 – Federalismo: Características e ClassificaçõesMódulo 3 – O Federalismo BrasileiroMódulo 4 – Federalismo Fiscal BrasileiroMódulo 5 – O Federalismo e as Transferências Intergovernamentais;25/09/2020;;
116;Introdução ao Orçamento Público;https://www.escolavirtual.gov.br/curso/116;Orçamento e Finanças;Enap;Secretaria do Tesouro Nacional;40;60;Curso Aberto;O curso apresenta noções de orçamento público para uma compreensão básica do processo orçamentário e seus principais instrumentos legais. Este curso compõe o Programa de Aprendizagem em Educação Fiscal.;Pessoas que tenham interesse no orçamento público. Curso aberto, gratuito e com certificado, qualquer pessoa pode se inscrever.;1 Compreensão do Orçamento Público 1.1 O Estado e o Orçamento Público1.2 Contexto histórico1.3 Orçamento Público1.4 Lei de Responsabilidade Fiscal (LRF)1.5 Ciclo Orçamentário1.6 Princípios Orçamentários1.7 Tipos de Orçamento 2 Receitas e Despesas Públicas 2.1 Conceito e classificações2.2 Estimativas de Receitas2.3 Relatório de Avaliação Bimestral2.4 Relatório Resumido de Execução Orçamentária 3 Dívida Pública e Financiamento Orçamentário 3.1 Superávit e déficit primários3.2 Medidas de Déficit Público3.3 Definição da meta de Superávit Primário3.4 Dívida Pública brasileira3.5 Financiamento Orçamentário e Impactos no orçamento 4 Política Econômica e Programação Financeira 4.1 Principais ferramentas de Política Econômica4.2 Política fiscal, monetária e cambial4.3 Programação financeira4.4 Relatórios de avaliação;12/09/2017;;
113;Lei de Diretrizes Orçamentárias para Municípios;https://www.escolavirtual.gov.br/curso/113;Orçamento e Finanças;Enap;Ministério da Fazenda;30;30;Curso Aberto;Conheça a Lei de Diretrizes Orçamentárias (LDO), uma lei orçamentária que compreende as metas e prioridades da administração pública, orienta a elaboração e execução da Lei Orçamentária Anual (LOA), entre outras funções.;Agentes públicos que atuem no aperfeiçoamento e na elaboração da Lei de Diretrizes Orçamentárias dos municípios. Curso aberto, gratuito e com certificado, qualquer pessoa pode se inscrever.;1 Apresentação do Sistema Orçamentário 1.1 PPA, LDO e LOA1.2 Ciclo Orçamentário1.3 Leis Orçamentárias 2 Lei de Diretrizes Orçamentárias (LDO) 2.1 Estrutura2.2 Metas e prioridades2.3 Orientações básicas para elaboração e execução da LOA2.4 Política de Pessoal2.5 Transferência de recursos2.6 Alterações na Legislação Tributária2.7 Agências financeiras oficiais de fomento2.8 Transparência 3 Anexo de Metas Fiscais 3.1 Metas Fiscais3.2 Demonstrativos de metas anuais 4 Anexo de Riscos Fiscais 4.1 Riscos fiscais4.2 Classificação dos Riscos Fiscais4.3 Passivos contingentes e demais Riscos Fiscais passivos;11/04/2017;;
341;Lei de Responsabilidade Fiscal (LRF) e Novo Regime Fiscal (NRF);https://www.escolavirtual.gov.br/curso/341;Orçamento e Finanças;Enap;Enap - Escola Nacional de Administração Pública;30;30;Curso Aberto;Os principais pontos da Lei de Responsabilidade Fiscal (LRF) são tratados neste curso com a finalidade de esclarecer aos participantes sobre a aplicabilidade, os fundamentos e os instrumentos que colaboram para a efetividade dessa lei. Além disso, são apresentadas questões importantes trazidas pela Emenda Constitucional nº 95/2016, conhecida como Novo Regime Fiscal (NRF). Quer saber mais sobre esse assunto? Inscreva-se.;Servidores públicos interessados em atuar nas áreas de orçamento e finanças. Curso aberto, qualquer pessoa poderá realizar o curso.;Módulo 1 - Contexto e Fundamentos da Lei de Responsabilidade Fiscal (LRF).Módulo 2 - Receita, Despesa e Transferências Voluntárias.Módulo 3 - Dívida Pública e Gestão Patrimonial.Módulo 4 - Transparência, Controle e Fiscalização da Gestão Fiscal.Módulo 5 - Emenda Constitucional nº 95/2016 - Novo Regime Fiscal.;11/09/2020;;
1084;Matemática Financeira;https://www.escolavirtual.gov.br/curso/1084;Orçamento e Finanças;Enap;Ministério da Fazenda;20;30;Curso Aberto;A proposta desse curso é capacitar pessoas para atuar na avaliação socioeconômica de projetos. A temática do curso integra o Programa Avaliação Socioeconômica de Projetos (ASP) e faz parte do desafio de garantir a gestão adequada dos investimentos públicos de grande vulto. ;Agentes públicos federais, municipais e estaduais que atuem nos Poderes Executivo, Legislativo e Judiciário e sejam responsáveis pela análise de projetos de grande porte. Curso aberto, gratuito e com certificado, qualquer pessoa pode se inscrever.;1 Taxa de juros 1.1 Juros simples1.2 Juros compostos1.3 Equivalência e proporcionalidade1.4 Taxas nominal e efetiva 2 Fluxo de caixa e valor presente 2.1 Valor presente2.2 Valor futuro2.3 Diagrama de fluxo de caixa 3 Técnicas e Cálculos para avaliação de investimentos e projetos 3.1 Análise de investimento3.2 Valor Presente Líquido (VPL)3.3 Valor Futuro Líquido (VFL)3.4 Taxa Interna de Retorno (TIR)3.5 Índice de Rentabilidade (IRT)3.6 Método Payback (PB);08/02/2011;;
249;Me Poupe! Invista com Nathalia Arcuri;https://www.escolavirtual.gov.br/curso/249;Orçamento e Finanças;Enap;Enap - Escola Nacional de Administração Pública;20;30;Curso Aberto;Ainda não sabe onde investir seu dinheiro ou está endividado? Me poupe! Faça a sua inscrição e aprenda a economizar e a investir o seu dinheiro com Nathalia Arcuri, fundadora da primeira plataforma de entretenimento financeiro do Brasil. Ela vai oferecer várias dicas sobre educação financeira de um jeito simples, com vídeos divertidos e dinâmicos.;Servidores públicos e a todos que tenham interesse em dicas sobre educação financeira. Curso aberto, gratuito e com certificado, qualquer pessoa pode se inscrever.;Motivação para poupar dinheiro Organização financeira Casa própria: mitos, verdades e investimentos Conhecendo investimentos eficazes;31/10/2019;;
948;Modelo Lógico aplicado ao PPA 2024-2027;https://www.escolavirtual.gov.br/curso/948;Orçamento e Finanças;Enap;Enap - Escola Nacional de Administração Pública;40;60;Curso Aberto;Neste curso você conhecerá o processo de elaboração de programas que utiliza como referência o modelo lógico aplicado ao PPA federal 2024-2027 e considera as dimensões estratégica, tática e operacional do planejamento. Este curso integra o conjunto de atividades preparatórias para a elaboração de um plano plurianual conforme o modelo supracitado.;Este curso é destinado a técnicos dos órgãos de planejamento e de entidades e secretarias finalísticas dos Governos Federal, Estadual e Municipal. Curso aberto, gratuito e com certificado, qualquer pessoa pode se inscrever.;Módulo 1 - A importância do modelo lógico como técnica de planejamentoMódulo 2 - O Plano Plurianual como instrumento de planejamento e orçamento e Plano Central do GovernoMódulo 3 - Pilares metodológicos, metodologia e estrutura do PPA 2024-2027 do governo federalMódulo 4 - A construção de programas no PPA tomando como referência o modelo lógico.;16/08/2023;;
649;Módulo Fundo a Fundo no Transferegov.br;https://www.escolavirtual.gov.br/curso/649;Orçamento e Finanças;Enap;Secretaria de Gestão e Inovação (SEGES/MGI);30;30;Curso Aberto;Neste curso, você conhecerá o que são os fundos especiais e os procedimentos necessários para a realização de transferências fundo a fundo por meio do Transferegov.br. Você compreenderá as principais etapas e os processos envolvidos nessa operação. Saiba mais sobre esse sistema, inscreva-se já!;Agentes públicos, empresários e autônomos. Curso aberto, gratuito e com certificado, qualquer pessoa pode se inscrever.;"Módulo 1: Transferências Fundo a Fundo e o Transferegov.br;Módulo 2: Atos Preparatórios no Módulo Fundo a Fundo;Módulo 3: Processo de Execução no BB Digital Setor Público e BB Gestão Ágil;Módulo 4: Alteração do Plano de Ação durante a Execução;Módulo 5: Registro e Análise do Relatório de Gestão no Transferegov.br.";28/09/2023;;
945;Novo Regime Fiscal e o Teto de Gastos;https://www.escolavirtual.gov.br/curso/945;Orçamento e Finanças;Enap;Enap - Escola Nacional de Administração Pública;30;30;Curso Aberto;Neste curso, você compreenderá os conceitos básicos do processo orçamentário, como quais são as classificações orçamentárias e noções da programação orçamentária e financeira do governo federal. Além disso, você conhecerá as principais regras fiscais aplicadas no Brasil e no mundo e alguns detalhes do novo arcabouço fiscal. Saiba mais, inscreva-se!;"Servidores públicos estaduais e municipais, além de profissionais e demais interessados na área. Curso aberto, gratuito e com certificado; qualquer pessoa pode se inscrever.";"Módulo 1: Noções de Finanças Públicas;Módulo 2: Regras Fiscais;";14/08/2023;;
460;O arrolamento de bens para a proteção do crédito tributário no âmbito da Receita Federal;https://www.escolavirtual.gov.br/curso/460;Orçamento e Finanças;Enap;Secretaria Especial da Receita Federal do Brasil;25;30;Curso Exclusivo;Neste curso você conhecerá os procedimentos administrativos de arrolamento de bens, a partir do estudo sobre a sua origem e evolução como instrumento acautelatório até a análise de casos concretos e da sua interpretação nos tribunais, o que lhe trará maior segurança na identificação e aplicabilidade dos procedimentos na sua rotina de trabalho, no âmbito tributário.;Curso exclusivo para servidores que atuam no âmbito tributário da Receita Federal. Para o usuário ter acesso ao curso é necessário que tenha o cadastro na EV.G com seu e-mail institucional (@rfb.gov.br ou @receita.fazenda.gov.br ou @receita.economia.gov.br).;Módulo 1: Noções introdutórias.Módulo 2: Análise regulatória – lei nº 9.532/1997 e IN RFB nº 1565/2015.Módulo 3: Estudos de caso.;02/09/2022;;
1045;Orçamento e Finanças Públicas Municipais;https://www.escolavirtual.gov.br/curso/1045;Orçamento e Finanças;Enap;Enap - Escola Nacional de Administração Pública;20;30;Curso Aberto;Quer se sentir mais capacitado e atuante no processo orçamentário municipal? Este curso foi especialmente desenvolvido para vereadores e vereadoras de todo o Brasil que desejam aprimorar seus conhecimentos e habilidades no gerenciamento ético e integrado das finanças públicas. Ao longo do curso, você terá acesso a conteúdos teóricos e práticos que ajudarão a compreender as diversas fases do processo orçamentário e a garantir as melhores práticas na gestão pública. Não perca essa chance de contribuir para a melhoria da qualidade de vida da população!;Vereadores e vereadoras brasileiros de todo o país. Curso aberto, gratuito e com certificado, qualquer pessoa pode se inscrever.;"Módulo 1: Aspectos Gerais das Finanças Públicas Municipais;Módulo 2: O Sistema Orçamentário Brasileiro;Módulo 3: O Processo Orçamentário;Módulo 4: Contribuições do Legislativo Municipal no Processo Orçamentário.";29/01/2025;;
296;Orçamento Público;https://www.escolavirtual.gov.br/curso/296;Orçamento e Finanças;Enap;Secretaria de Orçamento Federal;40;60;Curso Aberto;Com o objetivo da melhoria da gestão orçamentária, este curso busca desenvolver competências relacionadas aos principais temas orçamentários para aprimorar o trabalho na área e, também, aumentar a qualidade do gasto público e o fortalecimento do controle social. O curso é mais um fruto da parceria da Secretaria do Orçamento Federal (SOF) e da Enap. Ficou interessado? Se inscreva!;Agentes públicos que atuam na gestão orçamentária e interessados no tema. Curso aberto, gratuito e com certificado, qualquer pessoa pode se inscrever.;"Módulo 1: Orçamento Público: Conceitos e Fundamentos;Módulo 2: Instrumentos do Processo Orçamentário Brasileiro;Módulo 3: Receita Orçamentária;Módulo 4: Despesa Orçamentária;Módulo 5: Execução e Avaliação Orçamentária.";22/04/2020;;
1390;PDI NS Eixo 5 - Orçamento e Finanças Públicas;https://www.escolavirtual.gov.br/curso/1390;Orçamento e Finanças;Enap;Fundação Escola Nacional de Administração Pública;60;3650;Curso Aberto;Orçamento e Finanças Públicas;Servidores federais em estágio probatório;Orçamento e Finanças Públicas;04/06/2025;;
1068;Prevenção e Detecção de Cartéis em Licitações;https://www.escolavirtual.gov.br/curso/1068;Orçamento e Finanças;Enap;Conselho Administrativo de Defesa Econômica;20;30;Curso Aberto;Neste curso, você irá aprender a apoiar estruturas de compras de todos os órgãos públicos para prevenção, identificação e reação diante de indícios de cartéis em licitações. Não perca este curso, inscreva-se!;"Curso aberto, gratuito e com certificado; qualquer pessoa pode se inscrever.";Módulo 1 – Concorrência e Cartéis em LicitaçõesMódulo 2: Identificação e Denúncia de Cartéis em LicitaçõesMódulo 3: Prevenção a Cartéis em Licitações;29/12/2023;;
516;Primeira Infância Primeiro no PPA;https://www.escolavirtual.gov.br/curso/516;Orçamento e Finanças;Enap;Fundação Maria Cecilia Souto Vidigal;25;30;Curso Aberto;O curso, elaborado pela Fundação Maria Cecilia Souto Vidigal, visa apoiar os gestores e equipes técnicas municipais na construção de um Plano Plurianual que priorize a primeira infância e atenda à obrigatoriedade da transparência dos investimentos realizados anualmente em políticas para famílias e crianças de 0 a 6 anos, estabelecida pelo Marco Legal da Primeira Infância (Lei no 13.257/2016).;Servidores públicos municipais que tenham atuação no tema orçamento, planejamento, saúde, educação, assistência social ou que tenham interesse no tema da primeira infância. Colaboradores de organizações sociais e quaisquer pessoas que se interessem pelos temas de orçamento público e de primeira infância. Curso aberto, gratuito e com certificado, qualquer pessoa pode se inscrever.;Módulo 1: Priorização e planejamento de políticas públicas no ciclo orçamentário.Módulo 2: O marco legal e institucional do plano plurianual.Módulo 3: Ações para o desenvolvimento da primeira infância.Módulo 4: A primeira infância no contexto dos objetivos e indicadores de desenvolvimento sustentável (ODS) e do nurturing care.Módulo 5: Estruturando o programa primeira infância primeiro (PIP) no PPA.;26/05/2021;;
392;Processo Legislativo Orçamentário - Orçamento Impositivo;https://www.escolavirtual.gov.br/curso/392;Orçamento e Finanças;Enap;Enap - Escola Nacional de Administração Pública;21;30;Curso Aberto;O curso apresenta as principais etapas e particularidades do processo legislativo orçamentário, compreendendo suas características, as competências e atribuições da Comissão Mista de Orçamento do Congresso Nacional, as emendas apresentadas pelo Poder Legislativo, e os sistemas utilizados para supervisão de emendas parlamentares.;Agentes públicos que atuam na gestão orçamentária e interessados no tema. Curso aberto, gratuito e com certificado, qualquer pessoa pode se inscrever.;Módulo 1: Características do processo legislativo orçamentárioMódulo 2: O Congresso Nacional e a Comissão Mista de Orçamento - competências e atribuiçõesMódulo 3: As emendas apresentadas pelo poder legislativoMódulo 4: Sistemas para supervisão de emendas parlamentares;02/04/2021;;
1425;Reforma Tributária do Consumo;https://www.escolavirtual.gov.br/curso/1425;Orçamento e Finanças;Enap;Secretaria de Estado da Fazenda - SEFAZ - CE;20;30;Curso Aberto;Este curso oferece uma visão clara e prática da Reforma Tributária, com abordagem acerca dos novos impostos (IBS, CBS e IS), mudanças na competência tributária e seus impactos em empresas e consumidores. Com um conteúdo essencial e direto ao ponto, você será capacitado a identificar oportunidades e a gerenciar os desafios da transição. Inscreva-se!;Agentes públicos que atuam na área tributária e financeira e cidadãos interessados em compreender os impactos da Reforma Tributária na economia brasileira. Curso aberto e com certificado.;"Módulo 1: Introdução à Reforma Tributária;Módulo 2: Visão Geral da Reforma Tributária;Módulo 3: Mudança nos Tributos;Módulo 4: Gestão do IBS;Módulo 5: Transição para um Novo Modelo;Módulo 6: Projeto IBS Ceará.";09/12/2025;;
260;SIAFI Ordens Bancárias;https://www.escolavirtual.gov.br/curso/260;Orçamento e Finanças;Enap;Secretaria do Tesouro Nacional;30;30;Curso Aberto;O curso apresenta informações sobre ordens bancárias no Siafi para que o participante domine os principais conceitos e procedimentos relativos às ordens bancárias no governo federal.;Servidores públicos que trabalham na área de acompanhamento e execução orçamentária e financeira. Curso aberto, gratuito e com certificado, qualquer pessoa pode se inscrever.;"Módulo I: Aspectos Gerais;Módulo II: Ordens bancárias com trânsito pelo Banco do Brasil; eMódulo III: Ordens bancárias cm trânsito pelo Banco Central.";18/11/2019;;
1288;Término de Mandato: restrições fiscais;https://www.escolavirtual.gov.br/curso/1288;Orçamento e Finanças;Enap;Tribunal de Contas do Estado do Rio de Janeiro;12;20;Curso Aberto;O curso tem como objetivo capacitar servidores públicos, especialmente gestores, secretários municipais, contadores e responsáveis pelo controle interno, a conhecerem as regras e restrições fiscais impostas pela Lei de Responsabilidade Fiscal (LRF) ao gestor municipal no último ano de mandato.;Servidores públicos de qualquer esfera e Poder, incluindo gestores, secretários municipais, contadores e responsáveis pelo controle interno, além de cidadãos em geral. O curso é gratuito, aberto a todos e oferece certificado.;"Módulo 1: Introdução;Módulo 2: Despesas com Pessoal;Módulo 3: Endividamento;Módulo 4: Obrigações Contraídas;Módulo 5: Equilíbrio das Contas.";08/11/2024;;
643;Termo de Compromisso: Execução;https://www.escolavirtual.gov.br/curso/643;Orçamento e Finanças;Enap;Secretaria de Gestão e Inovação (SEGES/MGI);15;30;Curso Aberto;Na fase de execução do instrumento, o proponente passa a ser qualificado como recebedor, pois o instrumento já foi celebrado, e agora ele está apto a receber recursos financeiros do órgão repassador para a execução da política pública. Neste curso você vai poder acompanhar as etapas para a execução do instrumento Termo de Compromisso, que vão desde a Preparação para Execução à inclusão de instrumentos aditivos e de ajustes dentro do Módulo de Transferências Discricionárias e Legais da Plataforma +Brasil.;Repassadores e recebedores de transferências da União. Curso aberto, gratuito e com certificado, qualquer pessoa pode se inscrever.;"Módulo 1: Preparação para Execução (Perfil: Recebedor);Módulo 2: Liberação de Recursos;Módulo 3: Registros do Contrato, dos Credores e do Documento de Liquidação;Módulo 4: Pagamento de Fornecedores por meio da OBTV;Módulo 5: Acompanhamento e Fiscalização pelo Repassador;Módulo 6: Relatórios de Execução;Módulo 7: Instrumentos Aditivos e de Ajuste.";15/06/2022;;
644;Termo de Compromisso: Prestação de Contas;https://www.escolavirtual.gov.br/curso/644;Orçamento e Finanças;Enap;Secretaria de Gestão e Inovação (SEGES/MGI);6;30;Curso Aberto;Um instrumento passa por etapas como: abertura, cadastramento, plano de trabalho, celebração, execução, e por fim, a prestação de contas. Entender a etapa final do ciclo de vida de um instrumento no Transferegov.br é fundamental! Aqui você vai aprender tanto a preparação para a prestação de contas como o seu registro (seja o caso do recebedor) e a sua análise (seja o caso do repassador). Este curso vai lhe proporcionar dicas valiosas para que você possa realizar as prestações de contas com tranquilidade e segurança.;Repassadores e recebedores de transferências da União. Curso aberto, gratuito e com certificado, qualquer pessoa pode se inscrever.;"Módulo 1: Preparação para Prestação de Contas;Módulo 2: Registro da Prestação de Contas pelo Recebedor;Módulo 3: Análise da Prestação de Contas pelo Repassador.";20/06/2022;;
652;Termo de Execução Descentralizada: Visão Geral e Atos Preparatórios;https://www.escolavirtual.gov.br/curso/652;Orçamento e Finanças;Enap;Secretaria de Gestão e Inovação (SEGES/MGI);10;30;Curso Aberto;"Neste curso, você terá um panorama do Módulo de Termo de Execução Descentralizada (TED) do Transferegov.br. Também vai ficar por dentro de seus aspectos conceituais e normativos. Além disso, verá os passos a passos sobre os atos preparatórios do TED: perfis de usuários dos órgãos e entidades; registros do programa e do plano de ação; análise do plano de ação; geração do TED; entre outros.";Agentes públicos, empresários e autônomos. Curso aberto, gratuito e com certificado, qualquer pessoa pode se inscrever.;"Módulo 1: Contextualizando o Termo de Execução Descentralizada (TED);Módulo 2: Operacionalizando a Fase Inicial do TED no Transferegov.br.";07/12/2022;;
915;Termos de Fomento e de Colaboração: Atos Preparatórios;https://www.escolavirtual.gov.br/curso/915;Orçamento e Finanças;Enap;Secretaria de Gestão e Inovação (SEGES/MGI);14;30;Curso Aberto;Esta capacitação possui como foco os procedimentos operacionais realizados no Transferegov.br para a formalização de parcerias entre a administração pública e as organizações da sociedade civil. O sistema possui dois perfis de usuário que são os atores centrais do processo de transferências de recursos: o repassador e o recebedor. Vamos lá, conhecer os benefícios desse sistema?;Repassadores e recebedores de transferências da União, agentes públicos. Curso aberto, gratuito e com certificado, qualquer pessoa pode se inscrever.;"Módulo 1: Contextualização e Cadastro do Programa no Transferegov.br;Módulo 2: Cadastro da Proposta e Chamamento Público;Módulo 3: Cadastro do Plano de Trabalho;Módulo 4: Análise e Ajuste da Proposta e do Plano de Trabalho;Módulo 5: Formalização e Celebração do Instrumento.";13/04/2023;;
922;Termos de Fomento e de Colaboração: Execução;https://www.escolavirtual.gov.br/curso/922;Orçamento e Finanças;Enap;Secretaria de Gestão e Inovação (SEGES/MGI);15;30;Curso Aberto;Durante seu programa de aprendizagem deste curso, você vai acompanhar a dinâmica de operacionalização e de troca de informações e arquivos importantes no Transferegov.br, a ser realizada pelos perfis: repassador e recebedor. O conteúdo foi preparado para que você consiga operar a gestão de recursos no sistema de ponta a ponta e com excelência.;Repassadores e recebedores de transferências da União, agentes públicos, para viabilizar a operacionalização, no Transferegov.br, dos atos preparatórios necessários para a celebração de instrumentos. Curso aberto, gratuito e com certificado, qualquer pessoa pode se inscrever.;"Módulo 1: Preparação para Execução: Perfil Recebedor;Módulo 2: Liberação de Recursos e Registros do Contrato, dos Credores e do Documento de Liquidação;Módulo 3: Pagamento de Fornecedores por Meio de OBTV;Módulo 4: Monitoramento e Avaliação;Módulo 5: Relatórios de Execução;Módulo 6: Instrumentos Aditivos e de Ajuste.";04/05/2023;;
952;Termos de Fomento e de Colaboração: Prestação de Contas;https://www.escolavirtual.gov.br/curso/952;Orçamento e Finanças;Enap;Secretaria de Gestão e Inovação (SEGES/MGI);5;30;Curso Aberto;Otimize a gestão das transferências da União! Aprenda as etapas essenciais para um processo eficiente e transparente. Alinhe-se às melhores práticas do Transferegov.br e eleve sua gestão a outro nível. Descubra a importância e critérios para uma prestação de contas adequada. Não perca a chance de aprimorar suas habilidades e alcançar excelência na gestão de recursos. Inscreva-se agora e domine a prestação de contas com confiança!;Órgão ou entidade da administração pública que realiza repasse de recursos (repassadores) e as Organizações da Sociedade Civil (recebedores), por meio do termo de fomento ou de colaboração. Curso aberto, gratuito e com certificado, qualquer pessoa pode se inscrever.;"Módulo 1: Preparação para a Prestação de Contas;Módulo 2: Registro da Prestação de Contas pelo Recebedor;Módulo 3: Análise da Prestação de Contas pelo Repassador.";27/06/2023;;
244;Tesouro Direto;https://www.escolavirtual.gov.br/curso/244;Orçamento e Finanças;Enap;Secretaria do Tesouro Nacional;20;30;Curso Aberto;O curso apresenta as características e vantagens de se investir no Programa com o objetivo de aproximar o cidadão do investimento e da poupança, estimulando esse comportamento. Para isso, explica como cada tipo de título funciona e qual se adequa mais a cada objetivo, facilitando o entendimento do investidor em potencial.;Qualquer pessoa que esteja interessada em conhecer e investir. Curso aberto, gratuito e com certificado, qualquer pessoa pode se inscrever.; Módulo 1: O que é o Tesouro Direto e como o Programa funciona. Módulo 2: Noções de orçamento pessoal e as vantagens do Programa Tesouro Direto. Módulo 3: Tipos de títulos ofertados. Módulo 4: Aspectos dos títulos com juros semestrais. Módulo 5: Rentabilidade, liquidez e estratégia de compra e venda dos títulos. ;30/08/2019;;
283;Tesouro Gerencial;https://www.escolavirtual.gov.br/curso/283;Orçamento e Finanças;Enap;Secretaria do Tesouro Nacional;60;60;Curso Aberto;Compreenda e aplique as funcionalidades do Tesouro Gerencial, um importante sistema para acompanhamento da execução orçamentária e financeira do governo federal. Aprenda as operações básicas dessa ferramenta que proporciona a produção de relatórios com autonomia, flexibilidade e segurança.;Agentes públicos de qualquer esfera e Poder. Curso aberto, gratuito e com certificado, qualquer pessoa pode se inscrever.;Módulo 1: Histórico, Arquitetura e Características.Módulo 2: Estrutura da Informação.Módulo 3: Acesso e Navegação.Módulo 4: Conceitos do Tesouro Gerencial.Módulo 5: Conceitos sobre Orçamento Público.Módulo 6: Objetos de Relatório em Branco.Módulo 7: Criando e Salvando uma Consulta.Módulo 8: Barra de Menus e Ferramentas.Módulo 9: Alterando uma Consulta.Módulo 10: Criar Filtro, Prompt, Grupo Personalizado e Métrica.Módulo 11: Relatório com Filtro, Prompt, Métrica e Grupo Personalizado.Módulo 12: Consulta Construída.Módulo 13: Consultando Documentos.Módulo 14: Dicas do Tesouro Gerencial.;28/02/2020;;
640;Transferegov.br: Cadastro de Entes, Instituições e Usuários;https://www.escolavirtual.gov.br/curso/640;Orçamento e Finanças;Enap;Secretaria de Gestão e Inovação (SEGES/MGI);16;30;Curso Aberto;Está precisando entender a diferença entre cadastros de usuários, entes e instituições no Transferegov.br? Neste curso, você terá a oportunidade de conhecer as diferenças entre os vários tipos de perfis de cadastrador, além de ter na mão tutoriais práticos e simples sobre cadastramento e gerenciamento dos diversos perfis disponíveis na plataforma. Faça sua inscrição para saber mais!;Está precisando entender a diferença entre cadastros de usuários, entes e instituições no Transferegov.br? Neste curso, você terá a oportunidade de conhecer as diferenças entre os vários tipos de perfis de cadastrador, além de ter na mão tutoriais práticos e simples sobre cadastramento e gerenciamento dos diversos perfis disponíveis na plataforma. Faça sua inscrição para saber mais!;"Módulo 1: Cadastro e Gerenciamento do Ente nas Transferências Discricionárias e Legais;Módulo 2: Perfis do Módulo de Transferências Discricionárias e Legais;Módulo 3: Módulo Cadastro do Transferegov.br.";45250;;
637;Transferências da União: Visão Geral;https://www.escolavirtual.gov.br/curso/637;Orçamento e Finanças;Enap;Secretaria de Gestão e Inovação (SEGES/MGI);15;30;Curso Aberto;Participe deste curso e conheça o Transferegov.br! Por meio dele, você vai adquirir conhecimentos gerais sobre a eficiência e a transparência da gestão pública com ações voltadas para a melhoria dos processos de governança e gestão das transferências da União. Aprenda a operacionalizar o Sistema, compartilhando conhecimentos e boas práticas. A partir do diálogo, visamos o fortalecimento dos Programas de Governo e a efetividade das políticas públicas.;Atores envolvidos diretamente e indiretamente no processo de transferências da União (órgãos federais, estaduais, municipais, entidades privadas, órgãos de controle entre outros). Curso aberto, gratuito e com certificado, qualquer pessoa pode se inscrever.;"Módulo 1: Introdução às Transferências da União;Módulo 2: Modalidades de Transferências da União;Módulo 3: Instrumentos utilizados nas Transferências Discricionárias.";12/11/2021;;
638;Transferências Discricionárias da União: Atos Preparatórios;https://www.escolavirtual.gov.br/curso/638;Orçamento e Finanças;Enap;Secretaria de Gestão e Inovação (SEGES/MGI);14;30;Curso Aberto;Você já ouviu falar de transferências discricionárias? Esse é um sistema de cooperação que visa à execução de ações de interesse recíproco financiadas com recursos do orçamento federal. Como atuar nessa frente? Venha realizar esse curso e ser capaz de compreender todas as etapas que antecedem a formalização (celebração) dessa cooperação conhecida como Atos Preparatórios. Você também compreenderá o que é e como funciona o Transferegov.br.?;Atores envolvidos diretamente e indiretamente no processo de transferências da União (órgãos federais, estaduais, municipais, entidades privadas, órgãos de controle entre outros). Curso aberto, gratuito e com certificado, qualquer pessoa pode se inscrever.;" Módulo 1: Cadastro do Programa no Transferegov.br;Módulo 2: Cadastro dos dados da Proposta no Transferegov.br;Módulo 3: Cadastro do Plano de Trabalho pelo proponente: Cronograma e Plano de Aplicação Detalhado;Módulo 4: Cadastro do Termo de Referência, Noções de Projeto Básico e Envio da Proposta pelo proponente;Módulo 5: Análise e ajuste da Proposta e do Plano de Trabalho no Transferegov.brMódulo 6: Formalização e celebração do instrumento. ";25/12/2021;;
639;Transferências Discricionárias da União: Execução;https://www.escolavirtual.gov.br/curso/639;Orçamento e Finanças;Enap;Secretaria de Gestão e Inovação (SEGES/MGI);20;30;Curso Aberto;Compreenda as principais etapas de execução de um instrumento com recursos advindos das transferências discricionárias da União, seja um convênio, contrato de repasse, termo de colaboração ou de fomento. No Transferegov.br, desvende e aprenda a operacionalizar o passo a passo de cada uma das etapas de execução no Módulo de Transferências Discricionárias. Tudo isso em um único curso!;Usuários do Transferegov.br espalhados em todo território nacional. Curso aberto, gratuito e com certificado, qualquer pessoa pode se inscrever.;"&nbsp;&nbsp;&nbsp;&nbsp;&nbsp;Módulo 1 - Preparação para a Execução (Perfil: Convenente/Recebedor);&nbsp;&nbsp;&nbsp;&nbsp;&nbsp;Módulo 2: Liberação de Recursos;&nbsp;&nbsp;&nbsp;&nbsp;&nbsp;Módulo 3: Registros do Contrato, dos Credores e do Documento de Liquidação;&nbsp;&nbsp;&nbsp;&nbsp;&nbsp;Módulo 4: Pagamento de Fornecedores por meio de OPP (Perfil: concedente/recebedor)&nbsp;&nbsp;&nbsp;&nbsp;&nbsp;Módulo 5: Acompanhamento e Fiscalização;&nbsp;&nbsp;&nbsp;&nbsp;&nbsp;Módulo 6: Relatórios de Execução;&nbsp;&nbsp;&nbsp;&nbsp;&nbsp;Módulo 7: Instrumentos Aditivos e de Ajuste.";31/03/2022;;
641;Transferências Discricionárias da União: Prestação de Contas;https://www.escolavirtual.gov.br/curso/641;Orçamento e Finanças;Enap;Secretaria de Gestão e Inovação (SEGES/MGI);10;30;Curso Aberto;Aprenda a executar a etapa final do ciclo de vida de um instrumento! Venha também compreender como ocorre a prestação de contas tanto na visão do concedente/repassador quanto na visão do convenente/recebedor. Nessa formação vamos desvendar o passo a passo das etapas de inserção, análise e aprovação da prestação de contas no Módulo de Transferências Discricionárias do Transferegov.br. Tudo isso em um único curso!;Usuários do Transferegov.br espalhados em todo território nacional. Curso aberto, qualquer pessoa pode se inscrever no curso.;" Módulo 1 - Preparação para a prestação de contas; Módulo 2 – Registro da prestação e contas pelo convenente/recebedor; Módulo 3 - Análise da prestação de contas pelo concedente/repassador. ";24/12/2021;;
1554;COSIP e Cidades Resilientes: Iluminação, Segurança e Monitoramento Climático;https://www.escolavirtual.gov.br/curso/1554;Orçamento e Finanças;Enap;Frente Nacional de Prefeitas e Prefeitos;3;;;O curso apresenta os fundamentos jurídicos, tributários e operacionais da Contribuição para o Custeio do Serviço de Iluminação Pública (COSIP), abordando sua evolução normativa, as mudanças trazidas pela Reforma Tributária, possibilidades de aplicação em iluminação, monitoramento e resiliência urbana, além de orientações para gestão, transparência e regulamentação municipal.;"Servidores públicos municipais das áreas de tributação, planejamento, fazenda, obras, jurídico e controle interno; gestores e técnicos de prefeituras, bem como qualquer cidadão interessado na temática.";Módulo 1: O que é a COSIP e por que ela existe.Módulo 2: Histórico e modernização da COSIP.Módulo 3: COSIP em números.Módulo 4: Alterações recentes e Nova COSIP.Módulo 5: Regulamentação municipal.Módulo 6: Casos práticos.;;;
635;Educação Fiscal e Cidadania;https://www.escolavirtual.gov.br/curso/635;Orçamento e Finanças;Enap;Grupo Nacional de Educação Fiscal (GEF)/GT66 – Educação Fiscal/Confaz/MF;25;;;Compreenda o papel do Estado, o sistema tributário e o orçamento público para exercer uma cidadania fiscal ativa! O curso aborda a relação entre Estado, sociedade e democracia, o sistema tributário brasileiro e o orçamento público como dinheiro de todos. Destinado a servidores, educadores e cidadãos que desejam compreender como os tributos são arrecadados e aplicados, fortalecendo a consciência fiscal e o controle social sobre os gastos públicos.;População em geral e educadores. Curso aberto, gratuito e com certificado, qualquer pessoa pode se inscrever.;"Módulo 1: Entendendo o Estado, a Sociedade e a Democracia;Módulo 2: Entendendo o Sistema Tributário Brasileiro;Módulo 3: Orçamento Público: o Dinheiro de Todos.";;;
1381;Políticas Públicas e Orçamento Público na Implementação dos Direitos da Pessoa Idosa;https://www.escolavirtual.gov.br/curso/1381;Orçamento e Finanças;Enap;Tribunal de Contas do Estado do Rio de Janeiro;30;;;Compreenda as relações entre políticas públicas, orçamento e a efetivação dos direitos da pessoa idosa! O curso aborda noções gerais de políticas públicas e de orçamento público, conectando os dois campos na perspectiva da proteção e promoção dos direitos das pessoas idosas. Destinado a conselheiros, gestores e técnicos que atuam com políticas para a terceira idade e desejam fortalecer a alocação de recursos para essa agenda.;Conselheiros Estaduais e Municipais de Proteção aos Direitos da Pessoa Idosa, Comissários da Infância, Juventude e de Proteção à Pessoa Idosa, Membros e Servidores do Ministério Público Estadual, Servidores Municipais e Estaduais, Servidores públicos de qualquer esfera e Poder, bem como cidadãos interessados no tema. Curso aberto, gratuito e com certificado.;"Módulo 1: Noções Gerais de Políticas Públicas;Módulo 2: Noções Gerais de Orçamento Público.";;;
1444;Criando sistemas de transporte resilientes às mudanças climáticas: um guia para servidores públicos;https://www.escolavirtual.gov.br/curso/1444;Políticas de Sustentabilidade e Clima;Enap;Apolitical;8;;;Construa sistemas de transporte resilientes frente às mudanças climáticas! O curso aborda a importância do transporte resiliente ao clima, a compreensão dos riscos climáticos, as opções e soluções disponíveis, a implementação efetiva de medidas e o papel do transporte na construção de cidades resilientes. Destinado a gestores, engenheiros e técnicos de transporte que desejam integrar a adaptação climática ao planejamento e operação dos sistemas de mobilidade.;Servidores públicos envolvidos em políticas de transporte e adaptação climática. Curso aberto, gratuito e com certificado.;Módulo 1 - Por que transporte resiliente ao clima é importanteMódulo 2 - Compreensão dos riscosMódulo 3 - Opções e soluçõesMódulo 4 - Das boas intenções à implementação efetivaMódulo 5 - Transporte resiliente, cidades resilientesMódulo 6 - A diferença que você pode fazer;;;
3179;Artes Visuais - Turma 2026B;https://aprendamais.mec.gov.br/enrol/index.php?id=3179;Produção Cultural e Design;MEC;MEC;30;;;;;"elementos, estética e composição visual; volume, movimento e manifestações artísticas; animação, fotografia, arte abstrata e figurativa; ilustração, pintura e colagens";;;
3368;Interculturalidade - Turma 2026B;https://aprendamais.mec.gov.br/course/view.php?id=3368;Produção Cultural e Design;MEC;MEC;50;;;;;;;;
3416;Oficinas Culturais - Turma 2026B;https://aprendamais.mec.gov.br/course/view.php?id=3416;Produção Cultural e Design;MEC;MEC;40;;;;;;;;
3433;Políticas Culturais - Turma 2026B;https://aprendamais.mec.gov.br/course/view.php?id=3433;Produção Cultural e Design;MEC;MEC;20;;;;;;;;
894;Regulação de Sistemas de Saúde do SUS;https://www.escolavirtual.gov.br/curso/894;Regulação;Enap;Ministério da Saúde;30;30;Curso Aberto;Este é o curso 1 de uma série na qual você conhecerá os principais tópicos da política nacional de regulação da saúde e os aspectos importantes da gestão do Sistema Único de Saúde - SUS. Além disso, compreenderá o princípio de regionalização aplicado à saúde e o papel das redes de atenção no SUS. Quer conhecer mais sobre esse assunto? Inscreva-se;O curso destina-se aos servidores públicos, gestores e profissionais de saúde e, para interessados em conhecer o tema.;"Módulo 1: Política Nacional de Regulação do SUS;Módulo 2: Gestão do SUS: Planejamento, Programação e Financiamento da Saúde;Módulo 3: Regionalização da Saúde;Módulo 4: Redes de Atenção à Saúde;Módulo 5: Sistematização - O Município de Recaminho.";31/01/2023;;
1209;Disseminadores dos Direitos da Pessoa Idosa;https://www.escolavirtual.gov.br/curso/1209;Saúde;Enap;Ministério dos Direitos Humanos e Cidadania;30;;;Torne-se um disseminador dos direitos da pessoa idosa e contribua para um envelhecimento com dignidade! O curso aborda características sociodemográficas da população idosa brasileira, políticas públicas de direitos humanos e cidadania para a pessoa idosa, e estratégias de prevenção e enfrentamento da violência. Destinado a profissionais, conselheiros e cidadãos que atuam na promoção e defesa dos direitos das pessoas idosas.;Gestoras e gestores públicos, conselheiras e conselheiros, e demais pessoas interessadas no tema. Curso aberto, gratuito e com certificado.;Módulo 1: Características sociais, econômicas e demográficas das pessoas idosas no BrasilMódulo 2: Políticas públicas de direitos humanos e cidadania da pessoa idosaMódulo 3: Prevenção e enfrentamento da violência contra a pessoa idosa;;;
1207;Mídias Digitais e Saúde Mental de Crianças e Adolescentes;https://www.escolavirtual.gov.br/curso/1207;Saúde;Enap;Ministério dos Direitos Humanos e Cidadania;30;;;Compreenda o impacto das mídias digitais na saúde mental de crianças e adolescentes e saiba como agir! O curso aborda a relação entre mídias sociais e infância, os impactos na saúde mental, o uso saudável e crítico das redes sociais, os principais riscos e como envolver a comunidade escolar nessa discussão. Destinado a educadores, pais, gestores escolares e profissionais de saúde que atuam com crianças e adolescentes.;Educadores, profissionais de saúde, gestores, servidores públicos ligados a políticas para crianças e adolescentes e demais interessados. Curso aberto, gratuito e com certificado.;Módulo 1 - Mídias sociais, crianças e adolescentesMódulo 2 - Como as mídias sociais funcionam? Impactos na saúde mentalMódulo 3 - Uso saudável e crítico das mídias sociaisMódulo 4 - Principais riscos nas mídias sociais para crianças e adolescentesMódulo 5 - Crianças e mídias interativas: o envolvimento de todos;;;
1186;Introdução à Política de Saúde;https://www.escolavirtual.gov.br/curso/1186;Saúde;Enap;Tribunal de Contas do Estado do Rio de Janeiro;30;30;Curso Aberto;O curso Introdução à Política de Saúde, iniciativa da Escola de Contas e Gestão do TCE-RJ, visa ensinar servidores públicos, especialmente os que trabalham com saúde pública, e aos cidadãos, sobre como o sistema de saúde no Brasil é organizado e como o Sistema Único de Saúde (SUS) é gerido. O curso se baseia nas leis atuais e estruturais e inclui exemplos práticos de aplicação dessas leis.;Servidores públicos e todo cidadão interessado na temática. Curso aberto, gratuito e com certificado, qualquer pessoa pode se inscrever.;"Módulo 1: Evolução Histórica do Sistema Público de Saúde no Brasil;Módulo 2: Organização, Princípios e Diretrizes do Sistema Único de Saúde (SUS);Módulo 3: Arcabouço Legal do SUS;Módulo 4: Gestão do SUS: Planejamento e Financiamento;Módulo 5: Gestão do SUS: Regulação, Controle, Avaliação e Auditoria.";19/07/2024;;
503;Políticas Públicas de Saúde;https://www.escolavirtual.gov.br/curso/503;Saúde;Enap;Secretaria Especial de Assuntos Federativos;10;30;Curso Aberto;Falar de políticas públicas de saúde do Brasil não é tarefa fácil, uma vez que o país tem um dos maiores sistemas de saúde pública do mundo, o Sistema Único de Saúde (SUS). Embora o SUS tenha presença marcante em vários ambientes e debates, persistem muitas dúvidas em relação a seus objetivos e funcionamento para a garantia da saúde da população brasileira. Quer saber mais? Faça a sua inscrição.;Servidores públicos, especialmente aos gestores municipais. Curso aberto, gratuito e com certificado, qualquer pessoa pode se inscrever.;Módulo 1: Construindo o Sistema Único de Saúde (SUS)Módulo 2: Política Nacional de Atenção Básica à Saúde (PNAB)Módulo 3: Informações do SUS: necessárias e obrigatóriasMódulo 4: Financiamento federal das ações e serviços de saúde;11/01/2022;;
1550;Política sobre Drogas Centrada nas Pessoas;https://www.escolavirtual.gov.br/curso/1550;Saúde;Enap;Ministério da Justiça e Segurança Pública;40;;;O curso prepara gestores e profissionais para atuar de forma articulada, desenvolvendo competências voltadas à qualificação dos encaminhamentos, à promoção de direitos e à mitigação de agravos sociais e à saúde. Combina fundamentos jurídicos, noções sobre uso de drogas, explicações do funcionamento dos CAIS e conceitos e práticas de Redução de Danos e estratégias de intersetorialidade.;Profissionais que atuam nos sistemas de saúde (SUS), de assistência social (SUAS) e de justiça, membros das equipes multiprofissionais dos Centros de Acesso a Direitos e Inclusão Social (CAIS) e sociedade em geral. Curso aberto, gratuito, com certificação, qualquer pessoa pode se inscrever.;Módulo 1 - Política sobre Drogas segundo a Decisão do Recurso Extraordinário 635.659Módulo 2 - O que são Drogas, Tipos de Usos e Direitos das PessoasMódulo 3 - Centro de Acesso a Direitos e Inclusão SocialMódulo 4 - Intersetorialidade no Atendimento a Populações em Situação de Vulnerabilidade;;;
1407;Atualização em Gestão Financeira e Orçamentária do SUAS;https://www.escolavirtual.gov.br/curso/1407;Saúde;Enap;Secretaria de Desenvolvimento Social do Distrito Federal;40;60;Curso Aberto;Este curso tem como objetivo atualizar e ampliar os conhecimentos dos participantes, incentivando-os a avaliar, repensar e propor melhorias na gestão financeira e orçamentária do Sistema Único de Assistência Social (SUAS), com foco no uso eficiente dos recursos públicos e nas ferramentas disponíveis para a execução dos Serviços Socioassistenciais.;Gestores, trabalhadores do SUAS e demais interessados. Curso aberto, gratuito e com certificado.;Módulo 1 - Orçamento públicoMódulo 2 - O financiamento do SUASMódulo 3 - Os fundos de assistência social e a execução dos recursosMódulo 4 - A prestação de contas dos recursos e o papel dos conselhos;13/08/2025;;
1202;Gestão dos Fundos dos Direitos das Crianças e dos Adolescentes;https://www.escolavirtual.gov.br/curso/1202;Saúde;Enap;Ministério dos Direitos Humanos e Cidadania;30;30;Curso Aberto;Neste curso, você irá aprender como funcionam os fundos dos direitos sob gestão do conselho dos direitos, como são elaborados e executados planos de aplicação eficazes e como mobilizar e gerir recursos para fortalecer a rede de proteção às crianças e aos adolescentes. Quer saber mais? Inscreva-se.;Gestoras e gestores públicos, conselheiras e conselheiros, e a todas as pessoas interessadas no tema. Curso aberto, gratuito e com certificado.;Módulo 1 - Políticas para Infâncias e Adolescências e o Orçamento PúblicoMódulo 2 - Orçamento PúblicoMódulo 3 - O Fundo dos Direitos da Criança e do Adolescente (FDCA)Módulo 4 - Ferramentas de Gestão e Controle do Fundo dos Direitos da Criança e do Adolescente (FDCA);21/10/2025;;
3465;Psicologia Aplicada à Reabilitação - Turma 2026B;https://aprendamais.mec.gov.br/course/view.php?id=3465;Saúde;MEC;MEC;40;;;;Agentes públicos e demais interessados no tema. Curso aberto, gratuito e com certificado, qualquer pessoa pode se inscrever.;;;;
3488;Saúde Coletiva - Turma 2026B;https://aprendamais.mec.gov.br/course/view.php?id=3488;Saúde;MEC;MEC;30;;;;Agentes públicos e demais interessados no tema. Curso aberto, gratuito e com certificado, qualquer pessoa pode se inscrever.;;;;
3489;Saúde da Criança e do Adolescente - Turma 2026B;https://aprendamais.mec.gov.br/course/view.php?id=3489;Saúde;MEC;MEC;30;;;;Agentes públicos e demais interessados no tema. Curso aberto, gratuito e com certificado, qualquer pessoa pode se inscrever.;;;;
3490;Saúde da Mulher e do Recém-nascido - Turma 2026B;https://aprendamais.mec.gov.br/course/view.php?id=3490;Saúde;MEC;MEC;30;;;;Agentes públicos e demais interessados no tema. Curso aberto, gratuito e com certificado, qualquer pessoa pode se inscrever.;;;;
3491;Saúde do Homem e do Idoso - Turma 2026B;https://aprendamais.mec.gov.br/course/view.php?id=3491;Saúde;MEC;MEC;20;;;;Agentes públicos e demais interessados no tema. Curso aberto, gratuito e com certificado, qualquer pessoa pode se inscrever.;;;;
3492;Saúde e Segurança Ambiental - Turma 2026B;https://aprendamais.mec.gov.br/course/view.php?id=3492;Saúde;MEC;MEC;20;;;;Agentes públicos e demais interessados no tema. Curso aberto, gratuito e com certificado, qualquer pessoa pode se inscrever.;;;;
3493;Saúde e Segurança no Trabalho - Turma 2026B;https://aprendamais.mec.gov.br/course/view.php?id=3493;Saúde;MEC;MEC;30;;;;Agentes públicos e demais interessados no tema. Curso aberto, gratuito e com certificado, qualquer pessoa pode se inscrever.;;;;
3494;Saúde Ocupacional - Turma 2026B;https://aprendamais.mec.gov.br/course/view.php?id=3494;Saúde;MEC;MEC;30;;;;Agentes públicos e demais interessados no tema. Curso aberto, gratuito e com certificado, qualquer pessoa pode se inscrever.;;;;
3544;Sustentabilidade Ambiental, Social e Econômica - Turma 2026B;https://aprendamais.mec.gov.br/course/view.php?id=3544;Saúde;MEC;MEC;20;;;;Agentes públicos e demais interessados no tema. Curso aberto, gratuito e com certificado, qualquer pessoa pode se inscrever.;;;;
3514;Técnicas e Dinâmicas de Trabalho em Grupo - Turma 2026B;https://aprendamais.mec.gov.br/course/view.php?id=3514;Saúde;MEC;MEC;20;;;;Agentes públicos e demais interessados no tema. Curso aberto, gratuito e com certificado, qualquer pessoa pode se inscrever.;;;;
3160;Ação Educativa na Prevenção e Controle das Doenças e Agravos - Turma 2026B;https://aprendamais.mec.gov.br/course/view.php?id=3160;Saúde;MEC;MEC;20;;;;Agentes públicos e demais interessados no tema. Curso aberto, gratuito e com certificado, qualquer pessoa pode se inscrever.;;;;
3175;Altas Habilidades / Superdotação: conceitos - Turma 2026B;https://aprendamais.mec.gov.br/course/view.php?id=3175;Saúde;MEC;MEC;20;;;;Agentes públicos e demais interessados no tema. Curso aberto, gratuito e com certificado, qualquer pessoa pode se inscrever.;;;;
3188;Biologia - Turma 2026B;https://aprendamais.mec.gov.br/course/view.php?id=3188;Saúde;MEC;MEC;40;;;;Agentes públicos e demais interessados no tema. Curso aberto, gratuito e com certificado, qualquer pessoa pode se inscrever.;;;;
3249;Doenças Emergentes e Reemergentes na Saúde Coletiva - Turma 2026B;https://aprendamais.mec.gov.br/course/view.php?id=3249;Saúde;MEC;MEC;30;;;;Agentes públicos e demais interessados no tema. Curso aberto, gratuito e com certificado, qualquer pessoa pode se inscrever.;;;;
3268;Epidemiologia - Turma 2026B;https://aprendamais.mec.gov.br/course/view.php?id=3268;Saúde;MEC;MEC;40;;;;Agentes públicos e demais interessados no tema. Curso aberto, gratuito e com certificado, qualquer pessoa pode se inscrever.;;;;
3316;Gerenciamento de Resíduos - Turma 2026B;https://aprendamais.mec.gov.br/course/view.php?id=3316;Saúde;MEC;MEC;60;;;;Agentes públicos e demais interessados no tema. Curso aberto, gratuito e com certificado, qualquer pessoa pode se inscrever.;;;;
3323;Gestão de Pessoas em Saúde - Turma 2026B;https://aprendamais.mec.gov.br/course/view.php?id=3323;Saúde;MEC;MEC;30;;;;Agentes públicos e demais interessados no tema. Curso aberto, gratuito e com certificado, qualquer pessoa pode se inscrever.;;;;
3343;Higiene no Trabalho: agentes biológicos e físicos - Turma 2026B;https://aprendamais.mec.gov.br/course/view.php?id=3343;Saúde;MEC;MEC;20;;;;Agentes públicos e demais interessados no tema. Curso aberto, gratuito e com certificado, qualquer pessoa pode se inscrever.;;;;
3344;Higiene no Trabalho: iluminação, som e agentes químicos - Turma 2026B;https://aprendamais.mec.gov.br/course/view.php?id=3344;Saúde;MEC;MEC;20;;;;Agentes públicos e demais interessados no tema. Curso aberto, gratuito e com certificado, qualquer pessoa pode se inscrever.;;;;
3349;Indicadores na Saúde - Turma 2026B;https://aprendamais.mec.gov.br/course/view.php?id=3349;Saúde;MEC;MEC;20;;;;Agentes públicos e demais interessados no tema. Curso aberto, gratuito e com certificado, qualquer pessoa pode se inscrever.;;;;
3403;Microbiologia - Turma 2026B;https://aprendamais.mec.gov.br/course/view.php?id=3403;Saúde;MEC;MEC;20;;;;Agentes públicos e demais interessados no tema. Curso aberto, gratuito e com certificado, qualquer pessoa pode se inscrever.;;;;
3412;O Agente Comunitário de Saúde no Planejamento, Programação e Avaliação em Saúde - Turma 2026B;https://aprendamais.mec.gov.br/course/view.php?id=3412;Saúde;MEC;MEC;20;;;;Agentes públicos e demais interessados no tema. Curso aberto, gratuito e com certificado, qualquer pessoa pode se inscrever.;;;;
3413;O Agente Comunitário de Saúde: a promoção e a educação em saúde - Turma 2026B;https://aprendamais.mec.gov.br/course/view.php?id=3413;Saúde;MEC;MEC;20;;;;Agentes públicos e demais interessados no tema. Curso aberto, gratuito e com certificado, qualquer pessoa pode se inscrever.;;;;
3430;Planejamento em Saúde Coletiva - Turma 2026B;https://aprendamais.mec.gov.br/course/view.php?id=3430;Saúde;MEC;MEC;20;;;;Agentes públicos e demais interessados no tema. Curso aberto, gratuito e com certificado, qualquer pessoa pode se inscrever.;;;;
3450;Práticas em Saúde e Segurança do Trabalho - Turma 2026B;https://aprendamais.mec.gov.br/course/view.php?id=3450;Saúde;MEC;MEC;20;;;;Agentes públicos e demais interessados no tema. Curso aberto, gratuito e com certificado, qualquer pessoa pode se inscrever.;;;;
3452;Primeiros Socorros para Profissionais de Saúde - Turma 2026B;https://aprendamais.mec.gov.br/course/view.php?id=3452;Saúde;MEC;MEC;40;;;;Agentes públicos e demais interessados no tema. Curso aberto, gratuito e com certificado, qualquer pessoa pode se inscrever.;;;;
3453;Primeiros Socorros: conceitos iniciais - Turma 2026B;https://aprendamais.mec.gov.br/course/view.php?id=3453;Saúde;MEC;MEC;30;;;;Agentes públicos e demais interessados no tema. Curso aberto, gratuito e com certificado, qualquer pessoa pode se inscrever.;;;;
3463;Promoção da Saúde Mental - Turma 2026B;https://aprendamais.mec.gov.br/course/view.php?id=3463;Saúde;MEC;MEC;30;;;;Agentes públicos e demais interessados no tema. Curso aberto, gratuito e com certificado, qualquer pessoa pode se inscrever.;;;;
3464;Proteção e Cuidados para Crianças - Turma 2026B;https://aprendamais.mec.gov.br/course/view.php?id=3464;Saúde;MEC;MEC;20;;;;Agentes públicos e demais interessados no tema. Curso aberto, gratuito e com certificado, qualquer pessoa pode se inscrever.;;;;
3546;Toxicologia - Turma 2026B;https://aprendamais.mec.gov.br/course/view.php?id=3546;Saúde;MEC;MEC;20;;;;Agentes públicos e demais interessados no tema. Curso aberto, gratuito e com certificado, qualquer pessoa pode se inscrever.;;;;
3520;Vigilância em Saúde - Turma 2026B;https://aprendamais.mec.gov.br/course/view.php?id=3520;Saúde;MEC;MEC;30;;;;Agentes públicos e demais interessados no tema. Curso aberto, gratuito e com certificado, qualquer pessoa pode se inscrever.;;;;
47001;A dinâmica da violência no contexto familiar;https://www.unasus.gov.br/cursos/curso/47001;Saúde;Unasus;UFSC;30;0;Curso Aberto;Este curso tem o objetivo de compreender a família como um sistema interacional de desenvolvimento humano, visibilizando os efeitos da violência no contexto familiar, assim como, apresentar ações de intervenção profissional e instrumentos que permitam a melhor aproximação à temática.;Gestores e profissionais da saúde do SUS;Este curso tem o objetivo de compreender a família como um sistema interacional de desenvolvimento humano, visibilizando os efeitos da violência no contexto familiar, assim como, apresentar ações de intervenção profissional e instrumentos que permitam a melhor aproximação à temática. Os temas abordados nesse curso são: o conceito família como um sistema relacional dinâmico com funções específicas de proteção psicossocial e em constante desenvolvimento. A violência no contexto familiar e suas repercussões nos diferentes estágios do ciclo vital da família e os instrumentos que visam auxiliar os profissionais na melhor aproximação da temática, bem como conhecimentos importantes e necessários advindos da terapia familiar, da teoria da comunicação e da saúde pública referentes à intervenção com famílias em situação de violência.;;;
553;A Dor Nos Tempos Da Sífilis;https://avasus.ufrn.br/local/avasplugin/cursos/curso.php?id=553;Saúde;Avasus;UFRN / SEDIS / LAIS / EBSERH / HUOL / UC / MS;10;;;História da sífilis e seu impacto na saúde pública. Etiologia, classificação clínica e sintomatologia da sífilis. Diagnóstico e tratamento da sífilis. Atendimento humanizado. Princípios do conhecimento pertinente. Etapas de construção do Projeto Terapêutico Singular (PTS).;;;2022;;
594;A importância das notificações da sífilis para orientar as políticas públicas;https://avasus.ufrn.br/local/avasplugin/cursos/curso.php?id=594;Saúde;Avasus;SEDIS / LAIS / UFRN / MS;10;;;Reconhecer o impacto das notificações da sífilis para orientar as políticas públicas de combate e erradicação da doença.;;;2023;;
577;A importância das técnicas de conservação de energia corporal na pessoa com Esclerose Lateral;https://avasus.ufrn.br/local/avasplugin/cursos/curso.php?id=577;Saúde;Avasus;UFRN / SEDIS / LAIS / MS;15;;;Apresentar aos cuidadores técnicas de conservação de energia corporal para pacientes com Esclerose Lateral Amiotrófica.;;;2023;;
577;A importância das técnicas de conservação de energia corporal na pessoa com Esclerose Lateral Amiotrófica: uma contribuição da Terapia Ocupacional;https://avasus.ufrn.br/local/avasplugin/cursos/curso.php?id=577;Saúde;Avasus;UFRN / SEDIS / LAIS / MS;15;;;O módulo trata do uso da Terapia Ocupacional, dispositivos assistivos e técnicas de conservação de energia para melhorar a qualidade de vida de pessoas com ELA e seus cuidadores.;;;2023;;
162;A importância do Brincar e da Participação Familiar para o Desenvolvimento Infantil - com Audiodescrição;https://avasus.ufrn.br/local/avasplugin/cursos/curso.php?id=162;Saúde;Avasus;UFRN / SEDIS / LAIS / MS;15;;;o módulo foi desenvolvido com foco em famílias com crianças que tenham microcefalia ou outras condições de saúde que interfiram no seu desenvolvimento neuropsicomotor.;;;2017;AUDIODESCRIÇÃO;
162;A importância do Brincar e da Participação Familiar para o Desenvolvimento Infantil – com Audiodescrição;https://avasus.ufrn.br/local/avasplugin/cursos/curso.php?id=162;Saúde;Avasus;UFRN / SEDIS / LAIS / MS;15;;;"Discutir a importância do brincar e da participação da família para o processo de estimulação precoce das crianças com Microcefalia e/ou outras condições, agravos de saúde que interfiram no desenvolvimento neuropsicomotor. 
";Discutir a importância do brincar e da participação da família para o processo de estimulação precoce das crianças com Microcefalia e/ou outras condições, agravos de saúde que interfiram no desenvolvimento neuropsicomotor. ;Discutir a importância do brincar e da participação da família para o processo de estimulação precoce das crianças com Microcefalia e/ou outras condições, agravos de saúde que interfiram no desenvolvimento neuropsicomotor. ;;AUDIODESCRIÇÃO;
172;A importância do Brincar e da Participação Familiar para o Desenvolvimento Infantil – com Legendagem;https://avasus.ufrn.br/local/avasplugin/cursos/curso.php?id=172;Saúde;Avasus;UFRN / SEDIS / LAIS / MS;15;;;Discutir a importância do brincar e da participação da família para o processo de estimulação precoce das crianças com Microcefalia e/ou outras condições, agravos de saúde que interfiram no desenvolvimento neuropsicomotor. ;aberto ao público;Discutir a importância do brincar e da participação da família para o processo de estimulação precoce das crianças com Microcefalia e/ou outras condições, agravos de saúde que interfiram no desenvolvimento neuropsicomotor. ;;LEGENDAGEM;
599;A Situação da Sífilis no Brasil;https://avasus.ufrn.br/local/avasplugin/cursos/curso.php?id=599;Saúde;Avasus;SEDIS / LAIS / UFRN / MS;2;;;Este é um módulo que traz na sua centralidade o debate sobre a situação da sífilis no Brasil. Aborda o perfil epidemiológico da sífilis no Brasil, bem como os desafios de controle dessa doença.;;;2023;;
45389;Abordagem Domiciliar em Cuidados Paliativos Interdisciplinar;https://www.unasus.gov.br/cursos/curso/45389;Saúde;Unasus;UFPEL;45;0;Curso Aberto;O objetivo do curso é proporcionar aos profissionais de saúde aprimoramento na oferta de cuidados paliativos no domicilio ;Profissionais de saúde com ênfase em profissionais da medicina e enfermagem que atuam em atenção domiciliar e atenção primária à saúde;O objetivo do curso é proporcionar aos profissionais de saúde aprimoramento na oferta de cuidados paliativos no domicilio. Este curso de autoaprendizagem oportuniza a formação dos profissionais através de casos clínicos interativos que enfocam o desenvolvimento do raciocínio clínico e o aprofundamento dos conhecimentos em diferentes grupos populacionais. Os temas dos casos clínicos incluem controle dos sintomas mais prevalentes tais como fadiga, anorexia, dor e procedimentos como hipodermóclise, punção de cateter venoso totalmente implantado e sedação paliativa domiciliar. Ferramentas interativas como escores, calculadoras e escalas estão disponíveis para subsidiar a avaliação da situação de saúde. O curso também provê materiais com orientações sobre a temática para cuidadores e usuários que podem ser utilizados pelos profissionais em sua prática. O pré-teste, o pós-teste e o desempenho no desenvolvimento dos casos clínicos são utilizados para a avaliação.;;;
45386;Abordagem Domiciliar em Situações Clínicas Comuns em Idosos - Enfermagem;https://www.unasus.gov.br/cursos/curso/45386;Saúde;Unasus;UFPEL;45;0;Curso Aberto;O objetivo do curso é proporcionar aos profissionais de saúde aprimoramento sobre a atenção domiciliar de situações clínicas comuns em idosos (enfermagem);Profissionais de saúde com ênfase em profissionais da medicina e enfermagem que atuam em atenção domiciliar e atenção primária à saúde.;O objetivo do curso é proporcionar aos profissionais de saúde aprimoramento sobre a atenção domiciliar de situações clínicas comuns em idosos. Este curso de autoaprendizagem oportuniza a formação dos profissionais através de casos clínicos interativos que enfocam o desenvolvimento do raciocínio clínico e o aprofundamento dos conhecimentos. Os temas dos casos clínicos incluem a abordagem domiciliar de doenças cardiovasculares, diabetes, câncer, incapacidade funcional, quedas, doença pulmonar obstrutiva crônica, problemas musculoesqueléticos e de saúde mental. Ferramentas interativas como escores, calculadoras e escalas estão disponíveis para subsidiar a avaliação da situação de saúde dos idosos. O curso também provê materiais com orientações sobre a temática para cuidadores e usuários que podem ser utilizados pelos profissionais em sua prática. O pré-teste, o pós-teste e o desempenho no desenvolvimento dos casos clínicos são utilizados para a avaliação.;;;
45385;Abordagem Domiciliar em Situações Clínicas Comuns em Idosos - Medicina;https://www.unasus.gov.br/cursos/curso/45385;Saúde;Unasus;UFPEL;45;0;Curso Aberto;O objetivo do curso é proporcionar aos profissionais de saúde aprimoramento sobre a atenção domiciliar de situações clínicas comuns em idosos (medicina);Profissionais de saúde com ênfase em profissionais da medicina e enfermagem que atuam em atenção domiciliar e atenção primária à saúde.;;;;
45383;Abordagem dos Problemas Respiratórios no Adulto Comuns na Atenção Básica - Enfermagem;https://www.unasus.gov.br/cursos/curso/45383;Saúde;Unasus;UFPEL;30;0;Curso Aberto;O objetivo do curso é qualificar a abordagem dos principais problemas respiratórios no adulto, melhorando a resolubilidade da atenção básica.;Profissionais de saúde com ênfase em profissionais da medicina e enfermagem que atuam em atenção domiciliar e atenção primária à saúde.;O objetivo do curso é qualificar a abordagem dos principais problemas respiratórios no adulto, melhorando a resolubilidade da atenção básica. Os temas incluem epidemiologia dos problemas respiratórias nos adultos frequentes na Atenção Básica (broncopneumonia, rinite alérgica, rinossinusites, asma, doença pulmonar obstrutiva crônica e tabagismo). Sinais e sintomas respiratórios. Anamnese, exame respiratório. Diagnóstico diferencial. Classificação dos sinais e sintomas. Avaliação da gravidade e encaminhamentos. Terapêutica não medicamentosa e medicamentosa. Uso racional de medicamentos. Orientação de controle ambiental na rinossinusite e na doença obstrutiva crônica. Tabagismo passivo e ativo. Dependência ao tabaco. Imunizações. Cuidados de enfermagem nas doenças respiratórias.;;;
45384;Abordagem dos Problemas Respiratórios no Adulto Comuns na Atenção Básica - Medicina;https://www.unasus.gov.br/cursos/curso/45384;Saúde;Unasus;UFPEL;45;0;Curso Aberto;O objetivo do curso é qualificar a abordagem dos principais problemas respiratórios no adulto, melhorando a resolubilidade da atenção básica.;Profissionais de saúde com ênfase em profissionais da medicina e enfermagem que atuam em atenção domiciliar e atenção primária à saúde.;O objetivo do curso é qualificar a abordagem dos principais problemas respiratórios no adulto, melhorando a resolubilidade da atenção básica. Para atingir o objetivo acima, quais os temas serão abordados pelo curso? Os temas incluem epidemiologia dos problemas respiratórias nos adultos frequentes na Atenção Básica (broncopneumonia, rinite alérgica, rinossinusites, asma, doença pulmonar obstrutiva crônica e tabagismo). Abordagem sindrômica dos sintomas respiratórios. Propedêutica, exame clínico e indicação de exames complementares. Diagnóstico e diagnóstico diferencial. Avaliação da gravidade. Abordagem individual e familiar. Abordagem multiprofissional. Terapêutica não medicamentosa e medicamentosa. Uso racional de medicamentos. Orientação de controle ambiental na rinossinusite e na doença obstrutiva crônica. Tabagismo passivo e ativo. Dependência ao tabaco. Definir unidades e temas por núcleo profissional.;;;
45664;Abordagem familiar e manejo das fragilidades e da rede de apoio;https://www.unasus.gov.br/cursos/curso/45664;Saúde;Unasus;Fiocruz ;12;0;Curso Aberto;Este recurso aborda a saúde das pessoas idosas em situação de fragilidade. Seu foco é na participação da família e na mobilização da rede de apoio - formal e informal - para a melhoria da qualidade de vida.;Prioritário: Profissionais de saúde de nível médio e técnico, que atuem com saúde da pessoa idosa. Secundário: Profissionais de saúde em todos os níveis, que atuem com saúde da pessoa idosa.;Este recurso aborda a saúde das pessoas idosas em situação de fragilidade. Seu foco é na participação da família e na mobilização da rede de apoio - formal e informal - para a melhoria da qualidade de vida. Abordaremos, assim, a complexidade da atuação das equipes de Atenção Básica, seu trabalho em rede e sua atuação em contexto domiciliar e comunitário.;;;
598;Abordagem IST centrada na pessoa com vida sexual ativa;https://avasus.ufrn.br/local/avasplugin/cursos/curso.php?id=598;Saúde;Avasus;UFRN / SEDIS / LAIS / MS;4;;;Promover uma discussão entre profissionais com expertise na área da saúde sobre a importância da abordagem centrada na pessoa com vida sexual ativa para promoção da saúde sexual e prevenção das IST, bem como apresentar o manejo terapêutico recomendado pelo PCDT.;;;2023;;
565;Acesso e acolhimento das populações-chave do HIV AIDS nos serviços de saúde;https://avasus.ufrn.br/local/avasplugin/cursos/curso.php?id=565;Saúde;Avasus;UFRN / SEDIS / LAIS / UNESCO / MS;20;;;O curso tem por objetivo principal qualificar ações dos trabalhadores da saúde para o acolhimento livre de discriminação com vistas a ampliar o acesso ao cuidado das pessoas vivendo com HIV/Aids e as estratégias de prevenção combinada. Ele é feito a partir de casos clínicos complexos, aproximando a pauta do dia-a-dia desses profissionais.;;4o mini;2022;;
684;Acesso e acolhimento das populações-chave do HIV AIDS nos serviços de saúde - ATUALIZADO;https://avasus.ufrn.br/local/avasplugin/cursos/curso.php?id=684;Saúde;Avasus;UNESCO / LAIS / SEDIS / UFRN / Fiocruz / UNA-SUS / MS;30;;;Apresentar habilidades de comunicação e acolhimento para atendimento a populações-chave com HIV/AIDS.;;;2024;;
601;Acompanhamento de bebês com sífilis congênita;https://avasus.ufrn.br/local/avasplugin/cursos/curso.php?id=601;Saúde;Avasus;SEDIS / LAIS / UFRN / MS;4;;; Apresentar o acompanhamento e a condução dos casos de crianças expostas e com sífilis congênita no Brasil.;;;2023;;
492;Alimentação e Nutrição na ELA;https://avasus.ufrn.br/local/avasplugin/cursos/curso.php?id=492;Saúde;Avasus;UFRN / SEDIS / LAIS / MS;20;;;Este módulo trará informações básicas e esclarecedoras sobre a alimentação, como também nutrição na ELA. O estudo será dividido em três unidades, numa linguagem bastante acessível e prazerosa. Na primeira unidade, iremos conversar sobre o estado nutricional. Na segunda unidade, iremos estudar sobre a composição nutricional dos alimentos. Na terceira unidade, abordaremos a importância da alimentação saudável e como fazer boas escolhas alimentares.;;;2021;;
496;Alimentação por sonda na ELA;https://avasus.ufrn.br/local/avasplugin/cursos/curso.php?id=496;Saúde;Avasus;UFRN / SEDIS / LAIS / MS;15;;;Aprender os conceitos básicos de nutrição enteral e os tipos de dietas enterais, especialmente quanto ao preparo e administração da dieta em pacientes com ELA.;;;2021;;
46403;Amamenta e alimenta Brasil: recomendações baseadas no Guia Alimentar para Crianças Brasileiras Menores de 2 anos;https://www.unasus.gov.br/cursos/curso/46403;Saúde;Unasus;UFSC;30;0;Curso Aberto;Este curso foi elaborado especialmente para você, profissional da saúde, pensando nas dificuldades encontradas no seu cotidiano de trabalho na APS no que diz respeito ao aleitamento materno e às recomendações sobre a introdução da alimentação complementar.;Profissionais de saúde da Atenção Primária à Saúde;Este curso foi elaborado especialmente para você, profissional da saúde, pensando nas dificuldades encontradas no seu cotidiano de trabalho na APS no que diz respeito ao aleitamento materno e às recomendações sobre a introdução da alimentação complementar. Também é um pré-requisito para realizar a formação presencial para se tornar tutor da Estratégia Amamenta e Alimenta Brasil. Você aprenderá sobre a promoção do aleitamento materno e da alimentação complementar saudável para crianças menores de 2 anos no âmbito da atenção primária do Sistema Único de Saúde (SUS), considerando a perspectiva da educação permanente em saúde, com base nos princípios da educação crítico-reflexiva.;;;
46813;Aperfeiçoamento em Saúde Mental e Atenção Psicossocial de Adolescentes e Jovens (180h);https://www.unasus.gov.br/cursos/curso/46813;Saúde;Unasus;Fiocruz - MS;180;0;Curso Aberto;O curso é destinado a profissionais e trabalhadores que prestam atendimento a adolescentes e jovens em diversas áreas, especialmente da educação, saúde, assistência social, segurança pública, entre outros interessados na temática.;O curso é destinado a profissionais e trabalhadores que prestam atendimento a adolescentes e jovens em diversas áreas, especialmente da educação, saúde, assistência social, segurança pública, entre outros interessados na temática.;"A Fiocruz Mato Grosso do Sul, em parceria com o Unicef, produziu o Curso de Aperfeiçoamento em Saúde Mental e Atenção Psicossocial de Adolescentes e Jovens, que oportunizará atualização e aperfeiçoamento de saberes inerentes à saúde mental e atenção psicossocial de adolescentes e jovens, o que poderá contribuir para a criação e o fortalecimento de Espaços de Cuidado voltados para o acolhimento desse público, no atendimento de suas demandas psicossociais, sobretudo em situações de crise. O curso está embasado em três pilares fundamentais: a transdisciplinaridade, com enfoque pluralista e de intercomunicação do conhecimento; a intersetorialidade, como importante instrumento de articulação entre sujeitos e setores diversos, saberes e experiências; e o fortalecimento do sistema de garantia de direitos, para possibilitar aos participantes atuação efetiva como agentes de transformação nos mais diversos serviços e, em especial, com equipes multidisciplinares.";;;
47009;Aspectos operacionais III: implementação e acompanhamento do estudo;https://www.unasus.gov.br/cursos/curso/47009;Saúde;Unasus;Fiocruz - Brasília;10;0;Curso Aberto;Este curso apresenta os procedimentos necessários para a implementação e acompanhamento de um estudo clínico, pautados em padrões de ética e qualidade.;Profissionais que trabalham com pesquisa e profissionais que desejam iniciar estudos e pesquisas no campo da pesquisa clínica;Este curso apresenta os procedimentos necessários para a implementação e acompanhamento de um estudo clínico, pautados em padrões de ética e qualidade. São abordadas as estratégias para a capacitação e treinamento da equipe e as ferramentas básicas para o recrutamento e retenção de voluntários tendo em vista as boas práticas em pesquisa clínica. Ainda no contexto de acompanhamento do estudo, são tratados aspectos dos procedimentos envolvidos em monitorias, auditorias e inspeções. Esse curso foi desenvolvido por meio de um projeto da Associação Hospitalar Moinhos de Vento (HMV), com financiamento do Programa de Apoio ao Desenvolvimento Institucional do Sistema Único de Saúde (PROADI-SUS). Essa ação é uma iniciativa estratégica do Departamento de Ciência e Tecnologia, da Secretaria de Ciência, Tecnologia e Inovação e do Complexo Econômico-Industrial da Saúde (DECIT/SECTICS/MS), em parceria com o Departamento de Gestão da Educação na Saúde, da Secretaria de Gestão do Trabalho e da Educação na Saúde (DEGES/SGTES/MS).;;;
47010;Aspectos Operacionais IV: Gerenciamento e conclusão do estudo;https://www.unasus.gov.br/cursos/curso/47010;Saúde;Unasus;Fiocruz - Brasília;10;0;Curso Aberto;Este curso trata de aspectos práticos relacionados a itens gerenciais, regulatórios e jurídicos do desenvolvimento da pesquisa clínica.;Profissionais que trabalham com pesquisa e profissionais que desejam iniciar estudos e pesquisas no campo da pesquisa clínica;Este curso trata de aspectos práticos relacionados a itens gerenciais, regulatórios e jurídicos do desenvolvimento da pesquisa clínica. No âmbito da gestão, são abordadas as Boas Práticas para a formação da equipe de pesquisa, os processos para estruturação de comitês do estudo e aspectos essenciais de orçamento. ;;;
628;Aspectos psicológicos na Esclerose Lateral Amiotrófica;https://avasus.ufrn.br/local/avasplugin/cursos/curso.php?id=628;Saúde;Avasus;UFRN / SEDIS / LAIS / MS;15;;;Esclarecer que as perdas progressivas na esclerose lateral amiotrófica causam importantes prejuízos emocionais, sociais, cognitivos e comportamentais, a fim de orientar aos familiares e cuidadores.;;;2024;;
47002;Atenção a homens e mulheres em situação de violência por parceiro íntimo (2024);https://www.unasus.gov.br/cursos/curso/47002;Saúde;Unasus;UFSC;30;0;Curso Aberto;Este curso tem por objetivo instrumentalizar os profissionais de saúde para atuar na atenção a homens e mulheres em situação de violência por parceiro íntimo, a partir do reconhecimento dessas situações, além de oportunizar a incorporação desta atenção em seus processos de trabalho.;Gestores e profissionais da saúde do SUS;Este curso tem por objetivo instrumentalizar os profissionais de saúde para atuar na atenção a homens e mulheres em situação de violência por parceiro íntimo, a partir do reconhecimento dessas situações, além de oportunizar a incorporação desta atenção em seus processos de trabalho. Os temas abordados nesse curso são: Compreensão da violência entre homens e mulheres. Identificação de sinais e sintomas de violência. Atitudes positivas do profissional de saúde e condições importantes nos serviços. A identificação de situações de violência. O cuidado com homens e mulheres em situação de violência. E ainda a elaboração de plano de segurança.;;;
670;Atenção à Saúde da Pessoa com Deficiência;https://avasus.ufrn.br/local/avasplugin/cursos/curso.php?id=670;Saúde;Avasus;UFRN / SEDIS / LAIS / PEPSUS / MS;30;;;Entender o processo do cuidado com o paciente submetido ao transplante hepático desde a admissão na unidade até a sua alta hospitalar.;;;2024;;
45601;Atenção à Saúde Mental do Homem;https://www.unasus.gov.br/cursos/curso/45601;Saúde;Unasus;UFSC;30;0;Curso Aberto;Este curso aborda os principais aspectos socioculturais relacionados à saúde mental da população masculina e as informações epidemiológicas que nela influenciam, bem como o papel de Rede de Atenção Psicossocial na saúde do homem.;Profissionais de Saúde;Este curso aborda os principais aspectos socioculturais relacionados à saúde mental da população masculina e as informações epidemiológicas que nela influenciam, bem como o papel de Rede de Atenção Psicossocial na saúde do homem.;;;
45508;Atenção à Saúde Sexual e Reprodutiva do Homem;https://www.unasus.gov.br/cursos/curso/45508;Saúde;Unasus;UFSC;30;0;Curso Aberto;Este curso traz conteúdos importantes para a compreensão das questões relacionadas à saúde sexual e reprodutiva dos homens, partindo-se do pressuposto de que a atenção integral à saúde dessa população deve fazer parte do processo de trabalho dos profissionais da atenção básica, haja vista as condições privilegiadas para o desenvolvimento de ações nesta direção, sobretudo pela proximidade e suposta familiaridade com o território adscrito.;Curso de livre demanda;Este curso traz conteúdos importantes para a compreensão das questões relacionadas à saúde sexual e reprodutiva dos homens, partindo-se do pressuposto de que a atenção integral à saúde dessa população deve fazer parte do processo de trabalho dos profissionais da atenção básica, haja vista as condições privilegiadas para o desenvolvimento de ações nesta direção, sobretudo pela proximidade e suposta familiaridade com o território adscrito.;;;
673;Atenção de enfermagem em pacientes submetido ao transplante hepático (100h);https://avasus.ufrn.br/local/avasplugin/cursos/curso.php?id=673;Saúde;Avasus;UFRN / SEDIS / LAIS / EBSERH / HUOL / MS;100;;;Entender o processo do cuidado com o paciente submetido ao transplante hepático desde a admissão na unidade até a sua alta hospitalar.;;;2024;;
45518;Atenção Integral às Crianças com Alterações do Crescimento e Desenvolvimento, relacionadas às Infecções Zika e STORCH;https://www.unasus.gov.br/cursos/curso/45518;Saúde;Unasus;Fiocruz - PE;30;0;Curso Aberto;Os conhecimentos disseminados neste curso visam fornecer o aporte teórico e prático necessário para que Profissionais de saúde que atuem na atenção primária ou Estratégia de Saúde da Família (ESF) se qualifiquem e estejam aptos a proceder no apoio às Crianças com Alterações do Crescimento e Desenvolvimento, relacionadas às Infecções Zika e STORCH em todo o Brasil. ;Profissionais de saúde que atuem na atenção primária ou Estratégia de Saúde da Família (ESF), prioritariamente Médicos e Enfermeiros.;Os conhecimentos disseminados neste curso visam fornecer o aporte teórico e prático necessário para que Profissionais de saúde que atuem na atenção primária ou Estratégia de Saúde da Família (ESF) se qualifiquem e estejam aptos a proceder no apoio às Crianças com Alterações do Crescimento e Desenvolvimento, relacionadas às Infecções Zika e STORCH em todo o Brasil. Através do sistema hierárquico e descentralizado do SUS, esses profissionais poderão atuar de forma sistemática e padronizada, proporcionando um atendimento qualificado as mais diversas populações, principalmente aquelas mais vulneráveis e que residentes em áreas remotas e de difícil acesso. Além disso, espera-se que este curso ajude a estabelecer, mesmo com toda complexidade, estratégias de encaminhamento dos casos encontrados.;;;
462;Atendimento Pré-hospitalar em Acidentes com Armas de Fogo Aplicado à Receita Federal;https://www.escolavirtual.gov.br/curso/462;Saúde;Enap;Secretaria Especial da Receita Federal do Brasil;40;60;Curso Exclusivo;Este curso apresenta os principais conceitos sobre o atendimento pré-hospitalar nos acidentes com armas de fogo ocorridos em ações realizadas por agentes da Receita Federal. O conteúdo perpassará pelas noções gerais desse tipo de atendimento, pela fundamentação jurídica sobre o assunto, pelas noções de anatomia humana, pelos tipos de balísticas e tipos proteção balística, além das principais informações sobre os protocolos MARC1 e de evacuação.;Este curso é exclusivo para agentes públicos da RFB. Para o usuário ter acesso ao curso é necessário que tenha o cadastro na EV.G com seu e-mail institucional (@rfb.gov.br ou @receita.fazenda.gov.br ou @receita.economia.gov.br).;"Módulo 1 - Visão geral sobre o Atendimento Pré-hospitalar;Módulo 2 - Fundamentação jurídica acerca do Atendimento Pré-hospitalar;Módulo 3 - Balística Terminal (Humana);Módulo 4 - Proteção balística;Módulo 5 - MARC1;Módulo 6 - Protocolo de Evacuação.";02/09/2022;;
562;Atualização das principais recomendações do Protocolo Clínico e Diretrizes Terapêuticas de hepatite B e coinfecções;https://avasus.ufrn.br/local/avasplugin/cursos/curso.php?id=562;Saúde;Avasus;UFRN / SEDIS / LAIS / UNESCO / MS;20;;;Capacitar os profissionais de saúde que atuam na linha de cuidado de Hepatite B  com base nas recomendações do novo Protocolo Clínico e Diretrizes Terapêuticas de Hepatite B e Coinfecções.;;;2023;;
692;Atualização de Enfermagem em Nefrologia Clínica;https://avasus.ufrn.br/local/avasplugin/cursos/curso.php?id=692;Saúde;Avasus;UFRN / SEDIS / LAIS / MS;30;;;O curso oferece atualização em enfermagem nefrológica, abordando anatomia e fisiologia renal, insuficiência renal, IRA, DRC e modalidades de diálise.;;;2025;;
45289;Atualização do Manejo Clínico da Influenza;https://www.unasus.gov.br/cursos/curso/45289;Saúde;Unasus;Fiocruz - Brasília;6;0;Curso Aberto;O objetivo da iniciativa é profissionais de saúde que atuam em toda rede assistencial para reforçar o manejo adequado da influenza, de acordo com os protocolos vigentes do Ministério da Saúde, que preconizam o uso da medicação antiviral e a atenção especial aos casos de síndrome respiratória aguda grave.;Profissionais de saúde de nível técnico, superior e demais interessados no tema.;O objetivo da iniciativa é profissionais de saúde que atuam em toda rede assistencial para reforçar o manejo adequado da influenza, de acordo com os protocolos vigentes do Ministério da Saúde, que preconizam o uso da medicação antiviral e a atenção especial aos casos de síndrome respiratória aguda grave. O curso apresenta casos clínicos interativos, com explicações sobre os erros e acertos de cada decisão tomada durante o tratamento. Ao final de cada caso, o aluno poderá assistir a vídeo com comentários de especialistas sobre o tema abordado. Além disso, o aluno terá acesso a materiais de apoio, como fluxograma de tratamento e orientações de etiqueta respiratória. É fruto de parceria entre a Secretaria de Vigilância em Saúde do Ministério da Saúde com a UNA-SUS.;;;
45393;Atualização do Manejo Clínico da Pessoa com Chikungunya;https://www.unasus.gov.br/cursos/curso/45393;Saúde;Unasus;Fiocruz - MS;45;0;Curso Aberto;Esta iniciativa educacional tem como objetivo implementar e qualificar o cuidado das pessoas acometidas por chikungunya. O curso inicia-se na situação de um município fictício denominado Trevo Verde, com 50 mil habitantes. ;Profissionais de saúde e demais interessados no tema;Esta iniciativa educacional tem como objetivo implementar e qualificar o cuidado das pessoas acometidas por chikungunya. O curso inicia-se na situação de um município fictício denominado Trevo Verde, com 50 mil habitantes. A partir desta situação são trabalhados dois módulos: Manejo clínico do adulto com chikungunya e Manejo da criança e gestante com chikungunya. Em cada módulo, são descritos vários casos clínicos e diversas questões sobre o respectivo caso. Além disso, um desfecho é apresentado e discutido para cada caso. O curso, conta com 11 casos clínicos baseados nas ocorrências do dia a dia dos profissionais de saúde.;;;
602;Atualização do PCDT de IST com destaque para Sífilis;https://avasus.ufrn.br/local/avasplugin/cursos/curso.php?id=602;Saúde;Avasus;SEDIS / LAIS / UFRN / MS;2;;;Apresentar atualizações sobre testes diagnósticos da sífilis;;;2023;;
555;Atualização para gestores do SUS: temas atuais sobre sífilis;https://avasus.ufrn.br/local/avasplugin/cursos/curso.php?id=555;Saúde;Avasus;UFRN / SEDIS / LAIS / NESC / MS;4;;;Promover atualização de gestores e gerentes de saúde por meio do Projeto “Sífilis Não” e suas ações para o enfrentamento da sífilis em âmbito nacional e local.;;;2023;;
693;Auditoria do Sistema Único de Saúde (SUS) baseada em Risco;https://avasus.ufrn.br/local/avasplugin/cursos/curso.php?id=693;Saúde;Avasus;ESUFRN / UFRN / SEDIS / LAIS / MS;20;;;Reconhecer a metodologia da auditoria baseada em risco como estratégia prioritária do Sistema Nacional de Auditoria (SNA) do SUS, por essa proporcionar produtos de auditoria revestidos de materialidade e criticidade, que poderão embasar a tomada de decisão da gestão SUS, tendo como horizonte a assistência à saúde de qualidade e em tempo oportuno à população.;;;2024;;
494;Avaliação Básica Por Imagem Das Doenças Do Sistema Musculoesquelético;https://avasus.ufrn.br/local/avasplugin/cursos/curso.php?id=494;Saúde;Avasus;UFRN / SEDIS / LAIS / MS;30;;;Fornecer noções básicas sobre a avaliação por imagem das doenças do sistema musculoesquelético.;;;2021;;
46645;Avaliação Multidimensional da Saúde da Pessoa Idosa;https://www.unasus.gov.br/cursos/curso/46645;Saúde;Unasus;Fiocruz - Brasília;16;0;Curso Aberto;O curso tem como objetivo geral: Realizar a avaliação multidimensional da pessoa idosa. ;Profissionais de Saúde;"O curso tem como objetivo geral: Realizar a avaliação multidimensional da pessoa idosa. Para isso, aborda como: Reconhecer o estado geral da pessoa idosa; reconhecer a capacidade cognitiva e o humor da pessoa idosa; reconhecer deficiências sensoriais da pessoa idosa; realizar testes de capacidade física na pessoa idosa; reconhecer o contexto sociofamiliar da pessoa idosa; realizar a avaliação antropométrica e das condições nutricionais; avaliar a segurança do domicílio, risco de quedas e capacidade de mobilidade da pessoa idosa.";;;
762;Avaliação qualitativa de risco: exposição a agentes químicos;https://www.escolavirtual.gov.br/curso/762;Saúde;Enap;FUNDACENTRO - Fundação Jorge Duprat Figueiredo de Segurança e Medicina do Trabalho;52;60;Curso Aberto;Neste curso, você irá conhecer vantagens, desvantagens e limitações quanto ao uso de ferramentas qualitativas para a avaliação de riscos decorrentes da exposição a agentes químicos nos ambientes de trabalho. Baseadas no conceito conhecido como control banding, estas ferramentas (ICCT, EMKG-Expo-Tool e RiskofDerm) incentivam a concentração de esforços e recursos para a prevenção e controle dos riscos e complementam os métodos tradicionais de avaliação.;O curso destina-se a profissionais que atuam na área de segurança e saúde no trabalho, tais como especialistas em higiene ocupacional, técnicos e engenheiros de segurança, auditores fiscais do trabalho, médicos, toxicologistas, bem como empregadores. Servidores públicos de qualquer esfera e Poder, bem como cidadãos em geral. Curso aberto, gratuito e com certificado, qualquer pessoa pode se inscrever.;Módulo 1: Conceitos básicosMódulo 2: Perigos e exposiçãoMódulo 3: Ferramentas qualitativas;06/10/2022;;
528;Biologia, monitoramento e controle de Aedes aegypti;https://avasus.ufrn.br/local/avasplugin/cursos/curso.php?id=528;Saúde;Avasus;UFRN / SEDIS / LAIS / MS;40;;;Atualizar gestores e profissionais de nível superior, que atuam na vigilância em saúde, sobre as ações de gestão, vigilância, controle, mobilização social, comunicação e educação em saúde relacionadas ao vetor Aedes aegypti.;;;2024;;
287;Boas Práticas de Manipulação em Serviços de Alimentação;https://www.escolavirtual.gov.br/curso/287;Saúde;Enap;Anvisa;12;30;Curso Aberto;O curso Boas Práticas de Manipulação em Serviços de Alimentação foi desenvolvido pela Enap, em parceria com Agência Nacional de Vigilância Sanitária e Universidade Federal de Santa Catarina, com o objetivo de capacitar, apoiar e auxiliar os manipuladores de alimentos a aperfeiçoarem o controle sobre requisitos na manipulação dos alimentos, reduzindo assim o risco de doenças associadas ao consumo de alimentos.;Funcionários de estabelecimentos que manipulam, preparam, armazenam ou expõem à venda alimentos preparados, tais como: restaurantes, cantinas, bares e lanchonetes. Os responsáveis desses estabelecimentos podem usar o curso para capacitação de seus funcionários. Donas de casa, empregados domésticos, cuidadores também podem melhorar suas práticas domésticas de preparo e armazenamento de alimentos realizando o curso. Curso aberto, gratuito e com certificado, qualquer pessoa pode se inscrever.;Entendendo a contaminação dos alimentosAmbiente de Manipulação e Cuidados com ÁguaManuseio do Lixo e Controle de Vetores e PragasHigienizaçãoManipuladores e VisitantesEtapas da Manipulação dos AlimentosDocumentação e Função do Responsável pelo ServiçoRevisão do conteúdo;12/03/2020;;
47032;Caderneta da Criança: Instrumento intersetorial para promoção da atenção integral à saúde da criança;https://www.unasus.gov.br/cursos/curso/47032;Saúde;Unasus;UFSC;30;0;Curso Aberto;Neste curso, esperamos que o profissional esteja apto a realizar a vigilância do desenvolvimento infantil na unidade de saúde em que atua;Gestores e profissionais da saúde do SUS;Por meio deste curso, esperamos que o profissional esteja apto a realizar a vigilância do desenvolvimento infantil na unidade de saúde em que atua, utilizando a Caderneta em seu pleno potencial para o registro, avaliação e monitoramento das crianças acompanhadas em seu território.;;;
46647;Caderneta de Saúde da Pessoa Idosa: um instrumento de avaliação multidimensional;https://www.unasus.gov.br/cursos/curso/46647;Saúde;Unasus;Fiocruz - Brasília;30;0;Curso Aberto;O curso tem como objetivo geral: qualificar os profissionais de saúde para usarem e preencherem corretamente a caderneta de saúde da pessoa idosa durante o atendimento no âmbito da Atenção Primária;Profissionais de Saúde;" Para essa qualificação, aborda como: Reconhecer a caderneta como importante instrumento de qualificação do cuidado à pessoa idosa; Identificar os idosos frágeis e vulneráveis no seu território; identificar a capacidade funcional e vulnerabilidade a partir do VES-13; reconhecer a situação de saúde e riscos a que a pessoa idosa está exposta a partir da caderneta; aplicar a caderneta como instrumento de qualificação do trabalho em equipe na saúde da população idosa.";;;
683;Capacitação sobre estratégias de uso e distribuição dos testes rápidos de HIV, sífilis e hepatites B e C no Brasil -;https://avasus.ufrn.br/local/avasplugin/cursos/curso.php?id=683;Saúde;Avasus;UFRN / SEDIS / LAIS / UNESCO / OPAS / SBDST / MS;30;;;Noções gerais sobre uso e distribuição de testes rápidos de HIV, sífilis e hepatites B e C. Aspectos da qualidade de diagnóstico das IST por testes rápidos.Diagnóstico laboratorial das IST. Diagnóstico da sífilis. ;;;2024;;
432;Cirurgia Segura;https://avasus.ufrn.br/local/avasplugin/cursos/curso.php?id=432;Saúde;Avasus;UFRN / SEDIS / LAIS / MEJC / EBSERH / MS;30;;;Apresentar, de forma clara e dinâmica, as recomendações do Ministério da Saúde sobre as práticas cirúrgicas, bem como sensibilizar os profissionais sobre a necessidade de reverem suas práticas e conduzi-las da forma mais segura, tanto para o profissional quanto para o usuário.;;;2022;;
47022;Como Buscar Evidências Científicas nas Bases de Dados da Área da Saúde;https://www.unasus.gov.br/cursos/curso/47022;Saúde;Unasus;Fiocruz - Brasília;40;0;Curso Aberto;O curso pretende capacitar o aluno a elaborar estratégias para auxiliar na produção de sínteses de evidências para a tomada de decisão.;Pesquisadores, estudantes, trabalhadores da saúde, bibliotecários e a membros da sociedade civil que tenham interesse na temática do curso;O curso pretende capacitar o aluno desde a identificação dos principais delineamentos de estudos, identificação das principais bases de dados na área da saúde, criação das estratégias de buscas e aplicação dessas, para recuperação de registros nas bases de dados. Assim, ele estará capacitado a elaborar estratégias para auxiliar na produção de sínteses de evidências para a tomada de decisão.;;;
389;Como diagnosticar a ELA?;https://avasus.ufrn.br/local/avasplugin/cursos/curso.php?id=389;Saúde;Avasus;UFRN / LAIS / SEDIS / HUOL / EBSERH / MS;4;;;Direcionar o diagnóstico da ELA, mostrando seus caminhos e o que se faz necessário para isso.;;;2020;;
286;Como utilizar o AVASUS - com Audiodescrição ;https://avasus.ufrn.br/local/avasplugin/cursos/curso.php?id=286;Saúde;Avasus;LAIS / SEDIS / UFRN / MS;15;;;Demostrar os recursos existentes na plataforma AVASUS.;;;2019;AUDIODESCRIÇÃO;
279;Como Utilizar o AVASUS - com Legendagem ;https://avasus.ufrn.br/local/avasplugin/cursos/curso.php?id=279;Saúde;Avasus;LAIS / SEDIS / UFRN / MS;15;;;Demostrar os recursos existentes na plataforma AVASUS.;;;2019;LEGENDAGEM;
407;Comunicação e Deglutição na ELA;https://avasus.ufrn.br/local/avasplugin/cursos/curso.php?id=407;Saúde;Avasus;UFRN / LAIS / SEDIS / HUOL / EBSERH / MS;4;;;Descrever os aspectos que envolvem a comunicação e a deglutição os pacientes com ELA.;;;2020;;
46646;Condições Clínicas e Agravos à Saúde Frequentes na Pessoa Idosa;https://www.unasus.gov.br/cursos/curso/46646;Saúde;Unasus;Fiocruz - Brasília;16;0;Curso Aberto;O curso tem como objetivo geral apresentar as condições de saúde e agravos mais frequentes na população idosa.;Profissionais de Saúde;"aborda as condições de saúde e agravos mais frequentes na população idosa, destacando como: realizar adequada anamnese da pessoa idosa, identificando riscos e problemas de saúde; realizar exame físico com foco na abordagem integral da saúde do idoso; identificar as peculiaridades, evolução e consequências das doenças e agravos à saúde mais frequentes na pessoa idosa e como elaborar planos de cuidados ou terapêuticos, considerando a visão integral da pessoa idosa (considerar cuidados domiciliares).";;;
624;Conhecendo a Unidade de Cuidado Intermediário Canguru (UCINCa) e a etapa ambulatorial;https://avasus.ufrn.br/local/avasplugin/cursos/curso.php?id=624;Saúde;Avasus;UFRN / SEDIS / LAIS / MS;30;;;Conhecer a Unidade de Cuidado Intermediário Neonatal Canguru (UCINCa) no que se refere ao dia a dia do profissional, dos pais e familiares, durante todo o internamento na maternidade e sua preparação para alta hospitalar.;;;2024;;
47023;Conhecendo o Guia Alimentar para a População Brasileira;https://www.unasus.gov.br/cursos/curso/47023;Saúde;Unasus;UFSC;30;0;Curso Aberto;Este curso apresentará o Guia Alimentar para a População Brasileira, destacando suas contribuições teóricas e práticas para as ações dos profissionais da saúde na promoção da alimentação adequada e saudável.;Profissionais da saúde e gestores da Atenção Primária à Saúde (APS);Os participantes serão introduzidos ao histórico de criação do Guia, seus princípios fundamentais e recomendações, além de aprenderem a classificar alimentos com base no nível e propósito do processamento utilizando a Classificação NOVA. Serão exploradas as recomendações e ações para promover a alimentação saudável em nível coletivo, com ênfase na articulação intersetorial e territorial, visando fortalecer práticas que contribuam para a melhoria da saúde da população.;;;
47037;Consentimento Livre e Esclarecido;https://www.unasus.gov.br/cursos/curso/47037;Saúde;Unasus;Fiocruz - Brasília;2;0;Curso Aberto;"O módulo aborda  processo de elaboração e obtenção do Termo de Consentimento Livre e Esclarecido (TCLE); processo de elaboração e obtenção do Termo de Assentimento Livre e Esclarecido (TALE).";Coordenadores, membros, funcionários administrativos dos CEPs e demais usuários do Sistema CEP/Conep.;"O módulo aborda o direito do participante da pesquisa; assistência, danos e indenização do participante; autonomia do participante; processo de elaboração e obtenção do Termo de Consentimento Livre e Esclarecido (TCLE); processo de elaboração e obtenção do Termo de Assentimento Livre e Esclarecido (TALE).";;;
129;Consulta e abordagem centrada na pessoa;https://avasus.ufrn.br/local/avasplugin/cursos/curso.php?id=129;Saúde;Avasus;UFRN / SEDIS / LAIS / PEPSUS / MS;30;;;"Objetivos: Compreender a especificidade de cada encontro entre profissional e pessoa como único;Diferenciar a abordagem centrada na pessoa da abordagem centrada no modelo biomédico; Reconhecer os passos do método clínico centrado na pessoa e desenvolver a abordagem a partir do método; Decidir qual será a melhor abordagem a partir das necessidades apresentadas pelo paciente.";;;2024;;
702;Contabilidade de Custos em Saúde Pública;https://avasus.ufrn.br/local/avasplugin/cursos/curso.php?id=702;Saúde;Avasus;UFRN / SEDIS / LAIS / MS;30;;;O curso oferece uma visão abrangente da contabilidade de custos, abordando conceitos básicos, tipos de contabilidade, classificação e análise de custos, métodos de custeio e alocação de custos indiretos na gestão financeira.;;;2025;;
558;Course for the management of LTBI, TB and TB-HIV at all healthcare levels;https://avasus.ufrn.br/local/avasplugin/cursos/curso.php?id=558;Saúde;Avasus;UFRN / SEDIS / LAIS / OPAS / MS;90;;;To train professionals who work in the prevention and control of tuberculosis in all spheres of care and management to qualify their performance in the fight against the disease in the country.;;;2022;;
508;Course on Comprehensive Care for People with Sexually Transmitted Infections;https://avasus.ufrn.br/local/avasplugin/cursos/curso.php?id=508;Saúde;Avasus;OPAS / UFRN / SEDIS / LAIS / NAVI / IFRN / MS;90;;;Address the main subjects related to the comprehensive care of people with sexually transmitted infections.;;;2021;;
478;covid-19: capacitação para vacinadores;https://avasus.ufrn.br/local/avasplugin/cursos/curso.php?id=478;Saúde;Avasus;UFRN / SEDIS / LAIS / DEB / SESAP / RN Mais Vacinas / UERN / MS;15;;;Este módulo traz os principais conteúdos relacionados ao dia a dia de uma sala de vacina e do processo de trabalho da equipe de vacinadores e/ou responsável técnico, seja ele enfermeiro ou técnico de enfermagem. Dessa forma, visa contribuir com o fortalecimento do processo de trabalho dessa equipe e com a qualificação e as boas práticas, culminando na segurança do paciente e na qualificação do SUS em todo o Brasil.;;;2021;;
47046;Cuidado Paliativo na Rede de Atenção do Sistema Único de Saúde (210h);https://www.unasus.gov.br/cursos/curso/47046;Saúde;Unasus;Universidade Federal de Minas Gerais;210;;;"O curso de aperfeiçoamento ""Cuidado Paliativo na Rede de Atenção do Sistema Único de Saúde"" é uma das atividades do projeto de mesmo nome, proposto pelo NESCON/DMPS/FM da UFMG. Aborda cuidados paliativos como prática multiprofissional, com foco nas necessidades clínicas, psicossociais da pessoa, em diferentes cenários de atenção à saúde domicílio, Instituição de Longa Permanência (ILP), unidade hospitalar, ambulatorial ou especializada.";O público-alvo do curso são profissionais da área da saúde/formação em nível superior: • Assistente social • Enfermeiro • Médico • Psicólogo • Farmacêutico • Fisioterapeuta • Fonoaudiólogo • Cirurgião dentista • Nutricionista • Terapeuta ocupacional • Profissionais de Educação Física;"O curso ""Cuidado Paliativo na Rede de Atenção do SUS"" da UFMG visa capacitar profissionais para a prática multiprofissional em cuidados paliativos, abordando as necessidades clínicas e psicossociais dos pacientes em diferentes cenários de saúde. Oferecido EaD, tem 210 horas e 7 módulos.";;;
495;Cuidadores na Assistência ao Paciente – Cuidados respiratórios na ELA;https://avasus.ufrn.br/local/avasplugin/cursos/curso.php?id=495;Saúde;Avasus;UFRN / SEDIS / LAIS / MS;30;;;O curso de Cuidadores na Assistência ao Paciente – Cuidados respiratórios na ELA, conta com 5 aulas que esclarecem como o sistema respiratórios é afetado pela Esclerose Lateral Amiotrófica (ELA) e como os cuidadores podem colaborar para que o pacientes com essa doença possam ter uma melhor manejo dos sintomas respiratórios. Durante o curso o aluno irá aprender sobre a fisiologia do sistema respiratório e como é atingido pela ELA, o que é Ventilação Não Invasiva (VNI) e como utilizar, além de cuidados que podem ser implementados para aumentar a tosse nesses pacientes. Ao final do curso o cuidador estará apto a realizar cuidados respiratórios a domicilio em pacientes com ELA.;;;2021;;
408;Cuidados nutricionais na ELA;https://avasus.ufrn.br/local/avasplugin/cursos/curso.php?id=408;Saúde;Avasus;UFRN / LAIS / SEDIS / HUOL / EBSERH / MS;4;;;Apresentar conceitos básicos sobre cuidados nutricionais na ELA e relatar a importância da alimentação e nutrição para a manutenção do estado nutricional desses pacientes.;;;2020;;
499;Curso autoinstrucional para a formação e disseminação do Protocolo Clínico e Diretrizes Terapêuticas para o Manejo das Infecções Sexualmente Transmissíveis produzido pelo Ministério da Saúde;https://avasus.ufrn.br/local/avasplugin/cursos/curso.php?id=499;Saúde;Avasus;UFRN / IFRN / OPAS / LAIS / SEDIS / NAVI / MS;90;;;Abordar os principais temas relacionados ao Protocolo Clínico e Diretrizes Terapêuticas para o tratamento de Infecções Sexualmente Transmissíveis (PCDT/IST) do Ministério da Saúde do Brasil.;;;2021;;
687;Curso de Capacitação em Codificação de Causa Básica do Óbito: CID-10;https://avasus.ufrn.br/local/avasplugin/cursos/curso.php?id=687;Saúde;Avasus;UFRN / SEDIS / LAIS / NAVI / MS;64;;;Promover a qualificação profissional de trabalhadores das Secretarias de Saúde dos Estados e Municípios responsáveis pela codificação da causa básica do óbito.;;;2025;;
277;Curso de Prevenção ao Suicídio;https://avasus.ufrn.br/local/avasplugin/cursos/curso.php?id=277;Saúde;Avasus;LAIS / SEDIS / UFRN / SESA / ESPP-CFRH / MS;65;;;O curso procura estudar o conceito de comportamento suicida, além dos  fatores de risco e proteção relacionados, contemplando a prevenção do suicídio de acordo com diferentes níveis de risco e aplicada em diferentes contextos, tais como educação, assistência social, atenção primária, atenção secundária, urgência e emergência e população indígena.;;;2019;;
686;Curso de Qualificação dos Profissionais da Saúde para Aplicação de Plantas Medicinais e Fitoterápicos noTratamento de Feridas (140h);https://avasus.ufrn.br/local/avasplugin/cursos/curso.php?id=686;Saúde;Avasus;UFRN / SEDIS / LAIS / PNPIC / Fiocruz / MS;140;;;Nosso objetivo é qualificar, instrumentalizar o maior contingente possível de profissionais de saúde, de nível superior, dos serviços do SUS e proporcionar a construção do conhecimento sobre a aplicação de Plantas Medicinais e Fitoterápicos para Tratamento de Feridas nos serviços da Rede de Atenção à Saúde, com enfoque prioritário na Atenção Primária à Saúde, assim como para diversos atores sociais interessados na temática, seja você um profissional de saúde, gestor de serviços, usuário de plantas medicinais e fitoterápicos  ou simplesmente alguém que deseja aprender mais sobre esta temática como abordagem de cuidado em saúde.;;;2024;;
71556;Curso Índice de Práticas Seguras - IPS - na Rede Ebserh;https://moodle.ebserh.gov.br/course/view.php?id=71556;Saúde;3EC ;EBSERH;1;0;Curso Aberto;Descrever o uso da ferramenta IPS para os trabalhadores de segurança do trabalho nos ambientes hospitalares da Rede Ebserh.;Engenheiros e Técnicos de Segurança do Trabalho da Rede Ebserh.;Descrever o uso da ferramenta IPS para os trabalhadores de segurança do trabalho nos ambientes hospitalares da Rede Ebserh.;;;
556;Curso para o manejo da ILTB, TB e TB-HIV em todos os níveis de atenção à saúde;https://avasus.ufrn.br/local/avasplugin/cursos/curso.php?id=556;Saúde;Avasus;SEDIS / LAIS / OPAS / UFRN / MS;90;;;Capacitar profissionais que atuam na prevenção e controle da tuberculose em todas as esferas de atenção e da gestão para qualificar a atuação no enfrentamento à doença no país.;;;2022;;
510;Curso Teórico de Manejo do Aleitamento Materno;https://avasus.ufrn.br/local/avasplugin/cursos/curso.php?id=510;Saúde;Avasus;UFRN / SEDIS / LAIS / MS;60;;;https://avasus.ufrn.br/local/avasplugin/cursos/curso.php?id=510;;;2022;;
47003;Dengue: Casos Clínicos para Atualização do Manejo (2024);https://www.unasus.gov.br/cursos/curso/47003;Saúde;Unasus;Fiocruz - Brasília;10;0;Curso Aberto;O curso tem como objetivo atualizar os profissionais de saúde sobre o diagnóstico e o tratamento da dengue, de acordo com as recomendações atuais do Ministério da Saúde.;A oferta é voltada preferencialmente a profissionais de saúde, de nível superior, que atuam na Atenção Básica, mas também é aberta aos demais interessados no tema.; O enfoque do conteúdo é prático, baseado na análise de casos clínicos. É fruto da parceria entre as Secretarias de Vigilância em Saúde e de Gestão do Trabalho e da Educação na Saúde do Ministério da Saúde com a UNA-SUS.;;;
619;Desafios da sífilis adquirida na Atenção Primária à Saúde: prevenção, diagnóstico e tratamento.;https://avasus.ufrn.br/local/avasplugin/cursos/curso.php?id=619;Saúde;Avasus;SEDIS / LAIS / UFRN / MS;4;;;Refletir sobre a importância da Atenção Primária à Saúde na prevenção, no diagnóstico e no tratamento da sífilis adquirida.;;;2023;;
597;Diagnóstico laboratorial em IST;https://avasus.ufrn.br/local/avasplugin/cursos/curso.php?id=597;Saúde;Avasus;UFRN / SEDIS / LAIS / MS;4;;;O curso discute o diagnóstico das IST (exceto sífilis), abordando exames recomendados, interpretação, manejo com ou sem testes laboratoriais, abordagem sindrômica e etiológica segundo o PCDT, além de destacar exames ofertados pelo SUS e o manejo de diferentes manifestações clínicas.;;;2023;;
623;Direito e Atenção à Saúde da Pessoa Idosa;https://www.escolavirtual.gov.br/curso/623;Saúde;Enap;Ministério dos Direitos Humanos e Cidadania;35;60;Curso Aberto;Devido à grande melhora da qualidade de vida no século XXI, temos assistido um fator muito interessante chamado transição demográfica. Ele nos mostra que a população idosa tem vivido cada vez mais. Nesse curso você aprenderá como políticas públicas, técnicas de envelhecimento ativo e incentivo à participação social e protagonismo podem garantir direito e uma melhor atenção à saúde do idoso, assegurando uma terceira idade vivida com a qualidade e dignidade merecida por cada indivíduo.;Interessados nas temáticas acerca das políticas de direitos e atenção à saúde da pessoa idosa. Curso aberto, gratuito e com certificado, qualquer pessoa pode se inscrever.;"Módulo 1: O envelhecimento no contexto das crises sanitárias e o direito à saúde;Módulo 2: Determinantes sociais de saúde e o envelhecimento ativo;Módulo 3: Relações sociais e integração comunitária como mecanismo para o envelhecimento saudável;Módulo 4: O cuidado e a rede de atenção à saúde da pessoa idosa.";24/11/2021;;
881;Direitos Humanos e saúde mental - Curso permanente Damião Ximenes Lopes;https://www.escolavirtual.gov.br/curso/881;Saúde;Enap;Ministério dos Direitos Humanos e Cidadania;30;30;Curso Aberto;Neste curso, você conhecerá os princípios e normas de direitos humanos aplicados ao contexto da saúde mental, com base na jurisprudência internacional acerca do tema e no material produzido pela Organização Mundial da Saúde. Além disso, compreenderá os conceitos fundamentais, a estrutura dos sistemas internacionais de Direitos Humanos, as normas relacionadas e a aplicabilidade no trato das pessoas com transtornos mentais. Trata-se de uma capacitação que busca estimular a adoção de práticas adequadas e orientadas pelos direitos humanos. Inscreva-se!;Profissionais de saúde, particularmente, aqueles que atuam em serviços de saúde mental. Curso aberto, gratuito e com certificado, qualquer pessoa pode se inscrever.;Módulo 1 – Introduc?a?o ao Direito Internacional dos Direitos HumanosMódulo 2 – Saúde e Direitos HumanosMódulo 3 – Direitos humanos aplicados às pessoas sob cuidados em saúdeMódulo 4 – Jurisprude?ncia internacional sobre direitos humanos e saúde mental;10/04/2023;;
385;Doença inflamatória pélvica;https://avasus.ufrn.br/local/avasplugin/cursos/curso.php?id=385;Saúde;Avasus;UFRN / LAIS / OPAS / SBDST / MS;2;;;Identificar os principais aspectos inseridos no debate sobre doença inflamatória pélvica.;;;2020;;
123;Doenças Emergentes (Dengue, Zika Vírus, Chikungunya e outras);https://avasus.ufrn.br/local/avasplugin/cursos/curso.php?id=123;Saúde;Avasus;UFRN / SEDIS / LAIS / PEPSUS / MS;30;;;Este módulo se destina aos profissionais das equipes de Saúde da Família/NASF e abordará as principais doenças emergentes hoje no Brasil (as arboviroses dengue, Zika vírus e chikungunya).;;;2021;;
352;Educação nos cenários de práticas;https://avasus.ufrn.br/local/avasplugin/cursos/curso.php?id=352;Saúde;Avasus;UFRN / SEDIS / LAIS / ESUFRN / IFHT / EBSERH / HUOL / UERJ / MS;15;;;Compreender de que maneira os cenários de prática são importantes para o processo ensino-aprendizagem na formação profissional no SUS e para o SUS.;;;2020;;
350;Educação Permanente em Saúde: conceitos e fundamentos;https://avasus.ufrn.br/local/avasplugin/cursos/curso.php?id=350;Saúde;Avasus;UFRN / SEDIS / LAIS / ESUFRN / EBSERH / HUOL / UERJ / IFHT / MS;15;;;Informar os profissionais da saúde sobre Educação Permanente dentro das unidades hospitalares e nos outros serviços de saúde, bem como sobre sua importância como estratégia de atualização dos trabalhadores e de mudança nos processos de trabalho para qualificação da assistência.;;;2020;;
671;Emergency Care Medicine;https://avasus.ufrn.br/local/avasplugin/cursos/curso.php?id=671;Saúde;Avasus;SEDIS / LAIS / UFRN / REDEUNIDA / Universitá di Parma / Mandalay / MS;60;;;The course teaches basic techniques for assisting victims of trauma, cardiac arrest, and choking, with a focus on CPR, AED use, emergency response, and the importance of rapid action, teamwork, and communication.;;;2024;;
171;Estimulação precoce - com Legendagem (120);https://avasus.ufrn.br/local/avasplugin/cursos/curso.php?id=171;Saúde;Avasus;UFRN / SEDIS / LAIS / MS;120;;;Instrumentalizar os profissionais das Redes de Atenção à Saúde do SUS, contribuindo no trabalho da estimulação precoce de crianças de 0 e 3 anos de idade com alterações do desenvolvimento neuropsicomotor. Embora com ênfase nas eventuais sequelas decorrentes da microcefalia pela Infecção do Vírus Zika, o conteúdo aqui reunido poderá também ser útil para o cuidado de crianças com outras condições ou agravos de saúde que interfiram no seu desenvolvimento neuropsicomotor.;;;2017;LEGENDAGEM;
567;Estratégias de autocuidado e bem-estar para sobreviventes de covid-19 e seus cuidadores/famílias;https://avasus.ufrn.br/local/avasplugin/cursos/curso.php?id=567;Saúde;Avasus;UFRN / SEDIS / LAIS / MCTI / UNAL / HUN / MS;15;;;Conhecer estratégias de autocuidado e bem-estar baseadas em evidências científicas que são úteis no estágio pós-COVID-19 para pacientes e cuidadores;;;2023;;
568;Estrategias de autocuidado y bienestar para personas sobrevivientes de la COVID-19 y sus cuidadores/famílias;https://avasus.ufrn.br/local/avasplugin/cursos/curso.php?id=568;Saúde;Avasus;UFRN / SEDIS / LAIS / MCTI / UNAL / HUN / MS;15;;;Conocer estrategias de autocuidado y bienestar basados en evidencia científica, que sean útiles en la etapa post-COVID-19 para pacientes y cuidadores.;;;2023;;
374;Estratégias para erradicação do HIV e Sífilis;https://avasus.ufrn.br/local/avasplugin/cursos/curso.php?id=374;Saúde;Avasus;UFRN / LAIS / SEDIS / NESC / MS;4;;;Discutir estratégias de erradicação do HIV e Sífilis.;;;2020;;
748;Ética e Segurança da Informação;https://avasus.ufrn.br/local/avasplugin/cursos/curso.php?id=748;Saúde;Avasus;UFRN / SEDIS / LAIS / MS;30;;;O curso aborda conceitos de segurança da informação, privacidade e ética na saúde digital, destacando boas práticas para evitar perda de dados e garantir conduta adequada em sistemas informatizados.;;;2025;;
486;Farmácia Clínica: uma abordagem sobre gestação de alto risco e terapia intensiva neonatal;https://avasus.ufrn.br/local/avasplugin/cursos/curso.php?id=486;Saúde;Avasus;UFRN / SEDIS / LAIS / EBSERH / MEJC / MS;60;;;Capacitar os farmacêuticos para atuar na Farmácia Clínica na gestação de alto risco e neonatologia.;;;2021;;
409;Fisioterapia no tratamento da ELA;https://avasus.ufrn.br/local/avasplugin/cursos/curso.php?id=409;Saúde;Avasus;UFRN / LAIS / SEDIS / HUOL / EBSERH / MS;4;;;Esclarecer o papel da fisioterapia motora na reabilitação e acompanhamento de uma pessoa com ELA durante o curso da doença.;;;2020;;
443;Fisioterapia Respiratória na Esclerose Lateral Amiotrófica (ELA);https://avasus.ufrn.br/local/avasplugin/cursos/curso.php?id=443;Saúde;Avasus;UFRN / SEDIS / LAIS / MS;15;;;O curso capacita fisioterapeutas para atuarem com segurança na avaliação e no manejo respiratório de pacientes com ELA, visando prevenir complicações, evitar internações e melhorar a qualidade de vida.;;;2020;;
410;Fisioterapia respiratória no tratamento da ELA;https://avasus.ufrn.br/local/avasplugin/cursos/curso.php?id=410;Saúde;Avasus;UFRN / LAIS / SEDIS / HUOL / EBSERH / MS;4;;;Esclarecer o papel da fisioterapia respiratória na reabilitação e no acompanhamento de uma pessoa com ELA durante o curso da doença.;;;2020;;
307;Gestão de Documentos;https://avasus.ufrn.br/local/avasplugin/cursos/curso.php?id=307;Saúde;Avasus;LAIS / UFRN / SEDIS / MS;30;;;Promover e aprimorar conhecimentos sobre procedimentos de gestão de documentos no âmbito do Ministério da Saúde. Padronizar e qualificar os procedimentos de classificação, transferência e destinação dos documentos no âmbito do Ministério da Saúde.;;;2019;;
485;Gestão de Equipamentos Médico-Assistenciais (120h);https://avasus.ufrn.br/local/avasplugin/cursos/curso.php?id=485;Saúde;Avasus;UFRN / SEDIS / LAIS / MS;120;;;Capacitar gestores públicos para atuar na gestão do ciclo de vida útil de EMAs, assim permitindo conhecer todas as ações recomendáveis e legais desde o plano para aquisição de uma tecnologia, até sua alienação quando atingida a obsolescência.;;;2021;;
498;Gestão de políticas públicas no âmbito local: saúde e assistência social;https://www.escolavirtual.gov.br/curso/498;Saúde;Enap;Secretaria Especial de Assuntos Federativos;10;30;Curso Aberto;Neste curso, você compreenderá como captar recursos federais para a gestão das políticas públicas de saúde e assistência social em âmbito local. Além disso, também entenderá como ocorre a execução e prestação de contas desses recursos e como as ações de assistência social podem ser inseridas no orçamento público municipal. Quer saber mais? Inscreva-se.;Agentes públicos municipais e demais pessoas interessadas. Curso aberto, gratuito e com certificado, qualquer pessoa pode se inscrever.;Módulo 1: Potencializando o seu Município para captar recursos financeiros federaisMódulo 2: Execução dos recursos financeiros federais com segurança técnico jurídicaMódulo 3: Prestação de contas dos recursos federais da saúdeMódulo 4: A Inserção das Ações de Assistência Social no Orçamento PúblicoMódulo 5 : Captação de Recursos e Transferências VoluntáriasMódulo 6: Captação de Recursos e as Entidades Privadas;29/11/2022;;
661;Gestão em Saúde e Segurança do Paciente;https://avasus.ufrn.br/local/avasplugin/cursos/curso.php?id=661;Saúde;Avasus;UFRN / SEDIS / LAIS / MS;40;;;Informar e capacitar os gestores da saúde sobre a importância da segurança do paciente para a gestão, bem como abordar os aspectos práticos para alcançar melhores resultados.;;;2024;;
369;Hepatite A em homens que fazem sexo com homens (HSH);https://avasus.ufrn.br/local/avasplugin/cursos/curso.php?id=369;Saúde;Avasus;UFRN / LAIS / SEDIS / NESC / MS;4;;;Conhecer a Hepatite A em homens que fazem sexo com homens;;4o mini;2020;;
596;HTLV;https://avasus.ufrn.br/local/avasplugin/cursos/curso.php?id=596;Saúde;Avasus;UFRN / SEDIS / LAIS / MS;4;;;Promover uma discussão entre profissionais com expertise na área da saúde sobre a etiologia e a epidemiologia do vírus HTLV, bem como apresentar o manejo terapêutico recomendado pelo PCDT.;;;2023;;
386;Infecção por HPV;https://avasus.ufrn.br/local/avasplugin/cursos/curso.php?id=386;Saúde;Avasus;UFRN / LAIS / OPAS / SBDST / MS;3;;;Abordar os tipos de lesões provocadas pelo HPV, os exames, diagnósticos e tratamentos.;;;2020;;
376;Infecções que causam cervicite;https://avasus.ufrn.br/local/avasplugin/cursos/curso.php?id=376;Saúde;Avasus;UFRN / LAIS / SEDIS / OPAS / SBDST / MS;2;;;Identificar as infecções que causam cervicites, compreendendo a importância de seu diagnóstico e tratamento imediato.;;;2020;;
377;Infecções que causam corrimento uretral;https://avasus.ufrn.br/local/avasplugin/cursos/curso.php?id=377;Saúde;Avasus;UFRN / LAIS / SEDIS / OPAS / SBDST / MS;3;;;Conhecer os principais aspectos inseridos no debate sobre infecções que causam corrimento uretral.;;;2020;;
367;Infecções que causam corrimento vaginal;https://avasus.ufrn.br/local/avasplugin/cursos/curso.php?id=367;Saúde;Avasus;UFRN / LAIS / SEDIS / OPAS / SBDST / MS;3;;;Conhecer os principais aspectos inseridos no debate sobre infecções que causam corrimento vaginal.;;;2020;;
383;Infecções que causam úlcera genital;https://avasus.ufrn.br/local/avasplugin/cursos/curso.php?id=383;Saúde;Avasus;UFRN / LAIS / OPAS / SBDST / MS;3;;;Conhecer os principais aspectos inseridos no debate sobre infecções que causam úlcera genital.;;;2020;;
370;Infecções Sexualmente Transmissíveis (IST) e HPV;https://avasus.ufrn.br/local/avasplugin/cursos/curso.php?id=370;Saúde;Avasus;UFRN / LAIS / SEDIS / NESC / MS;4;;;Debater sobre as Infecções Sexualmente transmissíveis (IST) e as particularidades do HPV.;;;2020;;
476;Infecções Sexualmente Transmissíveis (IST): Atualizando Conhecimentos;https://avasus.ufrn.br/local/avasplugin/cursos/curso.php?id=476;Saúde;Avasus;UFRN / SEDIS / LAIS / HUOL / EBSERH / UC / CEIS 20 / MS;30;;;Noções básicas sobre Infecções Sexualmente Transmissíveis (IST). Agentes etiológicos e seus mecanismos de transmissão. Aspectos etiopatológicos da sífilis. Contextualização da sífilis no universo das IST. Tópicos importantes em gestão e rede de atenção da sífilis. Prevenção e promoção à saúde sexual.;;;2021;;
326;Instruções para execução do teste rápido para detecção de anticorpos contra o SARS-CoV-2;https://avasus.ufrn.br/local/avasplugin/cursos/curso.php?id=326;Saúde;Avasus;SEDIS / UFRN / LAIS / MS;2;;;Apresentar a metodologia correta para execução do teste rápido para detecção de anticorpos produzidos após a infecção por SARS-CoV-2 em pacientes com suspeita de COVID-19.;;;2020;;
284;Introdução à Segurança e Saúde do Trabalho - com Audiodescrição;https://avasus.ufrn.br/local/avasplugin/cursos/curso.php?id=284;Saúde;Avasus;UFRN / SEDIS / LAIS / MEJC / MS;30;;;Apresentar conceitos prevencionistas relacionados às atividades executadas em serviços de saúde, de forma a promover um ambiente de trabalho mais seguro e saudável, conforme determina a NR-32, possibilitando ao aluno avaliar suas práticas no que se refere à segurança com que executa as atividades.;;;2019;AUDIODESCRIÇÃO;
280;Introdução à Segurança e Saúde do Trabalho - com Legendagem;https://avasus.ufrn.br/local/avasplugin/cursos/curso.php?id=280;Saúde;Avasus;UFRN / SEDIS / LAIS / MEJC / MS;30;;;Apresentar conceitos prevencionistas relacionados às atividades executadas em serviços de saúde, de forma a promover um ambiente de trabalho mais seguro e saudável, conforme determina a NR-32, possibilitando ao aluno avaliar suas práticas no que se refere à segurança com que executa as atividades.;;;2019;LEGENDAGEM;
117;Introdução à Vigilância Sanitária;https://www.escolavirtual.gov.br/curso/117;Saúde;Enap;Anvisa;100;90;Curso Aberto;O curso de Introdução à Vigilância Sanitária foi desenvolvido pela Agência Nacional de Vigilância Sanitária (Anvisa), em parceria com a Universidade Federal do Ceará (UFC), com o objetivo de capacitar os profissionais que atuam no Sistema Nacional de Vigilância Sanitária (SNVS) para identificar e analisar os riscos que se apresentam nesse campo de atuação, bem como para fazer intervenções, quando necessário.;Profissionais que atuem no âmbito do Sistema Nacional de Vigilância Sanitária (SNVS). Curso aberto, gratuito e com certificado, qualquer pessoa pode se inscrever.;A Vigilância Sanitária no SUSSistema Nacional de Vigilância Sanitária (SNVS)Planejamento e Programação das açõesRisco sanitário, controle e monitoramentoRegulação na SaúdeEducação e cidadania em saúde;31/10/2017;;
117;Introdução à Vigilância Sanitária (100h);https://www.escolavirtual.gov.br/curso/117;Saúde;Enap;Anvisa;100;90;Curso Aberto;O curso de Introdução à Vigilância Sanitária foi desenvolvido pela Agência Nacional de Vigilância Sanitária (Anvisa), em parceria com a Universidade Federal do Ceará (UFC), com o objetivo de capacitar os profissionais que atuam no Sistema Nacional de Vigilância Sanitária (SNVS) para dentificar e analisar os riscos que se apresentam nesse campo de atuação, bem como para fazer intervenções, quando necessário;Profissionais que atuem no âmbito do Sistema Nacional de Vigilância Sanitária (SNVS). Curso aberto, gratuito e com certificado, qualquer pessoa pode se inscrever.;A Vigilância Sanitária no SUSSistema Nacional de Vigilância Sanitária (SNVS)Planejamento e Programação das açõesRisco sanitário, controle e monitoramentoRegulação na SaúdeEducação e cidadania em saúde;31/10/2017;;
354;Introdução às Metodologias Ativas;https://avasus.ufrn.br/local/avasplugin/cursos/curso.php?id=354;Saúde;Avasus;UFRN / SEDIS / LAIS / ESUFRN / IFHT / EBSERH / HUOL / UERJ / MS;15;;;Introduzir, nas práticas dos preceptores, as metodologias ativas.;;;2020;;
672;Introdução às Práticas Integrativas e Complementares em Saúde: Aromaterapia;https://avasus.ufrn.br/local/avasplugin/cursos/curso.php?id=672;Saúde;Avasus;PNPIC / CAV-UFPE / UFRN / SEDIS / LAIS / MS;40;;;O Módulo Introdução às PICS: Aromaterapia está elaborado em 08 unidades, abrange conhecimentos necessários para a compreensão dos elementos que compõem desde o contexto histórico da aromaterapia até as dimensões de atuação desta prática integrativa e complementar em saúde no cotidiano do cuidado.;;;2024;;
680;Introdução às Práticas Integrativas e Complementares em Saúde: Shantala;https://avasus.ufrn.br/local/avasplugin/cursos/curso.php?id=680;Saúde;Avasus;UFRN / SEDIS / LAIS / CAV-UFPE / PNPIC / MS;40;;;Nosso objetivo é qualificar, instrumentalizar todos os trabalhadores do SUS e proporcionar a construção do conhecimento sobre Shantala para diversos atores sociais interessados na temática, seja você um profissional de saúde, gestor de serviços, usuário da Shantala ou simplesmente alguém que deseja aprender mais sobre esta temática como abordagem de cuidado em saúde. Importante compreender que a Shantala pode estar presente em diversos pontos da Rede de Atenção à Saúde e para a compreensão sobre o tema, dividimos pedagogicamente este módulo enfocando os seguintes conteúdos:;;;2024;;
747;Introdução, fundamentação e conceituações em ciências da Saúde e SUS;https://avasus.ufrn.br/local/avasplugin/cursos/curso.php?id=747;Saúde;Avasus;UFRN / SEDIS / LAIS / MS;30;;;Apresentar o sistema de saúde brasileiro, incluindo programas e políticas de saúde pública e seus condicionantes sociopolíticos, históricos e econômicos.;;;2025;;
378;Lei Geral de Proteção de Dados (LGPD): conceitos e aplicações na área da saúde;https://avasus.ufrn.br/local/avasplugin/cursos/curso.php?id=378;Saúde;Avasus;UFRN / LAIS / NESC / SEDIS / MS;2;;;Compreender a importância da abordagem da Lei Geral de Proteção de Dados (LGPD) sobre a Tecnologia em Saúde.;;;2020;;
118;Manejo Clínico do Aleitamento Materno;https://moodle.ebserh.gov.br/course/view.php?id=118;Saúde;3EC ;EBSERH;20;0;Curso Aberto;"O curso busca compreender a importância do aleitamento materno para a saúde da mãe e do bebê, identificar e manejar as dificuldades comuns na amamentação, aplicar estratégias de apoio à amamentação em diferentes contextos assistenciais, promover a implementação dos ""10 Passos para o Sucesso do Aleitamento Materno"", conforme a Iniciativa Hospital Amigo da Criança.";Aberto para todos os públicos;Os módulos apresentam os Aspectos nutricionais, imunológicos e demais benefícios do leite materno, a promoção e proteção do aleitamento materno, maneiras de amamentação, situações especiais em aleitamento materno, Técnicas de ordenha e administração do leite materno para o recém-nascido e as políticas públicas que favorecem o aleitamento materno.;;;
622;Manejo das pessoas que vivem com HIV/aids (PVHA), com contagem de células LT - CD4 abaixo de 200 mm³ -;https://avasus.ufrn.br/local/avasplugin/cursos/curso.php?id=622;Saúde;Avasus;PEPFAR / ICAP / CDC / UFRN / SEDIS / LAIS / MS;40;;;"Objetiva agilizar a identificação das pessoas que vivem com aids, com especial atenção para as pessoas com sinais de alarme; instrumentalizar o diagnóstico precoce (para tratamento imediato) de criptococose, tuberculose e histoplasmose; identificar pessoas que se beneficiam de tratamento preemptivo para criptococose e histoplasmose; prevê a aplicação dos testes rápidos já no momento do acolhimento, antes mesmo da consulta médica; discutir fluxos, fortalecendo a Rede de Cuidado das PVHA.";;;2023;;
674;Manejo Nutricional do Recém-Nascido Pré-Termo;https://avasus.ufrn.br/local/avasplugin/cursos/curso.php?id=674;Saúde;Avasus;UFRN / SEDIS / LAIS / MS;30;;;Neste módulo vamos apresentar as diversas formas de alimentar o recém-nascido prematuro, assim como introdução e manejo da alimentação nesses bebês tão pequenos, proporcionando, na medida do possível, uma dieta equilibrada, com um bom crescimento nutricional. Conheceremos melhor a fábrica do leite humano, entendendo o seu funcionamento e suas dificuldades no manejo. ;;;2024;;
263;Método Canguru: história e entendimento do casal grávido;https://avasus.ufrn.br/local/avasplugin/cursos/curso.php?id=263;Saúde;Avasus;UFRN / SEDIS / LAIS / MPES / MS;30;;; Apresentar o Método Canguru no âmbito conceitual, legal, histórico e suas especificidades no âmbito familiar.;;;2020;;
355;Metodologias ativas 1: Aprendizagem Baseada em Problemas;https://avasus.ufrn.br/local/avasplugin/cursos/curso.php?id=355;Saúde;Avasus;UFRN / SEDIS / LAIS / ESUFRN / IFHT / EBSERH / HUOL / UERJ / MS;30;;;Aprender sobre a ABP – Aprendizagem Baseada em Problemas e suas aplicações na Educação em Saúde.;;;2020;;
356;Metodologias Ativas 2: outras abordagens;https://avasus.ufrn.br/local/avasplugin/cursos/curso.php?id=356;Saúde;Avasus;UFRN / SEDIS / LAIS / ESUFRN / IFHT / EBSERH / HUOL / UERJ / MS;15;;;Neste Módulo, vamos estudar algumas outras metodologias ativas, além da aprendizagem baseada em problemas, como a metodologia de projetos, o estudo de caso, a aprendizagem entre pares e a sala de aula invertida.;;;2020;;
672;Mindfulness para Redução de Ansiedade no Teletrabalho;https://www.escolavirtual.gov.br/curso/672;Saúde;Enap;Enap - Escola Nacional de Administração Pública;15;30;Curso Aberto;Você conhece o Mindfulness? Sabe como ele pode ser uma ferramenta para promoção de saúde no contexto do teletrabalho? Conheça, neste curso teórico e prático, os benefícios das práticas formais e informais de Mindfulness! Você aprenderá como as atitudes mindful podem ajudar a manejar a ansiedade. O curso também te ajudará a tomar consciência do momento presente, acolhendo seus pensamentos, sensações e ancorando-se no aqui e agora.;Teletrabalhadores em instituições públicas e privadas. Curso aberto, gratuito e com certificado, qualquer pessoa pode se inscrever.;"Módulo 1: Introdução ao Conceito de Mindfulness;Módulo 2: Vamos praticar?";24/12/2021;;
493;Modificações Dietéticas na ELA;https://avasus.ufrn.br/local/avasplugin/cursos/curso.php?id=493;Saúde;Avasus;UFRN / SEDIS / LAIS / MS;15;;;Aprender os tipos de modificações dietéticas, especialmente quanto ao teor de energia e proteínas e quanto a consistência. Essas modificações dietéticas são aquelas mais usadas nos pacientes com ELA.;;;2021;;
681;Módulo Introdução às Práticas Integrativas e Complementares em Saúde: Automassagem;https://avasus.ufrn.br/local/avasplugin/cursos/curso.php?id=681;Saúde;Avasus;UFRN / SEDIS / LAIS / CAV-UFPE / PNPIC / MS;40;;;Nosso objetivo é qualificar, instrumentalizar todos os trabalhadores do SUS e proporcionar a construção do conhecimento sobre Automassagem para diversos atores sociais interessados na temática, seja você um profissional de saúde, gestor de serviços, praticante de Automassagem ou simplesmente alguém que deseja aprender mais sobre esta temática como abordagem de cuidado em saúde. Importante compreender que a Automassagem pode estar presente em diversos pontos da Rede de Atenção à Saúde e para a compreensão sobre o tema, dividimos pedagogicamente este módulo enfocando os seguintes conteúdos:;;;2024;;
695;Módulo Introdução às Práticas Integrativas e Complementares em Saúde: Musicoterapia;https://avasus.ufrn.br/local/avasplugin/cursos/curso.php?id=695;Saúde;Avasus;UFRN / SEDIS / LAIS / CAV-UFPE / PNPIC / MS;60;;; A Musicoterapia foi incluída na Política Nacional de Práticas Integrativas e Complementares no SUS por meio da Portaria nº 849, de 27 de Abril de 2017. Este módulo é voltado para o fortalecimento de ações e serviços de PICS na Rede de Atenção à Saúde, por meio da promoção de conhecimento, interação e trocas de experiências na temática das PICS, com base nas diretrizes da Política Nacional de Práticas Integrativas e Complementares no SUS em conformidade com os princípios estabelecidos para a Educação Permanente. Foi elaborado em 06 unidades, que abrangem conhecimentos necessários para a compreensão dos elementos que compõem importantes conteúdos em musicoterapia, desde o campo do conhecimento e a Musicoterapia como prática de Saúde até exemplos de práticas musicoterapêuticas com diferentes tipos de populações, em condições e necessidades de saúde variadas realizadas no Brasil.;;;2024;;
AP15;Neurodiversity in Public Service;https://apolitical.co/en/courses/neurodiversity-in-public-service/default;Saúde;Apolitical;Equipe Apolitical;2h;Autoinstrucional;Curso aberto;Effective governments rely on diverse minds working at their best. Neurodivergent public servants offer fresh ideas, creative problem-solving skills and valuable insights into complex systems, but too often they face barriers that limit their potential. This short, free course gives managers and decision-makers the tools to build more neuroinclusive public service organisations where everyone can thrive.;Servidores públicos, gestores e equipes;Effective governments rely on diverse minds working at their best. Neurodivergent public servants offer fresh ideas, creative problem-solving skills and valuable insights into complex systems, but too often they face barriers that limit their potential. This short, free course gives managers and decision-makers the tools to build more neuroinclusive public service organisations where everyone can thrive.;Não informado;;
1451;Noções básicas de alimentação saudável e consumo de hortaliças;https://www.escolavirtual.gov.br/curso/1451;Saúde;Enap;Empresa Brasileira de Pesquisa e Agropecuária - EMBRAPA;4;30;Curso Aberto;Neste curso, você conhecerá escolhas alimentares mais saudáveis e seguras, com foco no consumo adequado de hortaliças e na valorização de informações de qualidade. Explore como esses alimentos, ricos em nutrientes e fibras, podem impulsionar sua saúde e bem-estar. Quer saber mais? Inscreva-se!;Qualquer pessoa interessada no assunto. Curso aberto, gratuito e com certificado.;Módulo único - Cores, Sabores e Saúde;21/11/2025;;
689;"Noções de Vigilância Epidemiológica: Olhando para as especificidades de Sífilis; HIV/AIDS; Hepatites Virais; Tuberculose – ATUALIZADO";https://avasus.ufrn.br/local/avasplugin/cursos/curso.php?id=689;Saúde;Avasus;UFRN / SEDIS / LAIS / SBIBAE / MS;40;;;"Noções gerais sobre os agravos sífilis; HIV/aids; hepatites virais; tuberculose com repercussões na saúde. Políticas de enfrentamento dos agravos: sífilis; HIV/AIDS; hepatites virais; tuberculose. Aspectos fundamentais da vigilância e especificidades de cada agravo. ";PROFICIONAIS DA ÁREA DE SAÚDE;Sífilis, HIV/aids, hepatites virais e tuberculose são agravos prioritários com vigilância baseada em diagnóstico, notificação e prevenção. As políticas nacionais garantem testagem, tratamento e controle. Os casos são definidos por critérios técnicos e enfrentados com ações específicas para interromper a transmissão.;;;
668;O exame urodinâmico na prática clínica ginecológica;https://avasus.ufrn.br/local/avasplugin/cursos/curso.php?id=668;Saúde;Avasus;UFRN / SEDIS / LAIS / EBSERH / HUOL / MS;30;;;"Apresentar noções gerais sobre epidemiologia e vigilância dos agravos: sífilis; HIV/aids; hepatites virais; tuberculose";;;2024;;
49;O Sistema Único de Saúde e sua legislação;https://avasus.ufrn.br/local/avasplugin/cursos/curso.php?id=49;Saúde;Avasus;UFSC / Teles-SC / MS;16;;;Aprender sobre o SUS e compreender sua organização enquanto sistema público de saúde, a partir do estudo da legislação que o norteia.;;;2016;;
497;Orientações nutricionais específicas na ELA;https://avasus.ufrn.br/local/avasplugin/cursos/curso.php?id=497;Saúde;Avasus;UFRN / SEDIS / LAIS / MS;15;;;Reconhecer a importância das orientações nutricionais específicas em algumas condições clínicas dos pacientes com ELA.;;;2021;;
283;Pai Presente: Cuidado e Compromisso - com Audiodescrição;https://avasus.ufrn.br/local/avasplugin/cursos/curso.php?id=283;Saúde;Avasus;Universidade Federal do Rio Grande do Norte / MS;12;;;Aumentar os vínculos dos homens com a suas parceiras e com seu filho e, ao mesmo tempo, estimular o seu autocuidado com a saúde, promovendo uma paternidade ativa e consciente.;;;2019;AUDIODESCRIÇÃO;
282;Pai Presente: Cuidado e Compromisso - com Legendagem;https://avasus.ufrn.br/local/avasplugin/cursos/curso.php?id=282;Saúde;Avasus;Universidade Federal do Rio Grande do Norte / MS;12;;;Aumentar os vínculos dos homens com a suas parceiras e com seu filho e, ao mesmo tempo, estimular o seu autocuidado com a saúde, promovendo uma paternidade ativa e consciente.;;;2019;LEGENDAGEM;
44;Política Nacional de Saúde Integral LGBT;https://avasus.ufrn.br/local/avasplugin/cursos/curso.php?id=44;Saúde;Avasus;UERJ / SUS / UNA-SUS/RJ / UNA-SUS / Fiocruz / MS;45;;;Este curso visa contribuir com os(as) profissionais de saúde, notadamente os(as) trabalhadores(as) do SUS, para que realizem suas ações de cuidado, promoção e prevenção à população LGBT, com qualidade, de forma equânime, garantindo a esta população acesso à saúde integral, melhorando, portanto, a saúde deste grupo populacional.;;;2016;;
109;Prática de Saúde Baseada em Evidências - Edição 2023/2024;https://moodle.ebserh.gov.br/course/view.php?id=109;Saúde;3EC ;EBSERH;50;0;Curso Aberto;Nosso propósito é fomentar a temática e conceitos relativos à avaliação crítica da literatura científica em saúde, permitir a troca de informações e experiências dos participantes nos fóruns de discussão e formar multiplicadores em seus ambientes de atuação.;Aberto para todos os públicos;Nosso propósito é fomentar a temática e conceitos relativos à avaliação crítica da literatura científica em saúde, permitir a troca de informações e experiências dos participantes nos fóruns de discussão e formar multiplicadores em seus ambientes de atuação.;;;
685;Preenchimento da Declaração de Nascido Vivo;https://avasus.ufrn.br/local/avasplugin/cursos/curso.php?id=685;Saúde;Avasus;UFRN / SEDIS / LAIS / IFRN / MS;60;;;Apresentar os conceitos relacionados à DNV, bem como possibilitar o real entendimento sobre a importância do formulário da DNV e uso dos dados do SINASC para produção de informações.;;;2024;;
660;Princípios da Vigilância Epidemiológica;https://avasus.ufrn.br/local/avasplugin/cursos/curso.php?id=660;Saúde;Avasus;UFRN / SEDIS / LAIS / SBIBAE / MS;40;;;Os cursos Vigilância tem como objetivo proporcionar capacitação, atualização e desenvolvimento dos profissionais para executarem as ações do Sistema Nacional de Vigilância em Saúde, das hepatites virais, do HIV/aids, da sífilis, e da tuberculose por meio da modalidade de Educação a Distância (EAD), contribuindo para o aprimoramento das práticas da vigilância em saúde no Brasil.;;;2024;;
349;Princípios e Diretrizes no Sistema Único de Saúde;https://avasus.ufrn.br/local/avasplugin/cursos/curso.php?id=349;Saúde;Avasus;UFRN / SEDIS / LAIS / ESUFRN / EBSERH / HUOL / UERJ / IFHT / MS;15;;;Apresentar de maneira crítico-reflexiva o histórico de constituição do SUS, seus princípios doutrinários, diretrizes organizativas e o papel dos trabalhadores da saúde na formação dos profissionais de saúde no SUS e para o SUS.;;;2020;;
371;Profilaxia Pré-exposição ao HIV (PREP);https://avasus.ufrn.br/local/avasplugin/cursos/curso.php?id=371;Saúde;Avasus;UFRN / LAIS / SEDIS / NESC / MS;4;;;Conhecer a importância da Profilaxia Pré-exposição ao HIV/PREP no Brasil e no mundo, seu funcionamento, desafios e potencialidades.;;;2020;;
1201;Promoção da Saúde das Pessoas LGBTQIA;https://www.escolavirtual.gov.br/curso/1201;Saúde;Enap;Ministério dos Direitos Humanos e Cidadania;30;30;Curso Aberto;Neste curso, você encontrará ferramentas conceituais e noções práticas para um atendimento ético e inclusivo que respeite a diversidade sexual e de gênero de todas as pessoas. De maneira introdutória, serão abordadas questões relacionadas ao tratamento de saúde e ao tratamento social de todas as pessoas, desde a chegada do usuário no sistema público de saúde até a finalização do atendimento.;Todas as pessoas envolvidas no atendimento qualificado e humanizado à população LGBTQIA+ e demais interessados em aprender sobre as questões referentes à temática. Curso aberto, gratuito e com certificado.;Módulo 1 - Conceitos e Perspectivas HistóricasMódulo 2 - Vulnerabilidade e Saúde IntegralMódulo 3 - Direitos e Acesso à Saúde;23/07/2025;;
77;Promoção do Envolvimento dos Homens na Paternidade e no Cuidado ;https://avasus.ufrn.br/local/avasplugin/cursos/curso.php?id=77;Saúde;Avasus;UFRN / CdP / PROMUNDO / MS;60;;;O objetivo é que você entre em contato com os conceitos que serão apresentados e possa refletir sobre sua prática profissional no que se refere ao envolvimento de homens e o engajamento no exercício da paternidade e do cuidado. Para isso, consideramos importantes que questões referentes ao cuidado venham de forma transversal nas unidades apresentadas.;Aberto ao púlico;O objetivo é que você entre em contato com os conceitos que serão apresentados e possa refletir sobre sua prática profissional no que se refere ao envolvimento de homens e o engajamento no exercício da paternidade e do cuidado. Para isso, consideramos importantes que questões referentes ao cuidado venham de forma transversal nas unidades apresentadas.;;;
749;Registros, prontuários e prescrições eletrônicos;https://avasus.ufrn.br/local/avasplugin/cursos/curso.php?id=749;Saúde;Avasus;UFRN / SEDIS / LAIS / MS;30;;;Este módulo tem como objetivo abordar os conceitos de desenvolvimento de Prontuários Eletrônicos do Paciente (PEP), bem como especificar suas funcionalidades de registro, evolução clínica e prescrição e detalhar características dos sistemas de apoio à decisão clínica.;;;2025;;
549;RevELAndo o sono e as complicações gerais na ELA;https://avasus.ufrn.br/local/avasplugin/cursos/curso.php?id=549;Saúde;Avasus;UFRN / SEDIS / LAIS / MS;20;;;Cuidados pessoais de pessoas com ELA. Sono. Situações de urgência. ;;;2023;;
550;RevELAndo os cuidados pessoais na Esclerose Lateral Amiotrófica;https://avasus.ufrn.br/local/avasplugin/cursos/curso.php?id=550;Saúde;Avasus;UFRN / SEDIS / LAIS / MS;15;;;Esclarecer a importância dos cuidados pessoais de pacientes com esclerose lateral amiotrófica, ou seja, aqueles cuidados exercidos fora do ambiente consultório-assistencial.;;;2023;;
1089;Saúde mental, atenção psicossocial e interculturalidade nas migrações;https://www.escolavirtual.gov.br/curso/1089;Saúde;Enap;Organização Internacional para as Migrações;30;30;Curso Aberto;Neste curso, você conhecerá os principais fatores que levam as pessoas migrantes a demandarem os serviços de saúde mental e de atenção psicossocial no processo de migração. Você também compreenderá os desafios enfrentados por esse público e poderá prestar a assistência adequada a partir da comunicação intercultural e da compreensão das especificidades. Esta iniciativa busca fortalecer as redes de apoio comunitárias nos cuidados em saúde mental e atenção psicossocial (SMAPS) das pessoas migrantes. Inscreva-se para saber mais.;Pessoas que trabalham no setor humanitário ou de assistência social, seja no serviço público ou em organizações não governamentais, profissionais de saúde, estudantes e demais pessoas interessadas na temática.;"Módulo 1: Cultura e saúde mental;Módulo 2: Fortalecimento das redes de apoio comunitárias em SMAPS;Módulo 3: O SUAS e o trabalho em rede em SMAPS;Módulo 4: Cuidado especializado em SMAPS para pessoas migrantes.";01/03/2024;;
236;Segurança do paciente e Qualidade em serviços de saúde;https://www.escolavirtual.gov.br/curso/236;Saúde;Enap;Anvisa;100;90;Curso Aberto;O curso de Segurança do Paciente e Qualidade em Serviços de Saúde foi desenvolvido pela Agência Nacional de Vigilância Sanitária (Anvisa), em parceria com a Universidade de Brasília (UnB), com o objetivo de ampliar o conhecimento dos profissionais que atuam no Sistema Nacional de Vigilância Sanitária (SNVS) e nos serviços de saúde sobre o tema Segurança do Paciente com vistas à minimização de riscos e melhoria da qualidade do cuidado prestado ao paciente em serviços de saúde.;Profissionais que atuam no âmbito do Sistema Nacional de Vigilância Sanitária (SNVS), em especial, nos serviços de saúde com o tema Segurança do Paciente. Curso aberto, gratuito e com certificado, qualquer pessoa pode se inscrever.;1. Introdução à Segurança do Paciente e Qualidade1.1 Qualidade e Segurança do Paciente em Serviços de Saúde: noções gerais 1.2 Cultura de Segurança em Serviço de Saúde 1.3 Gerenciamento de risco 2. Protocolos de Segurança do Paciente I2.1 Mecanismos de Identificação de Pacientes em Serviços de Saúde 2.2 Higiene das Mãos em Serviços de Saúde 2.3 Cirurgias Seguras em Serviços de Saúde 2.4 Processamento de Produtos para Saúde 3. Protocolos de Segurança do Paciente II 3.1 Prevenção de Lesão por Pressão 3.2 Mecanismos para a Prevenção de Quedas dos Pacientes 3.3 Erros de Medicação 4. Investigação de Eventos Adversos em Serviços de Saúde 4.1 Vigilância, notificação, monitoramento e investigação de incidentes relacionados à assistência à saúde 4.2 Métodos, Técnicas e Ferramentas de Investigação de Eventos Adversos 4.3 Métodos, Técnicas e Ferramentas de Investigação de Eventos Adversos (Análise de Causa Raiz)4.4 Principais Passos da Investigação de Eventos Adversos em Serviços de Saúde;31/07/2019;;
236;Segurança do paciente e Qualidade em serviços de saúde  (100h);https://www.escolavirtual.gov.br/curso/236;Saúde;Enap;Anvisa;100;90;Curso Aberto;O curso de Segurança do Paciente e Qualidade em Serviços de Saúde foi desenvolvido pela Agência Nacional de Vigilância Sanitária (Anvisa), em parceria com a Universidade de Brasília (UnB), com o objetivo de ampliar o conhecimento dos profissionais que atuam no Sistema Nacional de Vigilância Sanitária (SNVS) e nos serviços de saúde sobre o tema Segurança do Paciente com vistas à minimização de riscos e melhoria da qualidade do cuidado prestado ao paciente em serviços de saúde.;Profissionais que atuam no âmbito do Sistema Nacional de Vigilância Sanitária (SNVS), em especial, nos serviços de saúde com o tema Segurança do Paciente. Curso aberto, gratuito e com certificado, qualquer pessoa pode se inscrever.;1. Introdução à Segurança do Paciente e Qualidade1.1 Qualidade e Segurança do Paciente em Serviços de Saúde: noções gerais 1.2 Cultura de Segurança em Serviço de Saúde 1.3 Gerenciamento de risco 2. Protocolos de Segurança do Paciente I2.1 Mecanismos de Identificação de Pacientes em Serviços de Saúde 2.2 Higiene das Mãos em Serviços de Saúde 2.3 Cirurgias Seguras em Serviços de Saúde 2.4 Processamento de Produtos para Saúde 3. Protocolos de Segurança do Paciente II 3.1 Prevenção de Lesão por Pressão 3.2 Mecanismos para a Prevenção de Quedas dos Pacientes 3.3 Erros de Medicação 4. Investigação de Eventos Adversos em Serviços de Saúde 4.1 Vigilância, notificação, monitoramento e investigação de incidentes relacionados à assistência à saúde 4.2 Métodos, Técnicas e Ferramentas de Investigação de Eventos Adversos 4.3 Métodos, Técnicas e Ferramentas de Investigação de Eventos Adversos (Análise de Causa Raiz)4.4 Principais Passos da Investigação de Eventos Adversos em Serviços de Saúde;31/07/2019;;
673;Segurança e Saúde do Trabalho no Contexto do Teletrabalho;https://www.escolavirtual.gov.br/curso/673;Saúde;Enap;Enap - Escola Nacional de Administração Pública;18;30;Curso Aberto;"A pandemia de COVID-19 intensificou uma pr&aacute;tica preexistente: o regime de teletrabalho. Mas, ser&aacute; que voc&ecirc; sabe quais conceitos, qual a legisla&ccedil;&atilde;o e quais s&atilde;o os fatores de risco dessa modalidade? Neste curso, voc&ecirc; conhecer&aacute; os conceitos de teletrabalho, seu arcabou&ccedil;o jur&iacute;dico e seus fatores de risco. Tamb&eacute;m aprender&aacute; estrat&eacute;gias da ergonomia para prevenir os riscos do teletrabalho.";Teletrabalhadores e instituições que adotam o teletrabalho. Curso aberto, gratuito e com certificado, qualquer pessoa pode se inscrever.;" M&oacute;dulo 1: Introdu&ccedil;&atilde;o ao teletrabalho. Conceitos introdut&oacute;rios, vantagens e desvantagens da modalide; M&oacute;dulo 2: Fiscaliza&ccedil;&atilde;o Trabalhista do Teletrabalho; M&oacute;dulo 3: Fatores de Risco do Teletrabalho. ";24/12/2021;;
523;Sífilis: Aspectos Clínicos e Diagnóstico Diferencial;https://avasus.ufrn.br/local/avasplugin/cursos/curso.php?id=523;Saúde;Avasus;UFRN / SEDIS / LAIS / HUOL / EBSERH / UC / MS;30;;;Promover a atualização dos profissionais de saúde acerca dos conceitos essenciais para o reconhecimento e tratamento precoce da sífilis, aspectos fundamentais ao controle da doença.;;;2022;;
526;Sífilis: Diagnóstico e Tratamento;https://avasus.ufrn.br/local/avasplugin/cursos/curso.php?id=526;Saúde;Avasus;UFRN / SEDIS / LAIS / EBSERH / HUOL / MS;30;;;"Promover atualização dos profissionais de saúde acerca do diagnóstico e do tratamento da sífilis.
";;;2023;;
69;Transfusão na Dose Certa – Patient Blood Management;https://moodle.ebserh.gov.br/course/view.php?id=69;Saúde;3EC ;EBSERH;40;0;Curso Aberto;O curso aborda: PBM, uso Racional de Concentrado de Hemácias, uso Racional de Concentrado de Plaquetas, uso Racional de Concentrado de Plasma e Crioprecipitado,testes Pre-Transfusionais, anemia Perioperatoria, manejo das Coagulopatias Adquiridas, ressuscitação volêmica e hemostática, hemorragia Grave na Gestante e Puerpera, reações Transfusionais Imediatas, reações Transfusionais Tardias;todos os profissionais de saúde dos Hospitais Universitários vinculados à Ebserh.;O curso aborda: PBM, uso Racional de Concentrado de Hemácias, uso Racional de Concentrado de Plaquetas, uso Racional de Concentrado de Plasma e Crioprecipitado,testes Pre-Transfusionais, anemia Perioperatoria, manejo das Coagulopatias Adquiridas, ressuscitação volêmica e hemostática, hemorragia Grave na Gestante e Puerpera, reações Transfusionais Imediatas, reações Transfusionais Tardias;;;
751;Transmissão aérea: atualização após a Covid-19;https://www.escolavirtual.gov.br/curso/751;Saúde;Enap;FUNDACENTRO - Fundação Jorge Duprat Figueiredo de Segurança e Medicina do Trabalho;12;30;Curso Aberto;No momento em que o mundo atravessa uma pandemia trazemos informações atualizadas sobre a transmissão aérea de doenças infecciosas, com um olhar particular sobre a Covid-19, com novas perspectivas para a saúde e segurança dos profissionais da área da saúde.;Profissionais de SST e da saúde atuantes em serviços de saúde e que possuam conhecimento prévio de doenças infecciosas e seus modos de transmissão. Curso aberto, gratuito e com certificado, qualquer pessoa pode se inscrever.;Novas perspectivas para a SST em serviços de saúde após a Covid?19Revendo conceitos sobre a transmissão aérea de doenças infecciosas;19/01/2022;;
664;Vigilância Epidemiológica das Hepatites Virais;https://avasus.ufrn.br/local/avasplugin/cursos/curso.php?id=664;Saúde;Avasus;UFRN / SEDIS / LAIS / SBIBAE / MS;10;;; Introdução à vigilância das hepatites virais. Histórico de enfrentamento às hepatites virais. Características das hepatites virais. Manifestações clínicas e complicações das hepatites virais. Métodos diagnósticos e tratamento das hepatites virais. Medidas de prevenção e controle das hepatites virais. Introdução à vigilância epidemiológicas das hepatites virais. Definição de caso. Notificação. Investigação epidemiológica. Contribuição com o controle e a eliminação das hepatites virais.;;;2024;;
362;Vigilância Epidemiológica das IST – Sífilis;https://avasus.ufrn.br/local/avasplugin/cursos/curso.php?id=362;Saúde;Avasus;SBDST / OPAS / UFRN / LAIS / SEDIS / SBIBAE / MS;4;;;Conhecer os principais conceitos que envolvem a Vigilância Epidemiológica das Infecções Sexualmente Transmissíveis, em especial, os da sífilis.;;;2020;;
662;Vigilância Epidemiológica de HIV e aids;https://avasus.ufrn.br/local/avasplugin/cursos/curso.php?id=662;Saúde;AVASUS;UFRN / SEDIS / LAIS / SBIBAE / MS;10;;;Introdução à vigilância do HIV e da aids. Características da infecção pelo HIV e da aids. Objetivo da vigilância epidemiológica do HIV e aids. Vigilância Epidemiológica do HIV e aids e Sistemas de Informação. Definição de caso. Notificação. Vigilância Epidemiológica do HIV e aids. Hemovigilância. Notificação e os instrumentos de notificação. Vigilância e Investigação de casos HIV e aids. Dicas da Notificação de HIV. Outras considerações importantes. Exercícios sobre notificação de casos. Perguntas frequentes. Medidas e estratégias de prevenção e controle. Estratégias.;;;2024;;
665;Vigilância Epidemiológica de Tuberculose;https://avasus.ufrn.br/local/avasplugin/cursos/curso.php?id=665;Saúde;Avasus;UFRN / SEDIS / LAIS / SBIBAE / MS;10;;;Introdução à vigilância da tuberculose. Características da Infecção por tuberculose. Tipos diagnósticos. Exames: Bacteriológicos e Laboratoriais. Tratamento. Medidas de prevenção e controle. Vigilância Epidemiológica. Definições de caso. Notificação. Critérios para seleção de casos para ações de controle. Busca ativa de casos. Ações de promoção de saúde.;;;2023;;
592;Violência sexual e profilaxia de Infecções Sexualmente Transmissíveis (IST);https://avasus.ufrn.br/local/avasplugin/cursos/curso.php?id=592;Saúde;Avasus;UFRN / SEDIS / LAIS / MS;3;;;Reconhecer os principais aspectos inseridos no debate sobre violência sexual e a profilaxia de IST.;;;2023;;
595;Vírus Zika;https://avasus.ufrn.br/local/avasplugin/cursos/curso.php?id=595;Saúde;Avasus;UFRN / SEDIS / LAIS / MS;4;;; Apresentar a epidemiologia sexual do Zika vírus e o seu comportamento na população com ênfase na fase da gestação.;;;2023;;
1373;Capacitação em Governança de Dados;https://www.escolavirtual.gov.br/curso/1373;TI - Análise e Ciência de Dados;Enap;Secretaria de Governo Digital;25;30;Curso Aberto;Você sabe como aproveitar o potencial dos dados para aprimorar seu uso, desenvolver políticas públicas e entregar serviços de qualidade aos cidadãos? Neste curso você irá explorar a essência da Governança de Dados e percorrerá uma jornada de descobertas e transformações com o intuito de aprimorar o uso de dados pela administração pública federal.;Servidores e empregados públicos, principalmente aqueles que atuam em áreas correlatas à governança, gestão e o gerenciamento de dados e demais pessoas interessadas no tema.;Módulo 1 - Essência da Governança e Gestão de DadosMódulo 2 - Governança e Gestão de Dados do Poder Executivo FederalMódulo 3 - Programa de Governança em DadosMódulo 4 - Ações práticas para implementar um Programa de Governança de Dados;14/05/2025;;
1225;Eixo 1 - Analisando dados e evidências Programa - Resolução de problemas com base em dados;https://www.escolavirtual.gov.br/curso/1225;TI - Análise e Ciência de Dados;Enap;Enap - Escola Nacional de Administração Pública;87;365;Curso Aberto;O eixo 1 busca aprimorar o letramento em dados, garantindo a disponibilidade e a qualidade das informações e permitindo uma interpretação precisa dos dados disponíveis.;Desenvolvida com foco em servidoras e servidores públicos em geral. Trilha de aprendizagem aberta, gratuita e com certificado. Qualquer pessoa pode se inscrever.;Analisando dados e evidências;30/09/2024;;
1504;Eixo 2 - Contratando soluções de TIC Programa - Gestão Estratégica de Tecnologia para Gestores de TIC;https://www.escolavirtual.gov.br/curso/1504/;TI - Análise e Ciência de Dados;Enap;Enap - Escola Nacional de Administração Pública;83;365;Curso Aberto;O eixo tem como objetivo capacitar gestores(as) de TIC para planejar, conduzir e fiscalizar contratações de soluções tecnológicas de forma técnica, ética, jurídica e estratégica. São abordadas as normativas do setor público, a análise e mitigação de riscos, a elaboração de documentos de contratação, o monitoramento da execução contratual e a tomada de decisão consciente, visando assegurar eficiência, conformidade e resultados alinhados aos objetivos institucionais.;Gestores de TIC em órgãos públicos que têm como atribuições, dentre outras coisas, liderar projetos tecnológicos completos com foco em Inteligência Artificial, abrangendo desde a concepção até a entrega e manutenção de sistemas, aplicações e soluções digitais.;Eixo 2 - Contratando soluções de TIC;20/02/2026;;
1226;Eixo 2 - Resolvendo problemas Programa - Resolução de problemas com base em dados;https://www.escolavirtual.gov.br/curso/1226/;TI - Análise e Ciência de Dados;Enap;Enap - Escola Nacional de Administração Pública;154;365;Curso Aberto;O eixo 2 capacita os participantes para caracterizar e solucionar problemas de forma eficaz, aplicando análise de dados para apoiar políticas públicas mais informadas e eficientes.;Desenvolvida com foco em servidoras e servidores públicos em geral. Trilha de aprendizagem aberta, gratuita e com certificado. Qualquer pessoa pode se inscrever.;Resolvendo problemas;30/09/2024;;
838;Uso de Dados Raciais Aplicados às Políticas Públicas — Intermediário;https://www.escolavirtual.gov.br/curso/838;TI - Análise e Ciência de Dados;Enap;Ministério da Igualdade Racial (MIR);20;30;Curso Aberto;Este curso pretende fornecer ferramentas para interpretações de dados oficiais ou de pesquisas sobre a questão racial no Brasil, em nível intermediário. Ele parte dos conceitos básicos sobre raça, racismo e aborda diversos bancos de dados e análises possíveis sobre dados raciais, desde análises simplificadas até interseccionais e simulações.;Gestores públicos e privados de órgãos vinculados à promoção da igualdade racial, ativistas de movimentos sociais por igualdade racial e combate ao racismo, interessados em conhecer dados sobre a questão racial no Brasil, comunicadores interessados na questão racial. Curso aberto, gratuito e com certificado, qualquer pessoa pode se inscrever.;"Módulo 1: Conceitos Básicos sobre Raça, Racismo e Ações Afirmativas no Brasil;Módulo 2: Estatística Aplicada a Dados Raciais;Módulo 3: Análise de Dados, Tabelas, Indicadores Sociais e Raciais com Interseccionalidade;Módulo 4: Políticas com ou sem Recorte Racial: Impacto Racial e Interseccional.";18/12/2025;;
1543;Eixo 3 - Compartilhamento de Dados Programa - Gestão e Qualidade de Ativos de Dados no Setor Público;https://www.escolavirtual.gov.br/curso/1543;TI - Análise e Ciência de Dados;Enap;Enap - Escola Nacional de Administração Pública;38;;;O eixo aborda competências voltadas à disponibilização, integração e reutilização de dados no setor público, com base em padrões de interoperabilidade, diretrizes de abertura e uso de registros de referência.;Agentes públicos designados como Curadores de Dados, profissionais de áreas negociais e de TI responsáveis pela gestão de ativos de dados em órgãos e entidades da administração pública federal direta, autárquica e fundacional.;Compartilhamento de Dados;;;
1542;Eixo 2 - Fundamentos de Governança de Dados Programa - Gestão e Qualidade de Ativos de Dados no Setor Público;https://www.escolavirtual.gov.br/curso/1542;TI - Análise e Ciência de Dados;Enap;Enap - Escola Nacional de Administração Pública;66;;;Domine os fundamentos de governança de dados e qualifique a gestão dos ativos de dados do setor público! Este eixo do Programa de Gestão e Qualidade de Ativos de Dados aborda os conceitos, estruturas e práticas de governança de dados, capacitando gestores e técnicos a implementar políticas de dados, definir papéis e responsabilidades e garantir a qualidade, a segurança e a disponibilidade dos dados nas organizações públicas.;Agentes públicos designados como Curadores de Dados, profissionais de áreas negociais e de TI responsáveis pela gestão de ativos de dados em órgãos e entidades da administração pública federal direta, autárquica e fundacional.;Fundamentos de Governança de Dados;;;
406;Análise de dados como suporte à tomada de decisão;https://www.escolavirtual.gov.br/curso/406;TI - Análise e Ciência de Dados;Enap;Secretaria de Governo Digital;30;30;Curso Aberto;O curso abordará a importância da utilização de dados analíticos pelos gestores e servidores públicos tomadores de decisão, bem como a forma de obtenção e utilização de dados estratégicos.;Agentes públicos que assessoram e atuam na tomada de decisões em suas instituições. Curso aberto, gratuito e com certificado, qualquer pessoa pode se inscrever.;Módulo 1 - Introdução à análise de dadosMódulo 2 - Pré-processamento de dadosMódulo 3 - Análise descritivaMódulo 4 - Desenvolvimento de painel de Business Intelligence - BI;21/05/2021;;
325;Análise de Dados em Linguagem R;https://www.escolavirtual.gov.br/curso/325;TI - Análise e Ciência de Dados;Enap;Ministério da Fazenda;20;30;Curso Aberto;A análise de dados tem grande importância na tomada de decisões, auxiliando instituições na detecção de anomalias, monitoramento de indicadores ou melhoria de processos. Neste curso, você vai aprender a utilizar a linguagem R na preparação e exploração dos dados, apresentando resultados em gráficos e painéis gerenciais. Além disso, você vai conhecer conceitos iniciais de ciência de dados.;Profissionais dos órgãos e entidades da Administração Federal direta, autárquica e fundacional, e dos órgãos e entidades estaduais, distritais e municipais participantes da Rede Nacional de Governo Digital, denominada como rede.gov.br. Curso aberto, gratuito e com certificado, qualquer pessoa pode se inscrever.;Módulo 1: Introdução à Análise de Dados.Módulo 2: Fundamentos da Linguagem R.Módulo 3: Introdução à Machine Learning.Módulo 4: Análise dos Dados na Prática.;17/08/2020;;
886;Análise de dados: uma leitura crítica das informações; https://www.escolavirtual.gov.br/curso/886;TI - Análise e Ciência de Dados;Enap;Enap - Escola Nacional de Administração Pública;23;30;Curso Aberto;Você sabe como ler dados que circulam nas mídias e compreender para que servem? Para tratar sobre o tema este curso busca aprimorar um olhar crítico sobre o tema análise de dados e sobre outras áreas de atuação relacionadas, de modo que seja possível estabelecer o vínculo com as mídias informativas e fazer uma leitura crítica de interpretação de dados.;Agentes públicos interessados em aumentar seu conhecimento no tema análise de dados. Curso aberto, gratuito e com certificado, qualquer pessoa pode se inscrever.;"Módulo 1: Análise de dados: apresentação e ferramentas básicas;Módulo 2: Representação de dados, ajuste e correlação;Módulo 3: Visão sistêmica sobre a análise de dados.";04/04/2022;;
1048;Análise de Negócios no Desenvolvimento de Soluções Baseadas em Dados;https://www.escolavirtual.gov.br/curso/1048;TI - Análise e Ciência de Dados;Enap;Enap - Escola Nacional de Administração Pública;25;30;Curso Aberto;Descubra como a Análise de Negócios pode transformar desafios em oportunidades! Neste curso, você aprenderá a identificar problemas, mapear necessidades e utilizar dados para embasar decisões estratégicas, ampliando sua capacidade de análise e solução de problemas em diferentes contextos. Inscreva-se já!;Profissionais de qualquer área que desejem desenvolver habilidades em análise de negócios e utilizar dados para tomar decisões mais eficazes. Curso aberto, gratuito e com certificado, qualquer pessoa pode se inscrever.;"Módulo 1: O que é Análise de Negócios?;Módulo 2: Noções Básicas de Requisitos;Módulo 3: Elicitação de Requisitos;Módulo 4: Análise de Negócios na Prática.";04/04/2025;;
102;Curso Power BI - Módulo Básico;https://moodle.ebserh.gov.br/course/view.php?id=102;TI - Análise e Ciência de Dados;3EC ;EBSERH;20;0;Curso Aberto;O objetivo do curso básico é introduzir os profissionais ao Power BI, capacitando-os a entender e utilizar as ferramentas fundamentais para a criação de relatórios e dashboards simples, com foco na visualização e análise de dados de maneira prática e intuitiva.;Aberto para todos os públicos;O objetivo do curso básico é introduzir os profissionais ao Power BI, capacitando-os a entender e utilizar as ferramentas fundamentais para a criação de relatórios e dashboards simples, com foco na visualização e análise de dados de maneira prática e intuitiva.;;;
103;Curso Power BI - Módulo Intermediário;https://moodle.ebserh.gov.br/course/view.php?id=103;TI - Análise e Ciência de Dados;3EC ;EBSERH;20;0;Curso Aberto;O objetivo do curso é capacitar os profissionais para que se tornem aptos a conhecer e utilizar as principais ferramentas do Power BI para criar dashboards e relatórios dinâmicos para a análise de dados de forma simples e intuitiva;Aberto para todos os públicos;O objetivo do curso é capacitar os profissionais para que se tornem aptos a conhecer e utilizar as principais ferramentas do Power BI para criar dashboards e relatórios dinâmicos para a análise de dados de forma simples e intuitiva;;;
930;Estatística para Análise de Dados na Administração Pública;https://www.escolavirtual.gov.br/curso/930;TI - Análise e Ciência de Dados;Enap;Enap - Escola Nacional de Administração Pública;25;30;Curso Aberto;Estatística de forma simples, objetiva e prática é o que você encontrará neste curso! Faça sua inscrição e aprenda a organizar, analisar dados, determinar suas correlações e a reconhecer os princípios da estatística descritiva em linguagem R para analisar dados na Administração Pública. Matricule-se e faça parte da estatística daqueles que buscam crescimento pessoal e profissional se aperfeiçoando com os cursos da EV.G.;Agentes públicos e pessoas interessadas em aprender os princípios da estatística descritiva em linguagem R para analisar dados na Administração Pública. Curso aberto, gratuito e com certificado, qualquer pessoa pode se inscrever.;"Módulo 1: Princípios da Estatística Básica;Módulo 2: Introdução à Linguagem R;Módulo 3: Modelando Dados e Gráficos;Módulo 4: Análise de Dados na Administração Pública.";11/05/2023;;
1274;Excel Avançado;https://www.escolavirtual.gov.br/curso/1274;TI - Análise e Ciência de Dados;Enap;Secretaria Especial da Receita Federal do Brasil;30;30;Curso Aberto;Neste curso, você aprenderá a lidar com desafios complexos no Excel, explorando desde cálculos avançados até a automação de processos com macros e programação em VBA. Também dominará conteúdos avançados, como fórmulas complexas, tabelas dinâmicas e gráficos interativos, elevando suas habilidades a um novo nível.;Servidores públicos de todas as esferas e Poderes, além de cidadãos que desejam aprender conceitos e aplicações avançadas do Excel. O curso é aberto, gratuito e oferece certificado, disponível para qualquer pessoa.;Módulo 1: Cálculos com Fórmulas e Aplicação de FunçõesMódulo 2: Validação de Dados e Aplicação de Filtros AvançadosMódulo 3: Tabelas DinâmicasMódulo 4: Formulários e Importação de DadosMódulo 5: Banco de DadosMódulo 6: Macros e Visual Basic for Application (VBA);11/12/2024;;
343;Excel Avançado em Office 365;https://moodle.ebserh.gov.br/course/view.php?id=343;TI - Análise e Ciência de Dados;3EC ;EBSERH;15;0;Curso Aberto;A importância do tratamento de dados | Ferramentas avançadas para a higiene dos dados; Profissionais de toda a rede Ebserh que trabalham com planilhas, dados, relatórios e Excel no dia a dia;A importância do tratamento de dados | Ferramentas avançadas para a higiene dos dados;;;
1275;Excel Intermediário;https://www.escolavirtual.gov.br/curso/1275;TI - Análise e Ciência de Dados;Enap;Secretaria Especial da Receita Federal do Brasil;30;30;Curso Aberto;Neste curso, você aprimorará suas habilidades no Excel, revisando funções essenciais e explorando vários recursos. Aprenderá a formatar dados, criar gráficos, trabalhar com tabelas dinâmicas e construir uma base intermediária sólida, preparando-se para dominar ferramentas mais complexas no futuro.;Servidores públicos de todas as esferas e Poderes, além de cidadãos que desejam aprender conceitos e aplicações intermediárias do Excel. O curso é aberto, gratuito e oferece certificado, disponível para qualquer pessoa.;Módulo 1 – Introdução ao Excel IntermediárioMódulo 2 – Trabalhando com fórmulas e funções do ExcelMódulo 3 – Formas de visualização de dados em ExcelMódulo 4 – Outras funcionalidades de automatização do Excel;13/12/2024;;
80;Excel Intermediário em Office 365;https://moodle.ebserh.gov.br/course/view.php?id=80;TI - Análise e Ciência de Dados;3EC ;EBSERH;15;0;Curso Aberto; Abordaremos conceitos que o ajudarão a aprimorar seus conhecimentos e a desenvolver planilhas mais completas; Profissionais de toda a rede Ebserh que trabalham com planilhas, dados, relatórios e Excel no dia a dia;Programa para elaboração de planilhas eletrônicas da Microsoft, o Excel é uma ferramenta poderosa para ajudá-lo a realizar trabalhos que envolvem cálculos matemáticos.;;;
270;Governança de Dados;https://www.escolavirtual.gov.br/curso/270;TI - Análise e Ciência de Dados;Enap;Ministério da Fazenda;30;30;Curso Aberto;Em tempo de economia digital, onde o volume de dados produzidos é imenso, as instituições precisam lidar com este cenário a fim de disponibilizar a informação correta em tempo hábil para a tomada de decisões. A boa governança de dados é o caminho para superar este desafio! Inscreva-se e conheça os fundamentos relacionados à importância da governança de dados especialmente na Administração Pública Federal.;Servidores públicos de qualquer esfera e Poder, principalmente aqueles que atuam em áreas correlatas à governança, gestão e o gerenciamento de dados. Curso aberto, gratuito e com certificado, qualquer pessoa pode se inscrever.; Módulo 1 - Contexto da Governança de Dados na Administração Pública Módulo 2 - Princípios, importância e desafios do Gerenciamento de Dados Módulo 3 - Gestão inteligente de Dados Módulo 4 - Gerenciamento de Metadados e da Qualidade dos Dados ;01/04/2021;;
911;Governança de Dados na Transformação Digital;https://www.escolavirtual.gov.br/curso/911;TI - Análise e Ciência de Dados;Enap;Secretaria de Governo Digital;25;30;Curso Aberto;A Governança de Dados (GD) se refere à preocupação com a melhor organização e integração dos dados e metadados das organizações, tornando-os aderentes às necessidades do negócio, legíveis e disponíveis a quem realmente precisa ter o acesso. Quer ficar por dentro destas e de outras informações sobre GD? Faça já sua inscrição neste curso e venha fazer parte da EV.G!;Agentes públicos que atuam nos órgãos e entidades do Sistema de Administração dos Recursos de Tecnologia da Informação (SISP). Curso aberto, gratuito e com certificado, qualquer pessoa pode se inscrever.;"Módulo 1: Introdução à Gestão de Dados;Módulo 2: A Governança de Dados na Administração Pública;Módulo 3: Estrutura de Apoio à Governança de Dados;Módulo 4: Governança de Dados na Prática.";10/05/2022;;
976;Introdução à Ciência de Dados - Conceitos e Ferramentas;https://www.escolavirtual.gov.br/curso/976;TI - Análise e Ciência de Dados;Enap;Serviço Federal de Processamento de Dados;4;30;Curso Aberto;Neste curso, você irá compreender o significado de Ciência de Dados e entender as classes de problemas para a formulação de questões e hipóteses apropriadas nessa área de conhecimento.;Analistas de desenvolvimento de sistemas e analistas de suporte técnico, analistas de negócios, assim como demais profissionais de nível superior com formação em cursos de base matemática, além de gerentes e coordenadores interessados em processos de tomada de decisão. Curso aberto, gratuito e com certificado, qualquer pessoa pode se inscrever.;Módulo 1: O cientista de dadosMódulo 2: Diferenças entre BI, DW e MDMódulo 3: Mineração de dadosMódulo 4: Diferenças entre Ciência de Dados, aprendizado de máquinas e mineração de dadosMódulo 5: Fontes de dados, negócio, entendimento e preparação dos dadosMódulo 6: Algumas ferramentas aplicadas em Ciência de DadosMódulo 7: O software KNIME para Ciência de DadosMódulo 8: Técnicas essenciais e qualidades dos modelos;01/07/2024;;
1166;Introdução à Ciência de Dados - Conjuntos Frequentes;https://www.escolavirtual.gov.br/curso/1166;TI - Análise e Ciência de Dados;Enap;Serviço Federal de Processamento de Dados;4;30;Curso Aberto;Este curso apresenta os conceitos básicos relacionados à definição de padrões frequentes, regras de associação e suas aplicações, mediante uma aproximação entre a teoria e as práticas referenciadas na literatura técnica, consideradas como necessárias para a formação de um cientista de dados.;Servidores públicos e todo cidadão interessado na temática. Curso aberto, gratuito e com certificado, qualquer pessoa pode se inscrever.;"Módulo único: Conjuntos frequentes e regras de associação&nbsp; &nbsp; &nbsp; &nbsp; &nbsp; &nbsp; &nbsp; &nbsp; &nbsp; &nbsp; &nbsp; &nbsp; &nbsp; &nbsp; &nbsp; &nbsp; &nbsp; &nbsp; &nbsp; &nbsp; &nbsp;";16/07/2024;;
1172;Introdução à Ciência de Dados - Descoberta de Tópicos em Texto;https://www.escolavirtual.gov.br/curso/1172;TI - Análise e Ciência de Dados;Enap;Serviço Federal de Processamento de Dados;5;10;Curso Aberto;Este curso cobre os conceitos básicos de Ciência de Dados, focando nas principais técnicas de pré-processamento de textos. Ele combina teoria e prática essenciais para a formação de um cientista de dados. O objetivo é capacitar os participantes a atender demandas imediatas, preparando-os para construir modelos usados na tomada de decisões. Quer saber mais? Inscreva-se.;Servidores públicos e todo cidadão interessado na temática. Curso aberto, gratuito e com certificado, qualquer pessoa pode se inscrever.;Módulo 1 - Pré-processamento de textoMódulo 2 - Descoberta de tópicos em texto;13/08/2024;;
1211;Introdução à Ciência de Dados - Estatística Essencial;https://www.escolavirtual.gov.br/curso/1211;TI - Análise e Ciência de Dados;Enap;Serviço Federal de Processamento de Dados;6;10;Curso Aberto;Este curso ensina conceitos essenciais de estatística aplicados à Ciência de Dados, combinando teoria e prática. Ele visa capacitar os participantes para atender demandas imediatas, focando na construção de modelos para tomada de decisões. Quer saber mais? Inscreva-se;Servidores públicos e todo cidadão interessado na temática. Curso aberto, gratuito e com certificado, qualquer pessoa pode se inscrever.;Módulo 1 - Estatística DescritivaMódulo 2 - Testes de Hipótese;06/08/2024;;
1174;Introdução à Ciência de Dados - Modelos de Agrupamento;https://www.escolavirtual.gov.br/curso/1174;TI - Análise e Ciência de Dados;Enap;Serviço Federal de Processamento de Dados;4;10;Curso Aberto;Este curso ensina os conceitos básicos de Ciência de Dados, especialmente sobre o agrupamento de dados, como o algoritmo K-Means. O objetivo é dar uma capacitação básica para atender às demandas imediatas, ajudando os profissionais a criar modelos que auxiliem na tomada de decisões. Quer saber mais? Inscreva-se;Servidores públicos e todo cidadão interessado na temática. Curso aberto, gratuito e com certificado, qualquer pessoa pode se inscrever.;Módulo único - Agrupamento e o agrupador K-Means;29/07/2024;;
1165;Introdução à Ciência de Dados - Modelos de Classificação;https://www.escolavirtual.gov.br/curso/1165;TI - Análise e Ciência de Dados;Enap;Serviço Federal de Processamento de Dados;8;30;Curso Aberto;Este curso apresenta os conceitos básicos relacionados à definição de padrões frequentes, regras de associação e suas aplicações, mediante uma aproximação entre a teoria e as práticas referenciadas na literatura técnica, consideradas como necessárias para a formação de um cientista de dados.;Servidores públicos e todo cidadão interessado na temática. Curso aberto, gratuito e com certificado, qualquer pessoa pode se inscrever.;Módulo 1 - ClassificaçãoMódulo 2 - Classificador KNNMódulo 3 - Classificador Bayesiano (Naïve Bayes)Módulo 4 - Classificador Árvore de DecisãoMódulo 5 - Classificador Redes NeuraisMódulo 6 - Classificador SVM (Support Vector machine);12/07/2024;;
1173;Introdução à Ciência de Dados - Modelos de Regressão;https://www.escolavirtual.gov.br/curso/1173;TI - Análise e Ciência de Dados;Enap;Serviço Federal de Processamento de Dados;4;10;Curso Aberto;Este curso apresenta os conceitos básicos em Ciência de Dados, no que se refere a modelos de regressão linear e não linear. O curso visa promover uma capacitação básica que permita a atuação no atendimento das demandas mais imediatas, focalizando a capacitação do profissional na construção de modelos para a tomada de decisão. Quer saber mais? Inscreva-se.;Servidores públicos e todo cidadão interessado na temática. Curso aberto, gratuito e com certificado, qualquer pessoa pode se inscrever.;Módulo único - Modelos de Regressão;30/07/2024;;
1258;Introdução à Ciência de Dados - Redes Complexas;https://www.escolavirtual.gov.br/curso/1258;TI - Análise e Ciência de Dados;Enap;Serviço Federal de Processamento de Dados;4;10;Curso Aberto;O curso oferece uma introdução à análise de redes complexas, abordando sistemas e conceitos-chave, conectando teoria e prática. Com foco em formar profissionais capacitados para atender demandas imediatas, ele prepara o aluno para criar modelos voltados à tomada de decisão, oferecendo uma base essencial para quem deseja atuar como cientista de dados.;Servidores públicos e todo cidadão interessado na temática. Curso aberto, gratuito e com certificado, qualquer pessoa pode se inscrever.;Módulo 1 - Análise de redes complexasMódulo 2 - Laços fortes e fracosMódulo 3 - Homofilia e afiliaçãoMódulo 4 - Relacionamentos positivos e negativosMódulo 5 - Análise de linksMódulo 6 - Tipos de redes complexas;24/10/2024;;
1257;Introdução à Ciência de Dados - Tratamento de Dados;https://www.escolavirtual.gov.br/curso/1257;TI - Análise e Ciência de Dados;Enap;Serviço Federal de Processamento de Dados;2;10;Curso Aberto;O curso aborda conceitos fundamentais de Ciência de Dados, destacando problemas comuns com dados e fontes, além das melhores práticas para resolvê-los. Focado na união entre teoria e prática, capacita profissionais a atender demandas imediatas e desenvolver modelos para apoiar a tomada de decisão, oferecendo uma base essencial para formar futuros cientistas de dados.;Servidores públicos e todo cidadão interessado na temática. Curso aberto, gratuito e com certificado, qualquer pessoa pode se inscrever.;Módulo 1 - Limpeza de dadosMódulo 2 - Redução de dadosMódulo 3 - Normalização e discretização;24/10/2024;;
459;Introdução ao Excel;https://www.escolavirtual.gov.br/curso/459;TI - Análise e Ciência de Dados;Enap;Secretaria Especial da Receita Federal do Brasil;25;30;Curso Aberto;Neste curso, você conhecerá as funcionalidades básicas do Excel para aplicá-las na resolução de problemas básicos de cálculos, a partir da utilização de fórmulas e funções básicas até a formatação de planilhas, gráficos e da classificação e apresentação de dados.;Servidores públicos de qualquer esfera e Poder, bem como cidadãos em geral que tenham interesse em aprender conceitos e aplicações básicas do Excel, a partir da versão 2010. Curso aberto, gratuito e com certificado, qualquer pessoa pode se inscrever.;Módulo 1 – Visão geral do ExcelMódulo 2 – Trabalhando em uma planilha eletrônicaMódulo 3 – Apresentando os dados;12/09/2022;;
491;LGPD: Como coordenar a atuação do município para a governança de dados aplicada ;https://www.escolavirtual.gov.br/curso/491;TI - Análise e Ciência de Dados;Enap;Secretaria Especial de Assuntos Federativos;10;;;A LGPD é a primeira lei brasileira dedicada à regulação do tratamento de dados pessoais em todo o território nacional. Neste curso, além da sua importância, você irá compreender como o Município deve coordenar sua atuação para o cumprimento das etapas necessárias para a sua implementação e para que haja uma governança de dados aplicada.;Agentes públicos e demais profissionais responsáveis por atividades vinculadas à Lei Geral de Proteção de Dados. Curso aberto, qualquer pessoa pode se inscrever.;O curso aborda, no Módulo 1, as noções essenciais da proteção de dados. No Módulo 2, foca no município como agente de tratamento de dados pessoais. Já o Módulo 3 trata da governança de dados aplicada.;;;
309;Power BI - Módulo Avançado;https://moodle.ebserh.gov.br/course/view.php?id=309;TI - Análise e Ciência de Dados;3EC ;EBSERH;20;0;Curso Aberto;O curso avançado visa capacitar os profissionais a dominar recursos avançados do Power BI, como integração de dados em tempo real, automação de processos e técnicas avançadas de DAX, além de otimização de performance, para a criação de soluções de análise de dados altamente eficientes e escaláveis.;Aberto para todos os públicos;O curso avançado visa capacitar os profissionais a dominar recursos avançados do Power BI, como integração de dados em tempo real, automação de processos e técnicas avançadas de DAX, além de otimização de performance, para a criação de soluções de análise de dados altamente eficientes e escaláveis.;;;
AP4;Become a Data-Confident Public Servant;https://apolitical.co/pt-BR/courses/ai-fundamentals-for-public-servants;TI - Análise e Ciência de Dados;Apolitical;Equipe Apolitical;5;Autoinstrucional;Curso aberto;Desenvolve confiança no uso de dados para decisões públicas.;Servidores públicos;Uso de dados para tomada de decisão e análise de evidências;Não informado;;
FGV 1;Introdução à Ciência de Dados (curso gera declaração de finalização, não gera certificado);https://educacao-executiva.fgv.br/cursos/online/curta-media-duracao-online/introducao-ciencia-de-dados;TI - Análise e Ciência de Dados;FGV;FGV EMAp;60;;;Ciência de dados é um ramo multidisciplinar da ciência que envolve técnicas de computação, matemática aplicada, inteligência artificial, estatística e otimização com o intuito de resolver problemas analiticamente complexos, utilizando grandes conjuntos de dados como núcleo de operação. O curso Introdução à Ciência de Dados traz exemplos de aplicações reais do processo de extração e geração de conhecimento via ciência de dados, discutindo ainda aspectos éticos ligados a essa nova área do conhecimento.;;Ciência de dados é um ramo multidisciplinar da ciência que envolve técnicas de computação, matemática aplicada, inteligência artificial, estatística e otimização com o intuito de resolver problemas analiticamente complexos, utilizando grandes conjuntos de dados como núcleo de operação. O curso Introdução à Ciência de Dados traz exemplos de aplicações reais do processo de extração e geração de conhecimento via ciência de dados, discutindo ainda aspectos éticos ligados a essa nova área do conhecimento.;;;
FGV 2;Introdução à Organização de Dados para Análise Multivariada (curso  gera declaração de finalização, não gera certificado);https://educacao-executiva.fgv.br/cursos/online/curta-media-duracao-online/introducao-organizacao-de-dados-para-analise-multivariada;TI - Análise e Ciência de Dados;FGV;FGV EESP;5;;;O curso Introdução à Organização de Dados para Análise Multivariada apresenta a importância da organização dos dados nas análises multivariadas e relaciona as práticas utilizadas na organização e na preparação dos dados para a análise, com o objetivo de extrair o máximo de informações sobre os dados disponibilizados e garantir que as análises sejam efetuadas de forma assertiva e produtiva.;;O curso Introdução à Organização de Dados para Análise Multivariada apresenta a importância da organização dos dados nas análises multivariadas e relaciona as práticas utilizadas na organização e na preparação dos dados para a análise, com o objetivo de extrair o máximo de informações sobre os dados disponibilizados e garantir que as análises sejam efetuadas de forma assertiva e produtiva.;;;
FGV 3;Introdução às Técnicas de Análise Fatorial e Conjunta de Dados (curso gera declaração de finalização, não gera certificado);https://educacao-executiva.fgv.br/cursos/online/curta-media-duracao-online/introducao-tecnicas-de-analise-fatorial-e-conjunta-de-dados;TI - Análise e Ciência de Dados;FGV;FGV EESP;5;;;O curso Introdução às Técnicas de Análise Fatorial e Conjunta de Dados apresenta a técnica de análise multivariada,   chamada análise fatorial, que permite identificar o comportamento de grupos de variáveis ou de consumidores. O curso aborda também a análise conjunta, uma  ferramenta que permite prever a reação de consumidores a determinadas características de produtos e de serviços, o que a torna de grande relevância no âmbito gerencial. ;;O curso Introdução às Técnicas de Análise Fatorial e Conjunta de Dados apresenta a técnica de análise multivariada,   chamada análise fatorial, que permite identificar o comportamento de grupos de variáveis ou de consumidores. O curso aborda também a análise conjunta, uma  ferramenta que permite prever a reação de consumidores a determinadas características de produtos e de serviços, o que a torna de grande relevância no âmbito gerencial. ;;;
FGV 4;Tópicos em Machine Learning (curso  gera declaração de finalização, não gera certificado);https://educacao-executiva.fgv.br/cursos/online/curta-media-duracao-online/topicos-em-machine-learning;TI - Análise e Ciência de Dados;FGV;FGV EMAp;10;;;O curso Tópicos em Machine Learning introduz o aluno na área de aprendizagem de máquinas, apresentando métodos de aprendizagem e conceitos pertinentes.;;O curso Tópicos em Machine Learning introduz o aluno na área de aprendizagem de máquinas, apresentando métodos de aprendizagem e conceitos pertinentes.;;;
FGV 5;Álgebra Linear e Ciência de Dados (curso gera declaração de finalização, não gera certificado);https://educacao-executiva.fgv.br/cursos/online/curta-media-duracao-online/algebra-linear-e-ciencia-de-dados;TI - Análise e Ciência de Dados;FGV;FGV EESP;5;;;Introduz conteúdos fundamentais de álgebra linear, perpassando por temas muito visados na ciência de dados. O curso, portanto, aborda e analisa as definições de média amostral, variância amostral e covariância amostral.;;Introduz conteúdos fundamentais de álgebra linear, perpassando por temas muito visados na ciência de dados. O curso, portanto, aborda e analisa as definições de média amostral, variância amostral e covariância amostral.;;;
FGV 6;Linguagem R: Introdução à Programação e Automação (curso gera declaração de finalização, não gera certificado);https://educacao-executiva.fgv.br/cursos/online/curta-media-duracao-online/linguagem-r-introducao-programacao-e-automacao;TI - Análise e Ciência de Dados;FGV;FGV RI;9;;;O curso Linguagem R: Introdução à Programação e Automação aborda a automatização de tarefas repetitivas usando computadores, para a busca de maior produtividade. Neste curso, você conhecerá os principais comandos utilizados para automatizar tarefas e como aplicá-los em contexto de pesquisa.;;O curso Linguagem R: Introdução à Programação e Automação aborda a automatização de tarefas repetitivas usando computadores, para a busca de maior produtividade. Neste curso, você conhecerá os principais comandos utilizados para automatizar tarefas e como aplicá-los em contexto de pesquisa.;;;
FGV 14;IA Generativa e o ChatGPT: Potencializando o Trabalho e Ganhando Eficiência (curso gera declaração de finalização, não gera certificado);https://educacao-executiva.fgv.br/cursos/online/curta-media-duracao-online/ia-generativa-e-o-chatgpt-potencializando-o-trabalho-e-ganhando-eficiencia;TI - Análise e Ciência de Dados;FGV;FGV;1;;;O curso IA Generativa e o ChatGPT: Potencializando o Trabalho e Ganhando Eficiência aborda o uso de ferramentas de IA para análise de dados educacionais até a criação de experiências de aprendizagem interativas.;;O curso IA Generativa e o ChatGPT: Potencializando o Trabalho e Ganhando Eficiência aborda o uso de ferramentas de IA para análise de dados educacionais até a criação de experiências de aprendizagem interativas.;;;
FGV 18;Excel para Ciência de Dados – Básico (curso gera declaração de finalização, não gera certificado);https://educacao-executiva.fgv.br/cursos/online/curta-media-duracao-online/excel-para-ciencia-de-dados-basico;TI - Análise e Ciência de Dados;FGV;FGV EMAp;15;;;O curso Excel para Ciência de Dados - Básico aborda o uso do Excel não apenas como uma ferramenta de planilhas, mas como um recurso estratégico para análise e apresentação de dados, aumentando as suas oportunidades de trabalho e crescimento na carreira.;;O curso Excel para Ciência de Dados - Básico aborda o uso do Excel não apenas como uma ferramenta de planilhas, mas como um recurso estratégico para análise e apresentação de dados, aumentando as suas oportunidades de trabalho e crescimento na carreira.;;;
FGV 20;Excel para Ciência de Dados – Intermediário (curso gera declaração de finalização, não gera certificado);https://educacao-executiva.fgv.br/cursos/online/curta-media-duracao-online/excel-para-ciencia-de-dados-intermediario;TI - Análise e Ciência de Dados;FGV;FGV EMAp;15;;;O curso Excel para Ciência de Dados – Intermediário aborda os conceitos de Power Pivot, o DAX, a modelagem de dados e a criação de dashboards por meio de videoaulas, exercícios e atividades de avaliação, proporcionando a você um aprendizado das habilidades necessárias para criar um fluxo de trabalho em análise de dados.;;O curso Excel para Ciência de Dados – Intermediário aborda os conceitos de Power Pivot, o DAX, a modelagem de dados e a criação de dashboards por meio de videoaulas, exercícios e atividades de avaliação, proporcionando a você um aprendizado das habilidades necessárias para criar um fluxo de trabalho em análise de dados.;;;
FGV 21;Excel para Ciência de Dados - Avançado (curso gera declaração de finalização, não gera certificado);https://educacao-executiva.fgv.br/cursos/online/curta-media-duracao-online/excel-para-ciencia-de-dados-avancado;TI - Análise e Ciência de Dados;FGV;FGV EMAp;15;;;O curso Excel para Ciência de Dados - Avançado tem como objetivo desenvolver habilidades e competências voltadas à automação de tarefas e otimização de processos no Excel, permitindo que o cientista de dados torne o seu trabalho mais ágil, eficiente e reprodutível. ;;O curso Excel para Ciência de Dados - Avançado tem como objetivo desenvolver habilidades e competências voltadas à automação de tarefas e otimização de processos no Excel, permitindo que o cientista de dados torne o seu trabalho mais ágil, eficiente e reprodutível. ;;;
1215;Eixo 1 - Aplicando tecnologias digitais na geração de produtos e serviços Programa - Mentalidade Digital;https://www.escolavirtual.gov.br/curso/1215;TI - Governo e Transformação Digital;Enap;Enap - Escola Nacional de Administração Pública;227;365;Curso Aberto;Atuar com mentalidade digital implica em nova mentalidade e formas de trabalho, levando em conta e incorporando tecnologias e recursos digitais para maior eficiência, eficácia e efetividade na geração de produtos e prestação de serviços públicos. Para tanto é necessário identificar os recursos digitais disponíveis e incorporar novas tecnologias que se adequem ao seu trabalho, adaptando-se ao ambiente de transformação digital, inovação e mudanças constantes.;Desenvolvida com foco em servidoras e servidores públicos em geral. Trilha de aprendizagem aberta, gratuita e com certificado. Qualquer pessoa pode se inscrever.;Aplicando tecnologias digitais na geração de produtos e serviços;14/10/2024;;
1249;Eixo 1 - Conhecendo a legislação de proteção de dados pessoais Programa - Privacidade e Segurança da Informação;https://www.escolavirtual.gov.br/curso/1249;TI - Governo e Transformação Digital;Enap;Enap - Escola Nacional de Administração Pública;20;365;Curso Aberto;Neste eixo você irá desenvolver as competências necessárias para reconhecer dispositivos das principais normas gerais brasileiras que dispõem sobre o tratamento de dados pessoais, além de compreender detalhadamente a Lei Geral de Proteção de Dados - LGPD.;"Desenvolvida com foco em agentes públicos que atuam como gestores ou técnicos integrantes do SISP; encarregados pelo tratamento de dados pessoais da Administração Pública; membros de instâncias de governança em privacidade e segurança da informação; e demais envolvidos na implementação, avaliação ou utilização das medidas de privacidade e segurança da informação previstas no PPSI. Trilha de aprendizagem aberta, gratuita e com certificado. Qualquer pessoa pode se inscrever.";Conhecendo a legislação de proteção de dados pessoais;16/10/2024;;
1250;Eixo 2 - Atuando na governança e na aplicação de medidas de proteção de dados pessoais Programa - Privacidade e Segurança da Informação;https://www.escolavirtual.gov.br/curso/1250/;TI - Governo e Transformação Digital;Enap;Enap - Escola Nacional de Administração Pública;34;365;Curso Aberto;Este eixo apresenta os aspectos que compõem a adequada governança da proteção de dados pessoais, incluindo a relevante atribuição de elaborar políticas e diretrizes sobre o tema. Você também desenvolverá competências relativas à aplicação prática de medidas para a proteção dos dados pessoais.;"Desenvolvida com foco em agentes públicos que atuam como gestores ou técnicos integrantes do SISP; encarregados pelo tratamento de dados pessoais da Administração Pública; membros de instâncias de governança em privacidade e segurança da informação; e demais envolvidos na implementação, avaliação ou utilização das medidas de privacidade e segurança da informação previstas no PPSI. Trilha de aprendizagem aberta, gratuita e com certificado. Qualquer pessoa pode se inscrever.";Atuando na governança e na aplicação de medidas de proteção de dados pessoais;16/10/2024;;
1434;Eixo 2 - Fundamentos de Ciência de Dados Programa - Engenharia de Dados e IA Aplicada para Gestores de TIC;https://www.escolavirtual.gov.br/curso/1434/;TI - Governo e Transformação Digital;Enap;Enap - Escola Nacional de Administração Pública;4;365;Curso Aberto;Aprenda a formular hipóteses, preparar fontes de dados e construir fluxos de trabalho em projetos de Ciência de Dados, aplicando fundamentos essenciais para análise e interpretação de informações estratégicas.;Desenvolvida com foco em Gestores de TIC em órgãos públicos que têm como atribuições, dentre outras coisas, liderar projetos tecnológicos completos com foco em Inteligência Artificial, abrangendo desde a concepção até a entrega e manutenção de sistemas, aplicações e soluções digitais. Programa aberto, gratuito e com certificado. Qualquer pessoa pode se inscrever.;Eixo 2 - Fundamentos de Ciência de Dados Engenharia de Dados e IA Aplicada para Gestores de TIC;24/09/2025;;
1216;Eixo 2 - Integrando processo de gestão e tecnologias digitais Programa - Mentalidade Digital;https://www.escolavirtual.gov.br/curso/1216;TI - Governo e Transformação Digital;Enap;Enap - Escola Nacional de Administração Pública;124;365;Curso Aberto;Para o desenvolvimento de um modelo mental conectado com as transformações da era digital, ou de uma mentalidade digital, é preciso que o servidor seja capaz de integrar as práticas e modelos de gestão com as tecnologias da informação. Isto significa dominar ferramentas de gerenciamento de informação e atuar com autonomia na construção de soluções.;Desenvolvida com foco em servidoras e servidores públicos em geral. Trilha de aprendizagem aberta, gratuita e com certificado. Qualquer pessoa pode se inscrever.;Integrando processo de gestão e tecnologias digitais;14/10/2024;;
1251;Eixo 3 - Detalhando as atribuições do encarregado pelo tratamento de dados pessoais Programa - Privacidade e Segurança da Informação;https://www.escolavirtual.gov.br/curso/1251;TI - Governo e Transformação Digital;Enap;Enap - Escola Nacional de Administração Pública;5;365;Curso Aberto;Neste eixo, você conhecerá em detalhes as atribuições do encarregado pelo tratamento de dados pessoais, previstas no artigo 41 da Lei Geral de Proteção de Dados (LGPD).;"Desenvolvida com foco em agentes públicos que atuam como gestores ou técnicos integrantes do SISP; encarregados pelo tratamento de dados pessoais da Administração Pública; membros de instâncias de governança em privacidade e segurança da informação; e demais envolvidos na implementação, avaliação ou utilização das medidas de privacidade e segurança da informação previstas no PPSI. Trilha de aprendizagem aberta, gratuita e com certificado. Qualquer pessoa pode se inscrever.";Detalhando as atribuições do encarregado pelo tratamento de dados pessoais;16/10/2024;;
1217;Eixo 3 - Integrando comunicação e tecnologias digitais Programa - Mentalidade Digital;https://www.escolavirtual.gov.br/curso/1217/;TI - Governo e Transformação Digital;Enap;Enap - Escola Nacional de Administração Pública;95;365;Curso Aberto;Para o desenvolvimento de uma mentalidade digital, o servidor deve ser capaz de integrar e incorporar as novas tecnologias digitais à comunicação interna e externa, melhorando a prestação de serviços e o relacionamento com o cidadão. Esta integração é essencial para melhorar a eficiência, transparência e eficácia da administração pública.;Desenvolvida com foco em servidoras e servidores públicos em geral. Trilha de aprendizagem aberta, gratuita e com certificado. Qualquer pessoa pode se inscrever.;Integrando comunicação e tecnologias digitais;14/10/2024;;
1252;Eixo 4 - Criando uma estrutura básica em segurança da informação Programa - Privacidade e Segurança da Informação;https://www.escolavirtual.gov.br/curso/1252;TI - Governo e Transformação Digital;Enap;Enap - Escola Nacional de Administração Pública;127;365;Curso Aberto;Neste eixo, você desenvolverá as competências necessárias para definir papéis e responsabilidades organizacionais relacionados à segurança da informação e ao processo de gestão dos ativos institucionais, no contexto da Administração Pública Brasileira.;"Desenvolvida com foco em agentes públicos que atuam como gestores ou técnicos integrantes do SISP; encarregados pelo tratamento de dados pessoais da Administração Pública; membros de instâncias de governança em privacidade e segurança da informação; e demais envolvidos na implementação, avaliação ou utilização das medidas de privacidade e segurança da informação previstas no PPSI. Trilha de aprendizagem aberta, gratuita e com certificado. Qualquer pessoa pode se inscrever.";Criando uma estrutura básica em segurança da informação;16/10/2024;;
1429;Eixo 4 - Liderança, Protagonismo e Comunicação de Futuro - Programa IA Estratégica e Visão de Futuro para Altas Lideranças no Setor Público;https://www.escolavirtual.gov.br/curso/1429/;TI - Governo e Transformação Digital;Enap;Enap - Escola Nacional de Administração Pública;51;365;Curso Aberto;Desenvolva competências em liderança e comunicação para transformar estratégias em ações concretas, engajar equipes, inspirar mudanças e integrar a IA à gestão pública, ampliando o impacto da tecnologia e a eficiência dos serviços.;Desenvolvido com foco em altas lideranças do serviço público federal. Programa aberto, gratuito e com certificado. Qualquer pessoa pode se inscrever.;Eixo 4 - Liderança, Protagonismo e Comunicação de Futuro;25/09/2025;;
1253;Eixo 5 - Protegendo os ativos institucionais e o ambiente tecnológico da organização Programa - Privacidade e Segurança da Informação;https://www.escolavirtual.gov.br/curso/1253/;TI - Governo e Transformação Digital;Enap;Enap - Escola Nacional de Administração Pública;10;365;Curso Aberto;Neste eixo, você desenvolverá as competências necessárias para implementar as proteções necessárias para assegurar a prestação de serviços críticos no contexto das instituições da Administração Pública Brasileira, e também identificar e gerenciar a ocorrência de eventos de segurança.;"Desenvolvida com foco em agentes públicos que atuam como gestores ou técnicos integrantes do SISP; encarregados pelo tratamento de dados pessoais da Administração Pública; membros de instâncias de governança em privacidade e segurança da informação; e demais envolvidos na implementação, avaliação ou utilização das medidas de privacidade e segurança da informação previstas no PPSI. Trilha de aprendizagem aberta, gratuita e com certificado. Qualquer pessoa pode se inscrever.";Protegendo os ativos institucionais e o ambiente tecnológico da organização;16/10/2024;;
1254;Eixo 6 - Respondendo a um incidente de segurança Programa - Privacidade e Segurança da Informação;https://www.escolavirtual.gov.br/curso/1254/;TI - Governo e Transformação Digital;Enap;Enap - Escola Nacional de Administração Pública;16;365;Curso Aberto;Neste eixo você desenvolverá as competências necessárias para desenvolver e implementar atividades apropriadas para agir contra um incidente de segurança detectado, no contexto das instituições da Administração Pública Brasileira.;"Desenvolvida com foco em agentes públicos que atuam como gestores ou técnicos integrantes do SISP; encarregados pelo tratamento de dados pessoais da Administração Pública; membros de instâncias de governança em privacidade e segurança da informação; e demais envolvidos na implementação, avaliação ou utilização das medidas de privacidade e segurança da informação previstas no PPSI. Trilha de aprendizagem aberta, gratuita e com certificado. Qualquer pessoa pode se inscrever.";Respondendo a um incidente de segurança;16/10/2024;;
603;Fundamentos da Lei Geral de Proteção de Dados (LGPD);https://www.escolavirtual.gov.br/curso/603;TI - Governo e Transformação Digital;Enap;Serviço Federal de Processamento de Dados;15;30;Curso Aberto;O curso foi desenvolvido com foco na apresentação de conceitos gerais da LGPD e nos impactos desta Lei em processos rotineiros de pessoas e empresas. Também pretende-se fomentar o debate sobre a proteção de dados pessoais e a segurança da informação, em face das bases legais existentes. Foi desenvolvido pelo Serpro - Serviço Federal de Processamento de Dados, em 2020, originalmente para a capacitação do corpo funcional. Agora é ofertado ao público em geral, por meio de parceria com a Escola Nacional de Administração Pública - Enap.;Pessoas com interesse em conhecer a Lei e entender sua abrangência e impactos. Curso aberto, gratuito e com certificado, qualquer pessoa pode se inscrever.;"Módulo 1: Conceitos básicos da LGPD; Direitos do titular; Relações e atribuições.Módulo 2: Processos de tratamento de dados; Situações previstas na lei; Dados pessoais sensíveis; Dados de crianças e adolescentes; Compartilhamento e transferência de dados.Módulo 3: Segurança no tratamento de dados; Privacidade dos dados; Segurança da informação; LGPD e penalidades; LGPD e demais leis.Módulo 4: Organização da empresa - Serpro; implementação da LGPD; Soluções LGPD.";01/09/2021;;
1375;GitHUB Actions;https://www.escolavirtual.gov.br/curso/1375;TI - Governo e Transformação Digital;Enap;Microsoft;4;10;Curso Aberto;Saiba mais sobre o GitHub Actions, ferramenta que automatiza fluxos de trabalho dentro do ambiente no GitHub, aumentando a produtividade de desenvolvedores e programadores. Ficou interessado(a)? Inscreva-se!;Qualquer cidadão interessado na temática. O curso é aberto, gratuito e oferece certificado.;"Módulo único - GitHUB ActionsAula 01: Apresentando o GITHUB ActionsAula 02: Explorando o fluxo de trabalho com o GITHUB ActionsAula 03: Como definir e configurar fluxos de trabalho no GUITHUB ActionsAula 04: Explorando os eventos no GITHUB ActionsAula 05: Explorando os Jobs no GITHUB ActionsAula 06: Criando o primeiro ""Olá Mundo"" com o GITHUB ActionsAula 07: Aprendizados sobre o GITHUB Actionss";08/05/2025;;
1376;Github Codespaces;https://www.escolavirtual.gov.br/curso/1376;TI - Governo e Transformação Digital;Enap;Microsoft;3;10;Curso Aberto;Saiba mais sobre o GitHub Codespaces, um ambiente de desenvolvimento inovador que te permite programar em qualquer lugar do planeta por ser baseado em nuvem, aumentando a produtividade e a colaboração entre desenvolvedores e programadores. Ficou interessado(a)? Inscreva-se!;Qualquer cidadão interessado na temática. O curso é aberto, gratuito e oferece certificado.;Módulo único - GitHUB CodespacesAula 01: Apresentando o GITHUB CodespacesAula 02: Programando com o GITHUB CodespacesAula 03: Aprendizados sobre o GITHUB Codespaces;08/05/2025;;
1391;PDI NS - Eixo 6 - Desafios do Estado Brasileiro;https://www.escolavirtual.gov.br/curso/1391;TI - Governo e Transformação Digital;Enap;Fundação Escola Nacional de Administração Pública;35;3650;Curso Aberto;Desafios do Estado Brasileiro;Servidores federais em estágio probatório;Desafios do Estado Brasileiro;04/06/2025;;
482;Sistema de Controle Interno da Administração e Procuradoria Municipal;https://www.escolavirtual.gov.br/curso/482;TI - Governo e Transformação Digital;Enap;Secretaria Especial de Assuntos Federativos;10;30;Curso Aberto;É possível evitar a judicialização de conflitos e orientar os gestores públicos na tomada de decisões seguras? De que forma a Procuradoria pode conferir maior segurança jurídica às ações do prefeito? O controle interno, previsto na Constituição Federal, é fundamental para uma gestão pública transparente e eficaz. Que tal realizar este curso e conhecer os principais conceitos, a evolução histórica, os princípios e finalidades do sistema de controle interno?;Servidores públicos, especialmente aqueles que iniciam a trajetória na gestão municipal. Curso aberto, gratuito e com certificado, qualquer pessoa pode se inscrever.;Módulo 1 — O papel da Procuradoria Municipal na segurança jurídica dos atos do prefeito.Módulo 2 — A importância do controle interno na gestão pública municipal.Módulo 3 — O sistema de controle interno na gestão municipal.;13/07/2022;;
3182;Automação de Sistemas - Turma 2026B;https://aprendamais.mec.gov.br/course/view.php?id=3182;TI - Governo e Transformação Digital;MEC;MEC;30;;;;;;;;
3184;Banco de Dados 1: fundamentos - Turma 2026B;https://aprendamais.mec.gov.br/course/view.php?id=3184;TI - Governo e Transformação Digital;MEC;MEC;20;;;;;;;;
3287;Estrutura de Dados - Turma 2026B;https://aprendamais.mec.gov.br/course/view.php?id=3287;TI - Governo e Transformação Digital;MEC;MEC;20;;;;;;;;
3296;Excel na Prática: aplicação de funções, organização e visualização de dados - Turma 2026B;https://aprendamais.mec.gov.br/course/view.php?id=3296;TI - Governo e Transformação Digital;MEC;MEC;20;;;;;;;;
3325;Gestão de Projetos de Software com PMBOK: Guia Essencial para Iniciantes - Turma 2026B;https://aprendamais.mec.gov.br/course/view.php?id=3325;TI - Governo e Transformação Digital;MEC;MEC;40;;;;;;;;
3572;HTML5: Fundamentos para Construção de Páginas Web Modernas - Turma 2026B;https://aprendamais.mec.gov.br/course/view.php?id=3572;TI - Governo e Transformação Digital;MEC;MEC;40;;;;;;;;
3390;Manutenção de Computadores: hardware, software e evolução - Turma 2026B;https://aprendamais.mec.gov.br/course/view.php?id=3390;TI - Governo e Transformação Digital;MEC;MEC;20;;;;;;;;
3391;Manutenção de Computadores: simuladores, sistemas operacionais e montagem - Turma 2026B;https://aprendamais.mec.gov.br/course/view.php?id=3391;TI - Governo e Transformação Digital;MEC;MEC;20;;;;;;;;
3407;Moodle para Educadores - Percurso Formativo - Turma 2026B;https://aprendamais.mec.gov.br/course/view.php?id=3407;TI - Governo e Transformação Digital;MEC;MEC;40;;;;;;;;
3545;Node.js: Introdução ao Desenvolvimento de APIs Modernas - Turma 2026B;https://aprendamais.mec.gov.br/course/view.php?id=3545;TI - Governo e Transformação Digital;MEC;MEC;40;;;;;;;;
3460;Programação com Python: do Objeto ao Banco de Dados - Turma 2026B;https://aprendamais.mec.gov.br/course/view.php?id=3460;TI - Governo e Transformação Digital;MEC;MEC;20;;;;;;;;
3461;Projeto de Sistemas Web - Turma 2026B;https://aprendamais.mec.gov.br/course/view.php?id=3461;TI - Governo e Transformação Digital;MEC;MEC;30;;;;;;;;
3469;Python Fundamental 1 - Turma 2026B;https://aprendamais.mec.gov.br/course/view.php?id=3469;TI - Governo e Transformação Digital;MEC;MEC;20;;;;;;;;
3470;Python Fundamental 2 - Turma 2026B;https://aprendamais.mec.gov.br/course/view.php?id=3470;TI - Governo e Transformação Digital;MEC;MEC;20;;;;;;;;
3571;React: Construindo Single Page Applications Dinâmicas - Turma 2026B;https://aprendamais.mec.gov.br/course/view.php?id=3571;TI - Governo e Transformação Digital;MEC;MEC;40;;;;;;;;
3533;React Native: Criação de Aplicativos Móveis Modernos - Turma 2026B;https://aprendamais.mec.gov.br/course/view.php?id=3533;TI - Governo e Transformação Digital;MEC;MEC;40;;;;;;;;
3478;Redes de Computadores - Turma 2026B;https://aprendamais.mec.gov.br/course/view.php?id=3478;TI - Governo e Transformação Digital;MEC;MEC;30;;;;;;;;
3479;Redes de Computadores II - Turma 2026B;https://aprendamais.mec.gov.br/course/view.php?id=3479;TI - Governo e Transformação Digital;MEC;MEC;30;;;;;;;;
3502;Sistemas Operacionais - Turma 2026B;https://aprendamais.mec.gov.br/course/view.php?id=3502;TI - Governo e Transformação Digital;MEC;MEC;20;;;;;;;;
3503;Softwares de Segurança da Informação - Turma 2026B;https://aprendamais.mec.gov.br/course/view.php?id=3503;TI - Governo e Transformação Digital;MEC;MEC;20;;;;;;;;
3523;Windows Server 2016: Instalação e Administração - Turma 2026B;https://aprendamais.mec.gov.br/course/view.php?id=3523;TI - Governo e Transformação Digital;MEC;MEC;40;;;;;;;;
FGV 7;Cibersegurança: Anatomia Clássica de um Ciberataque (curso gera declaração de finalização, não gera certificado);https://educacao-executiva.fgv.br/cursos/online/curta-media-duracao-online/ciberseguranca-anatomia-classica-de-um-ciberataque;TI - Governo e Transformação Digital;FGV;FGV;9;;;O curso Cibersegurança: Anatomia Clássica de um Ciberataque explora o valor da inteligência para o controle de ameaças cibernéticas, evidenciando a importância de pensar a segurança da informação como um tema corporativo, que envolve todas as áreas da organização.;;O curso Cibersegurança: Anatomia Clássica de um Ciberataque explora o valor da inteligência para o controle de ameaças cibernéticas, evidenciando a importância de pensar a segurança da informação como um tema corporativo, que envolve todas as áreas da organização.;;;
FGV 8;Negócios Baseados em Plataformas Digitais (curso gera declaração de finalização, não gera certificado);https://educacao-executiva.fgv.br/cursos/online/curta-media-duracao-online/negocios-baseados-em-plataformas-digitais;TI - Governo e Transformação Digital;FGV;FGV;1;;;O curso Negócios Baseados em Plataformas Digitais discute alguns modelos de negócio baseados em plataformas digitais, como modelos conceituais de e-commerce, modelos emergentes de e-business e plataformas de mercado de dois lados.;;O curso Negócios Baseados em Plataformas Digitais discute alguns modelos de negócio baseados em plataformas digitais, como modelos conceituais de e-commerce, modelos emergentes de e-business e plataformas de mercado de dois lados.;;;
FGV 9;Aspectos Introdutórios de Business Intelligence (curso gera declaração de finalização, não gera certificado);https://educacao-executiva.fgv.br/cursos/online/curta-media-duracao-online/aspectos-introdutorios-de-business-intelligence;TI - Governo e Transformação Digital;FGV;FGV;9;;;O curso Aspectos Introdutórios de Business Intelligence pretende apresentar os principais conceitos que fazem parte desse assunto guarda-chuva que é a inteligência de negócios – ou, como é mais conhecido em língua inglesa, business intelligence (BI).;;O curso Aspectos Introdutórios de Business Intelligence pretende apresentar os principais conceitos que fazem parte desse assunto guarda-chuva que é a inteligência de negócios – ou, como é mais conhecido em língua inglesa, business intelligence (BI).;;;
FGV 10;TI como Elemento Estratégico nas Organizações (curso gera declaração de finalização, não gera certificado);https://educacao-executiva.fgv.br/cursos/online/curta-media-duracao-online/ti-como-elemento-estrategico-nas-organizacoes;TI - Governo e Transformação Digital;FGV;FGV;6;;;No curso TI como Elemento Estratégico nas Organizações, enfocaremos a evolução e o papel da TI nas organizações. Abordaremos ainda a sua importância para as várias indústrias e atividades bem como para a competição empresarial.;;No curso TI como Elemento Estratégico nas Organizações, enfocaremos a evolução e o papel da TI nas organizações. Abordaremos ainda a sua importância para as várias indústrias e atividades bem como para a competição empresarial.;;;
FGV 11;Introdução ao Git e GitHub (curso gera declaração de finalização, não gera certificado);https://educacao-executiva.fgv.br/cursos/online/curta-media-duracao-online/introducao-ao-git-e-github;TI - Governo e Transformação Digital;FGV;FGV EMAp;15;;;O curso Introdução ao Git e GitHub visa capacitar o estudante para uso eficiente do sistema de controle de versão Git e da plataforma de hospedagem de código GitHub desde conceitos iniciais, permitindo o controle de versões de projetos, a colaboração efetiva com equipes, o gerenciamento de branches, a resolução de conflitos de merge e a utilização de recursos avançados do GitHub.;;O curso Introdução ao Git e GitHub visa capacitar o estudante para uso eficiente do sistema de controle de versão Git e da plataforma de hospedagem de código GitHub desde conceitos iniciais, permitindo o controle de versões de projetos, a colaboração efetiva com equipes, o gerenciamento de branches, a resolução de conflitos de merge e a utilização de recursos avançados do GitHub.;;;
FGV 12;Identificação de Riscos Cibernéticos (curso gera declaração de finalização, não gera certificado);https://educacao-executiva.fgv.br/cursos/online/curta-media-duracao-online/identificacao-de-riscos-ciberneticos;TI - Governo e Transformação Digital;FGV;FGV;5;;;No curso Identificação de Riscos Cibernéticos, veremos que o primeiro passo para a prevenção é identificar os riscos a que estamos sujeitos. Portanto, o curso se concentra em demonstrar estratégias de identificação dos riscos aliado ao conhecimento do contexto e conhecimento técnico.;;No curso Identificação de Riscos Cibernéticos, veremos que o primeiro passo para a prevenção é identificar os riscos a que estamos sujeitos. Portanto, o curso se concentra em demonstrar estratégias de identificação dos riscos aliado ao conhecimento do contexto e conhecimento técnico.;;;
FGV 13;Introdução à Inteligência Artificial: Conceitos Básicos (curso gera declaração de finalização, não gera certificado);https://educacao-executiva.fgv.br/cursos/online/curta-media-duracao-online/introducao-inteligencia-artificial-conceitos-basicos;TI - Governo e Transformação Digital;FGV;FGV;1;;;O curso Introdução à Inteligência Artificial: Conceitos Básicos foi especialmente desenvolvido para professores que desejam entender o mundo da IA, mesmo sem ter uma afinidade prévia com o tema. Vamos explorar seus fundamentos, desde sua história e evolução, passando por alguns de seus tipos e diferentes métodos de aprendizado de máquina. Discutiremos como a IA está revolucionando áreas como educação, saúde e entretenimento, apresentando casos práticos e aplicações reais. ;;O curso Introdução à Inteligência Artificial: Conceitos Básicos foi especialmente desenvolvido para professores que desejam entender o mundo da IA, mesmo sem ter uma afinidade prévia com o tema. Vamos explorar seus fundamentos, desde sua história e evolução, passando por alguns de seus tipos e diferentes métodos de aprendizado de máquina. Discutiremos como a IA está revolucionando áreas como educação, saúde e entretenimento, apresentando casos práticos e aplicações reais. ;;;
FGV 15;Desenvolvimento de Sistemas Web: CSS e HTML (curso gera declaração de finalização, não gera certificado);https://educacao-executiva.fgv.br/cursos/online/curta-media-duracao-online/desenvolvimento-de-sistemas-web-css-e-html;TI - Governo e Transformação Digital;FGV;FGV EMAp;15;;;O curso Desenvolvimento de Sistemas Web: CSS e HTML procura introduzir os conceitos essenciais para a criação de páginas web utilizando HTML e CSS.;;O curso Desenvolvimento de Sistemas Web: CSS e HTML procura introduzir os conceitos essenciais para a criação de páginas web utilizando HTML e CSS.;;;
FGV 16;SQL - Structured Query Language (curso gera declaração de finalização, não gera certificado);https://educacao-executiva.fgv.br/cursos/online/curta-media-duracao-online/sql-structured-query-language;TI - Governo e Transformação Digital;FGV;FGV EESP;24;;;O curso SQL - Structured Query Language enfatiza a importância da SQL na ciência de dados moderna, destacando sua eficiência e relevância. Além disso, o curso capacita o/a estudante para a utilização da SQL em operações de manipulação e análise de dados estruturados.;;O curso SQL - Structured Query Language enfatiza a importância da SQL na ciência de dados moderna, destacando sua eficiência e relevância. Além disso, o curso capacita o/a estudante para a utilização da SQL em operações de manipulação e análise de dados estruturados.;;;
1092;A Evolução das buscas Online ;https://www.escolavirtual.gov.br/curso/1092;TI - Governo e Transformação Digital;Enap;Microsoft;2;30;Curso Aberto;A ferramenta de busca online é uma aliada fundamental para localizarmos fontes confiáveis, relevantes e atualizadas para nossas pesquisas, estudos ou trabalhos. Além disso, proporciona recursos avançados para filtrar, ordenar e personalizar os resultados de acordo com nossas preferências e necessidades individuais. Com ela, podemos explorar uma variedade de tipos de conteúdo, incluindo imagens, vídeos, mapas, livros e muito mais. Ficou interessado? Inscreva-se!;Servidores públicos e todo cidadão interessado na temática. Curso aberto, gratuito e com certificado, qualquer pessoa pode se inscrever.;Módulo único: A Evolução das Buscas Online1 - O que é busca online?2 - Como funcionam as buscas na internet?3 - O que muda nas buscas online com recursos de IA?4 - Como fazer buscas online usando o Bing Chat5 - Dicas finais sobre buscas online;01/03/2024;;
524;Abordagem Lean aplicada à Transformação Digital na Administração Pública;https://www.escolavirtual.gov.br/curso/524;TI - Governo e Transformação Digital;Enap;Secretaria de Governo Digital;25;30;Curso Aberto;O que acha de otimizar os processos do seu ambiente de trabalho? Neste curso, você conhecerá a abordagem Lean, método que teve origem nas linhas de produção da Toyota e se transformou em uma filosofia de gestão. Você compreenderá como reduzir desperdícios e focar na melhoria contínua dos processos. Você e sua equipe terão benefícios em nível operacional, estratégico e administrativo. Inscreva-se!;Agentes públicos que atuam nos órgãos e nas entidades do Sistema de Administração dos Recursos de Tecnologia da Informação (SISP). Curso aberto, gratuito e com certificado, qualquer pessoa pode se inscrever.;"Módulo 1: Introdução à Abordagem Lean (Filosofia Lean e Frameworks de Transformação);Módulo 2: Identificando Desperdícios;Módulo 3: Utilizando Técnicas Lean (Métricas e Ferramentas);Módulo 4: Aplicando o Pensamento Lean na Administração Pública.";20/04/2022;;
259;Administração de Serviços na Nuvem de Governo;https://www.escolavirtual.gov.br/curso/259;TI - Governo e Transformação Digital;Enap;Ministério da Fazenda;30;30;Curso Aberto;Com foco na necessidade de capacitar servidores do Poder Executivo federal em atendimento ao Programa de Desenvolvimento de Capacidades para Transformação Digital no Poder Executivo Federal (Capacita Gov.br), o curso foi desenvolvido pela Enap, em parceria com a Secretaria de governo Digital do Ministério da Economia em 2019.;Gestores públicos e/ou Analistas em TI. Curso aberto, gratuito e com certificado, qualquer pessoa pode se inscrever.; Módulo I – Visão Geral de Computação em Nuvem Módulo II - Itens Básicos de Infraestrutura Módulo III - Mecanismos de Segurança da Informação em Nuvem Módulo IV - Aprisionamento Tecnológico (Lock-in) Módulo V - Gerenciando Custo ;24/10/2019;;
59;Administración de servicios gubernamentales en la nube;https://www.escolavirtual.gov.br/curso/59;TI - Governo e Transformação Digital;Enap;Ministério da Fazenda;30;30;Curso Aberto;El curso fue desarrollado por Enap, en colaboración con Ministerio de Economía en 2019. El curso se desarrolló con un enfoque en la necesidad de capacitar a funcionarios del Poder Ejecutivo Federal en cumplimiento del Programa de Desarrollo de Capacidades para la Transformación Digital en el Poder Ejecutivo Federal (Capacita Gov.br);Gerentes públicos y/o Analistas de TI. Sin embargo, el curso está abierto y cualquier persona interesada en la asignatura puede inscribirse.;Módulo I – Descripción general de la Computación en la NubeMódulo II - Elementos básicos de infraestructuraMódulo III - Mecanismos de seguridad de la información en la nubeMódulo IV - Bloqueo tecnológico (Lock-in)Módulo V – Gestión de costos;13/08/2021;;
551;Administration of Government Cloud Services;https://www.escolavirtual.gov.br/curso/551;TI - Governo e Transformação Digital;Enap;Ministério da Fazenda;30;30;Curso Aberto;The course was developed by Enap, in partnership with the Secretary of Digital Government of the Ministry of Economy in 2019. It was developed with a focus on the necessity of capacitating servants of the Federal Executive Branch in attendance to the Capacity Building Program for Digital Transformation of the Federal Executive Branch (Capacita.Gov.br).;Public managers and/or IT Analysts. However, the course is open and anyone interested in the subject can enroll.;Module 1: Cloud Computing Overview.Module 2: Basic Infrastructure Items.Module 3: Mechanisms of Cloud Information Security.Module 4: Technological Imprisonment (Lock-in).Module 5: Managing Cost;13/08/2021;;
409;Análise de riscos para contratações de TIC;https://www.escolavirtual.gov.br/curso/409;TI - Governo e Transformação Digital;Enap;Secretaria de Governo Digital;20;30;Curso Aberto;O curso apresenta os conceitos e procedimentos adequados à análise de riscos para contratações de TIC, tendo como principal base teórica a Instrução Normativa SGD/ME nº 1, de 4 de abril de 2019, que trouxe inovações ao processo de contratação de soluções de TIC no tocante ao gerenciamento de riscos, à publicidade dos processos e aos papéis dos integrantes da equipe de planejamento da contratação.;Agentes públicos que atuam ou venham a atuar na área de contratações de TIC. Curso aberto, gratuito e com certificado, qualquer pessoa pode se inscrever.;Módulo 1 – Tipos de riscos nas contratações de TICMódulo 2 – Probabilidade, impacto, nível e desafios dos riscos nas contratações de TICMódulo 3 – Mapeamento dos riscos nas contratações de TICMódulo 4 – Monitoramento e tratamento dos riscos nas contratações de TIC;04/04/2021;;
840;Aplicação do Power BI para Aprimoramento da Gestão;https://www.escolavirtual.gov.br/curso/840;TI - Governo e Transformação Digital;Enap;Enap - Escola Nacional de Administração Pública;25;30;Curso Aberto;Neste curso, você irá conhecer a metodologia Business Intelligence por meio da ferramenta Power BI, que trabalha com acesso interativo aos dados e permite realizar análises apropriadas. É importante que a ferramenta esteja disponível em seu computador para que você tenha maior aproveitamento durante seus estudos e possa praticar as ações demonstradas. Acesse o curso e saiba mais!;Agentes do setor de administração pública federal. Curso aberto, gratuito e com certificado, qualquer pessoa pode se inscrever.;"Módulo 1: Introdução ao Power BI;Módulo 2: Obtenção e Transformação dos Dados;Módulo 3: Modelagem dos Dados;Módulo 4: Cálculos no Power BI;Módulo 5: Visualização no Power BI;Módulo 6: Publicação no Power BI Online;Módulo 7: Automatização no Power BI Online.";14/12/2022;;
629;Aprendendo com Python;https://www.escolavirtual.gov.br/curso/629;TI - Governo e Transformação Digital;Enap;Columbia University;20;30;Curso Aberto;Este curso aprofunda os fundamentos da ciência da computação em termos de variáveis, condicionais, loops e funções usando a sintaxe de programação do Python. Aprenda como aplicar esta linguagem para resolver vários problemas e usar seus frameworks / bibliotecas / pacotes para diferentes contextos. Este curso também está disponível na versão inglês.;Destina-se a servidores públicos de qualquer esfera e Poder. Curso aberto, gratuito e com certificado, qualquer pessoa pode se inscrever.;Módulo 1: Variáveis, Operações, CondiçõesMódulo 2: Loops, FunçõesMódulo 3: Estruturas Básicas de DadosMódulo 4: Programação Orientada a ObjetosMódulo 5: Usos e Aplicações de Bibliotecas;15/09/2021;;
799;Arquitetura de Soluções para Transformação Digital;https://www.escolavirtual.gov.br/curso/799;TI - Governo e Transformação Digital;Enap;Secretaria de Governo Digital;25;30;Curso Aberto;A arquitetura de Soluções apoia a transformação digital a partir de controles e passos simples, utilizando o gerenciamento de projetos e a experiência profissional para acelerar o desenvolvimento de soluções. É necessário compreender a melhor maneira de aliar as necessidades da organização com a tecnologia. Que tal conhecer os benefícios que isso gera nas organizações como um todo? Vamos lá? Faça agora a sua inscrição!;Agentes públicos do Sistema de Administração dos Recursos de Tecnologia da Informação (SISP), pessoas que desejam entender Arquitetura de Soluções para Transformação Digital. Curso aberto, gratuito e com certificado, qualquer pessoa pode se inscrever.;"Módulo 1: A Arquitetura de Soluções a Serviço da Transformação Digital;Módulo 2: O que Pode Fazer a Arquitetura de Soluções;Módulo 3: As Plataformas de Serviços, Tecnologia e Equipes DevOps;Módulo 4: O Sucesso da Transformação;Módulo 5: A Arquitetura de Soluções na Prática.";19/12/2022;;
1041;Atuação do Encarregado na LGPD: A Função de Orientar;https://www.escolavirtual.gov.br/curso/1041;TI - Governo e Transformação Digital;Enap;Enap - Escola Nacional de Administração Pública;15;20;Curso Aberto;O encarregado é o profissional chave para a proteção de dados em uma organização! Aprenda a implementar a LGPD, orientar equipes e garantir a segurança das informações. Neste curso, você aprenderá as práticas essenciais para garantir a privacidade e segurança das informações, desde a gestão estratégica até a orientação de áreas-chave como TI e RH. Prepare-se para liderar a cultura de proteção de dados na sua organização!;Servidores públicos federais que necessitam conhecer a função de orientar funcionários e contratados atuantes em áreas envolvidas com o tratamento de dados pessoais, tais como Gestão de Pessoas, Tecnologia da Informação etc. Curso aberto, gratuito e com certificado, qualquer pessoa pode se inscrever.;"Módulo 1: O Papel Estratégico do Encarregado à Proteção da Privacidade;Módulo 2: Orientando sobre Gestão da Privacidade;Módulo 3: Orientando a Área de Tecnologia da Informação;Módulo 4: Orientando a Área de Gestão de Pessoas.";25/11/2024;;
368;Avaliação da qualidade de serviços como base para gestão e melhoria de serviços públicos;https://www.escolavirtual.gov.br/curso/368;TI - Governo e Transformação Digital;Enap;Ministério da Fazenda;20;30;Curso Aberto;Este curso apresenta a contextualização e os principais modelos da avaliação de qualidade de serviços que podem contribuir para a melhoria da gestão dos serviços públicos, sejam eles presenciais ou digitais. O conteúdo ainda aborda alguns dos instrumentos brasileiros de avaliação aplicados aos serviços públicos. Que saber mais? Faça sua inscrição.;Agentes públicos que atuem na gestão da melhoria de serviços públicos, especialmente aqueles digitais. Curso aberto, gratuito e com certificado, qualquer pessoa pode se inscrever.;Módulo 1 - Visão Geral sobre serviços e avaliação de serviços públicosMódulo 2 - Histórico e evolução dos modelos de avaliação de serviçoMódulo 3 - Aplicação de ferramentas de avaliação a um serviço específicoMódulo 4: Melhoria dos serviços públicos;02/12/2020;;
533;Blockchain aplicada a resolução de problemas na Administração Pública;https://www.escolavirtual.gov.br/curso/533;TI - Governo e Transformação Digital;Enap;Secretaria de Governo Digital;17;30;Curso Aberto;Imagine o espaço do seu computador, desde os arquivos até programas mais complexos, em conexão com milhares de computadores ao redor do mundo, todos pensando como um, em consenso. É dessa maneira que as tecnologias blockchain trabalham, como uma rede interconectada com o objetivo de trazer possibilidades novas para resolver problemas. Acesse o curso e conheça mais sobre como essa tecnologia funciona!;Servidores Públicos do Sistema de Administração dos Recursos de Tecnologia da Informação (SISP), pessoas que desejam entender como a blockchain pode ser utilizada na Administração Pública. Curso aberto, gratuito e com certificado, qualquer pessoa pode se inscrever.;"Módulo 1: Introdução à Blockchain;Módulo 2: Dominando os Conceitos da Blockchain;Módulo 3: A Adoção da Tecnologia Blockchain;Módulo 4: Aplicações na Administração Pública.";07/07/2022;;
946;Business Intelligence no Sistema Integrado de Planejamento e Orçamento - Siop BI;https://www.escolavirtual.gov.br/curso/946;TI - Governo e Transformação Digital;Enap;Enap - Escola Nacional de Administração Pública;30;30;Curso Aberto;O SIOP BI é um sistema da Administração Pública Federal que integra tecnologia de Business Intelligence ao Sistema Integrado de Planejamento e Orçamento - SIOP. Neste curso, você conhecerá as principais funcionalidades e procedimentos necessários para operacionalização desse sistema que possibilita a realização de consultas e extração de dados. Quer aprender sobre o assunto? Inscreva-se!;Servidores públicos e interessados na área de orçamento, finanças, planejamento ou controle governamental que desejam adquirir conhecimentos fundamentais sobre o sistema e suas funcionalidades. Curso aberto, gratuito e com certificado, qualquer pessoa pode se inscrever.;Módulo 1: Business Intelligence Noções e (BI)Módulo 2: O Sistema Integrado de Planejamento e Orçamento SIOP - BIMódulo 3: Introdução ao SIOPMódulo 4: Consultas no Extrator do SIOP BI;07/05/2024;;
509;Cadastro de informações sobre serviços no Portal Gov.br;https://www.escolavirtual.gov.br/curso/509;TI - Governo e Transformação Digital;Enap;Secretaria de Governo Digital;20;30;Curso Aberto;O curso integra o Programa de Desenvolvimento de Capacidades para Transformação Digital (capacita.gov.br) e visa o desenvolvimento de servidores para a promoção da transformação digital, contribuindo para o aumento de benefícios à sociedade por meio da expansão do acesso às informações governamentais, melhorando serviços públicos digitais e ampliando a participação social.;Servidores e colaboradores que editam conteúdo de serviços no Portal Gov.br. Curso aberto, gratuito e com certificado, qualquer pessoa pode se inscrever.;Módulo 1 – Descrevendo um serviço público de atendimentoMódulo 2 – Cadastrando um serviço público de atendimento;18/06/2021;;
1139;Colaboração com o Microsoft 365;https://www.escolavirtual.gov.br/curso/1139;TI - Governo e Transformação Digital;Enap;Microsoft;5;30;Curso Aberto;Neste curso, você conhecerá as principais ferramentas colaborativas e comucacionais do Microsoft 365 e compreenderá funcionalidades dessas ferramentas que auxiliarão no uso em ambiente de trabalho. Além disso, você aprenderá a aplicar recursos básicos e a utilizar outras ferramentas, como o SharePoint. Inscreva-se para saber mais!;Servidores públicos e todo cidadão interessado na temática. Curso aberto, gratuito e com certificado, qualquer pessoa pode se inscrever.;1. Introdução ao Microsoft Teams2. Como se comunicar no Teams3. Como colaborar usando o Teams4. Introdução ao SharePoint5. Como avançar em suas habilidades no SharePoint;29/04/2024;;
1093;Como ser mais Produtivo usando o Bing Chat;https://www.escolavirtual.gov.br/curso/1093;TI - Governo e Transformação Digital;Enap;Microsoft;2;30;Curso Aberto;O Bing Chat é uma ferramenta de comunicação que oferece recursos de mensagens instantâneas, colaboração em equipe e integração com outros aplicativos da Microsoft, como o Office 365. Este curso irá auxiliá-lo a ampliar sua produtividade e eficácia ao utilizar esta plataforma de comunicação. Ficou interessado? Inscreva-se!;Servidores públicos e todo cidadão interessado na temática. Curso aberto, gratuito e com certificado, qualquer pessoa pode se inscrever.;Módulo único: Como ser mais Produtivo usando o Bing Chat1 - Primeiros passos para melhorar sua produtividade usando o Bing Chat2 - Democratizando a IA3 - Dicas finais sobre o Bing Chat;01/03/2024;;
1232;Cómo ser más productivo usando Copilot;https://www.escolavirtual.gov.br/curso/1232;TI - Governo e Transformação Digital;Enap;Microsoft;2;10;Curso Aberto;Copilot es un asistente digital creado por Microsoft que utiliza inteligencia artificial para ayudarte en diversas tareas, desde responder preguntas hasta generar imágenes y buscar información en la web. Este curso te ayudará a aumentar tu productividad y efectividad al utilizar esta herramienta. ¿Estás interesado? ¡Inscribirse!;Servidores públicos y todos los ciudadanos interesados ??en el tema. Curso abierto, gratuito y certificado, cualquiera puede inscribirse.;1 - Primeros pasos para mejorar tu productividad usando Copilot2 - Democratizar la IA3 - Consejos finales sobre Copilot;31/10/2024;;
1130;Como Trabalhar com Computadores e Dispositivos Móveis;https://www.escolavirtual.gov.br/curso/1130;TI - Governo e Transformação Digital;Enap;Microsoft;6;30;Curso Aberto;O curso aborda os conceitos básicos de como trabalhar com dispositivos como computadores, tablets e smartphones. Usando uma linguagem livre de jargões, este curso irá desmitificar conceitos desconhecidos e ajudará a solidificar o que os alunos já sabem, além de expô-los a novas técnicas. Ficou interessado? Inscreva-se!;Servidores públicos e qualquer cidadão interessado na temática. Curso aberto, gratuito e com certificado, qualquer pessoa pode se inscrever.;Módulo único - Como Trabalhar com Computadores e Dispositivos Móveis1 - Introdução - Empregabilidade e novas habilidades digitais2 - Noções básicas sobre computadores e dispositivos3 - Como trabalhar com sistemas operacionais de desktop4 - Como trabalhar com aplicativos6 - Como manter seu computador seguro e atualizado7 - Acesso online8 - Como criar conteúdo no Microsoft Office9 - Introdução ao Word10 - Introdução ao Excel11 - Introdução ao Power Point;05/04/2024;;
1131;Como trabalhar e colaborar On-line;https://www.escolavirtual.gov.br/curso/1131;TI - Governo e Transformação Digital;Enap;Microsoft;6;30;Curso Aberto;O curso foi desenvolvido para que você adquira conhecimentos e habilidades necessárias para ter sucesso na transformação digital e proficiência no trabalho on-line, utilizando ferramentas de compartilhamento de arquivos, videochamadas edição documentos de forma colaborativa e muito mais. Ficou interessado? Inscreva-se!;Servidores públicos e todo cidadão interessado na temática. Curso aberto, gratuito e com certificado, qualquer pessoa pode se inscrever.;Módulo único - Como trabalhar e colaborar On-line1 - Importância das Habilidades Digitais2 - Sobre este curso3 - Acesso a informação Online4 - Participe online com segurança e responsabilidade5 - Como colaborar usando o Outlook6 - Colabore online usando o Word7 - Como compartilhar conteúdo com o OneDrive8 - Como usar o chat, videochamadas e mensagens de vídeo em grupo;15/04/2024;;
698;Creatividad y Nuevas Tecnologías en el Servicio Público;https://www.escolavirtual.gov.br/curso/698;TI - Governo e Transformação Digital;Enap;Enap - Escola Nacional de Administração Pública;10;30;Curso Aberto;¡Haz hermosas presentaciones gratis con Beautiful.ai! Programe, utilizando Crontabs, la visualización de pestañas específicas en el navegador. A través de videos cortos y aplicados, el profesor Tony presenta consejos sobre herramientas tecnológicas capaces de facilitar el trabajo diario y estimular la creatividad de las personas. ¡No te pierdas esta oportunidad!;El curso se desarrolló con un enfoque en servidores de la administración pública a nivel federal, estatal y municipal que estén interesados ??en consejos sobre la aplicación de tecnologías al servicio público.;Módulo 1: Presentación.Módulo 2: Consejos inteligentes de WhatsApp.Módulo 3: Más consejos de WhatsApp.Módulo 4: CrystalKnows.Módulo 5: YouCanBook.me.Módulo 6: Whereby.com.Módulo 7: Yout.com.Módulo 8: Beautiful.aiMódulo 9: Magic Mockups.Módulo 10: Crontabs.Módulo 11: OneTab.Módulo 12: Toby.Módulo 13: Lightshot.Módulo 14: Combinación de herramientas.;19/10/2021;;
542;Creativity and new Technologies at the Work Environment;https://www.escolavirtual.gov.br/curso/542;TI - Governo e Transformação Digital;Enap;Enap - Escola Nacional de Administração Pública;10;30;Curso Aberto;Make beautiful presentations for free with Beautiful.ai! Schedule, using Crontabs, the viewing of specific tabs in the browser! Through videos, shorts and press releases, Professor Tony presents tips on technological tools capable of facilitating the working day and stimulating people's creativity. Do not miss this opportunity!;The course was developed with a focus on public administration servants at the federal, state and municipal levels who are interested in tips on the application of technologies to public service. Anyone can take the course.;PresentationWhatsApp Smart TipsMore WhatsApp TipsZapp Audio SpeedCrystal KnowsYouCanBook.meAppear.inYoutBeautifil.AIMagic MockupsCrontabsOneTabTobyLightshotCombining Tools;17/06/2021;;
801;Criação de Indicadores de Desempenho para a Transformação Digital;https://www.escolavirtual.gov.br/curso/801;TI - Governo e Transformação Digital;Enap;Secretaria de Governo Digital;25;30;Curso Aberto;Dentro das organizações precisa existir fluxo saudável de produção para atingir os objetivos e resultados esperados. Para que isso aconteça existe o apoio dos indicadores que auxiliam a nortear a organização para o caminho do sucesso. Esta capacitação ensinará o processo de criação de indicadores. Se essa temática te interessa, acesse o curso e venha saber mais sobre!;Servidores Públicos do SISP. Curso aberto, gratuito e com certificado, qualquer pessoa pode se inscrever.;"Módulo 1: Os Indicadores de Desempenho;Módulo 2: O Uso de Indicadores de Desempenho no Processo de Transformação Digital;Módulo 3: O Sistema de Medição de Desempenho;Módulo 4: Como Construir Indicadores de Desempenho;Módulo 5: Indicadores de Desempenho e Métricas Ágeis;Módulo 6: O Uso de Indicadores em Estratégias de Transformação Digital.";01/03/2023;;
766;Criatividade e Novas Tecnologias para facilitar o seu dia a dia no trabalho;https://www.escolavirtual.gov.br/curso/766;TI - Governo e Transformação Digital;Enap;Enap - Escola Nacional de Administração Pública;10;30;Curso Aberto;Faça lindas apresentações de forma gratuita com o Beautiful.ai! Programe, usando o Crontabs, a visualização de abas específicas no navegador! Por meio de vídeos curtos e aplicados, o professor Tony apresenta dicas sobre ferramentas tecnológicas capazes de facilitar o dia a dia de trabalho e de estimular a criatividade das pessoas. Não perca esta oportunidade!;Agentes públicos que tenham interesse em dicas sobre a aplicação de tecnologias para facilitar o dia a dia do trabalho. Curso aberto, gratuito e com certificado, qualquer pessoa pode se inscrever.;WhatsAppCrystalKnowsYouCanBook.meWhereby.comYout.comBeautiful.aiMagic MockupsCrontabsOneTabTobyLightshotCombinações;21/03/2022;;
74074;Curso Soluções em Aplicativos – Uso do Microsoft Power Apps Básico;https://moodle.ebserh.gov.br/course/view.php?id=74074;TI - Governo e Transformação Digital;3EC ;EBSERH;40;0;Curso Aberto;Desenvolver aplicativos via software Microsoft Power Apps para a gestão automatizada de dados e informações.;Trabalhadores(as) da Rede Ebserh;Desenvolver aplicativos via software Microsoft Power Apps para a gestão automatizada de dados e informações.;;;
803;Design de Aplicativos na Transformação Digital;https://www.escolavirtual.gov.br/curso/803;TI - Governo e Transformação Digital;Enap;Secretaria de Governo Digital;25;30;Curso Aberto;A tecnologia está presente em todo lugar. Por isso, conhecer o processo de design de aplicativos é muito importante para atender às necessidades dos cidadãos. Você sabe como sua criação e desenvolvimento fazem parte da transformação digital? E que processos inovadores de design são usados para criar soluções centradas nos humanos? Inscreva-se e venha aprender mais sobre design de aplicativos!;Agentes públicos e profissionais interessados em aprender a respeito da influência dos processos de design de aplicativos para a transformação digital e como utilizar esse processo inovador na prática. Curso aberto, gratuito e com certificado, qualquer pessoa pode se inscrever.;"Módulo 1: Introdução à Transformação Digital e ao Design de Aplicativos;Módulo 2: Princípios do Design Centrado no Humano (DCH) e seus Processos;Módulo 3: Discovery: a Etapa da Pesquisa;Módulo 4: Criação e Prototipação de Aplicativos;Módulo 5: Teste de Usabilidade: a Validação das Soluções;Módulo 6: Design de Aplicativos Mobile na Prática.";22/12/2022;;
528;Design Sprint em Projetos de Transformação Digital;https://www.escolavirtual.gov.br/curso/528;TI - Governo e Transformação Digital;Enap;Secretaria de Governo Digital;25;30;Curso Aberto;Você gostaria de conhecer as abordagens utilizadas em organizações conhecidas por promover a inovação, como a Google? Neste curso você conhecerá o Design Sprint, um método desenvolvido por Jake Knapp em parceria com as empresas Google. Esse método propõe a resolução de problemas por meio do design, da prototipagem de ideias e do teste com usuários. Tudo isso com o emprego de um método ágil de apenas cinco dias!;Servidores Públicos do SISP. Curso aberto, gratuito e com certificado, qualquer pessoa pode se inscrever.;" Módulo 1: Introdução ao Design Sprint – Conceito, proposta geral e principais características; Módulo 2: Etapas do Design Sprint – As fases e suas respectivas ferramentas; Módulo 3: Pilares do Design Sprint – O “problema certo” e a aplicação eficaz do método; Módulo 4: Caso de Design Sprint na administração pública. ";24/12/2021;;
448;Design Thinking Aplicado à Educação;https://www.escolavirtual.gov.br/curso/448;TI - Governo e Transformação Digital;Enap;Enap - Escola Nacional de Administração Pública;25;30;Curso Aberto;Este curso é uma ótima oportunidade para você conhecer o papel do Design Thinking! O curso Design Thinking aplicado à educação foi desenvolvido em 2021 pela Enap, o qual tem como objetivo apresentar os conceitos, características principais, exemplos da abordagem do Design Thinking (DT), técnicas e ferramentas que poderão ser utilizadas na aplicação da abordagem do DT na educação.;Servidores públicos que atuam na concepção, no desenvolvimento, na execução e na avaliação de soluções de capacitação para desenvolvimento de competências. Curso aberto, gratuito e com certificado, qualquer pessoa pode se inscrever.;Módulo 1: O contexto do Design Thinking na educação.Módulo 2: Etapas do Design Thinking.Módulo 3: Eventos colaborativos e imersivos de inovação.;24/05/2021;;
531;Elaboração e monitoramento do PDTIC;https://www.escolavirtual.gov.br/curso/531;TI - Governo e Transformação Digital;Enap;Secretaria de Governo Digital;25;30;Curso Aberto;Você conhece o que é um Plano Diretor de Tecnologia da Informação e Comunicação (PDTIC)? Sabia que seu desenvolvimento é fundamental para a Administração Pública? Venha conhecer o processo de desenvolvimento, acompanhamento, monitoramento e avaliação de um PDTIC, que é instrumento de extrema importância para os desafios da gestão em todas as organizações existentes. Se inscreva agora e não perca essa oportunidade.;Agentes públicos e profissionais interessados em Tecnologia da Informação e Comunicação. Curso aberto, gratuito e com certificado, qualquer pessoa pode se inscrever.;"Módulo 1: Entendendo o Planejamento;Módulo 2: Papéis e Responsabilidades;Módulo 3: Processos de Elaboração do PDTIC;Módulo 4: Processos de Acompanhamento de um PDTIC.";02/08/2022;;
42;eMAG Desenvolvedor;https://www.escolavirtual.gov.br/curso/42;TI - Governo e Transformação Digital;Enap;Ministério da Fazenda;30;30;Curso Aberto;O curso é baseado no Modelo de Acessibilidade em Governo Eletrônico (e-MAG). Esse modelo norteia o desenvolvimento e a adaptação dos conteúdos digitais do governo federal para que sejam acessíveis a todas as pessoas. Nesse curso, você poderá aprender o conceito e a importância da Acessibilidade na Web, além de algumas práticas de desenvolvimento Web acessível.;Servidores públicos federais que atuem no desenvolvimento de sites. Curso aberto, gratuito e com certificado, qualquer pessoa pode se inscrever.;1 Acessibilidade na Web 1.1 Tipos de deficiências1.2 Uso de Tecnologias Assistivas 2 Diretrizes de acessibilidade 2.1 Desenvolvimento de conteúdos acessíveis na Web2.2 Avaliação de acessibilidade2.3 Apresentação de recursos e ferramentas;14/04/2015;;
410;Estudo Técnico Preliminar Avançado para Contratação de Soluções de TIC;https://www.escolavirtual.gov.br/curso/410;TI - Governo e Transformação Digital;Enap;Secretaria de Governo Digital;20;30;Curso Aberto;Este curso apresenta os principais pontos das leis e normas que tratam das contratações públicas, sobretudo, no que diz respeito ao processo de aquisição de soluções de tecnologia da informação e comunicação (TIC). Tendo como fundamento a transformação digital no serviço público, você encontrará, neste curso, orientações e exemplos que contribuem para elaboração adequada do Estudo Técnico Preliminar (ETP) na contratação de TICs. Quer saber mais? Inscreva-se.;Servidores públicos que atuam no planejamento da contratação de soluções de TIC no âmbito do Sistema de Administração dos Recursos de Tecnologia da Informação (Sisp). Curso aberto, gratuito e com certificado, qualquer pessoa pode se inscrever.;Módulo 1 – Introdução e Conceitos Básicos.Módulo 2 – Elementos do Estudo Técnico Preliminar.Módulo 3 – Estudo Técnico Preliminar na Prática.Módulo 4 – Aspectos Importantes Relativos ao Estudo Técnico Preliminar.;14/05/2021;;
371;Fiscalização e Gestão de Contratos de TIC;https://www.escolavirtual.gov.br/curso/371;TI - Governo e Transformação Digital;Enap;Ministério da Fazenda;20;30;Curso Aberto;O curso traz a qualificação técnica necessária aos servidores que atuam no processo de contratações de Tecnologia da Informação e Comunicação (TIC), estabelecido pela Instrução Normativa nº 1 de 04/04/2019, da Secretaria de Governo Digital do Ministério da Economia, abordando os motivos de gerir e fiscalizar com eficácia e efetividade os contratos de TIC, o processo de gestão e execução de contratos e o processo de gerenciamento de riscos para as contratações de TIC.;Agentes públicos que atuam na gestão e fiscalização de contratos de TIC no âmbito do Sistema de Administração dos Recursos de Tecnologia da Informação (SISP). Curso aberto, gratuito e com certificado, qualquer pessoa pode se inscrever.;"Módulo 1&nbsp;- Introdução ao Processo de Gestão e Fiscalização de contratos de TIC, início do contrato e encaminhamento de demandas Módulo 2&nbsp;- Monitoramento da Execução, modificações e encerramento contratuais&nbsp;&nbsp;Módulo 3&nbsp;- Gerenciamento de riscos das contratações de TIC";24/12/2020;;
599;ForRisco - Gestão de Riscos para IES;https://www.escolavirtual.gov.br/curso/599;TI - Governo e Transformação Digital;Enap;Escola Superior de Redes - ESR / Rede Nacional de Pesquisa - RNP;20;30;Curso Aberto;O curso possui como foco apresentar o modelo ForRisco, assim como demonstrar seu uso e benefícios para o gerenciamento de riscos nas IES. Apresenta seus princípios e conceitos, a metodologia da Administração Pública brasileira, a metodologia ForRisco e a plataforma ForRisco.;Destina-se a todos que estão ligados, direta e indiretamente aos processos de gestão de riscos e planejamento institucional. Curso aberto, gratuito e com certificado, qualquer pessoa pode se inscrever.;"Módulo 1: Princípio e conceitos;Módulo 2: Metodologias da Administração Pública brasileira;Módulo 3: A Metodologia ForRisco;Módulo 4: A plataforma ForRisco.";24/08/2021;;
1153;Fundamentos da Segurança Cibernética - Introdução ao CIS Controls;https://www.escolavirtual.gov.br/curso/1153;TI - Governo e Transformação Digital;Enap;Secretaria de Governo Digital;25;30;Curso Aberto;Conheça os principais fundamentos sobre privacidade e segurança cibernética e obtenha uma visão introdutória sobre os dezoito controles do CIS, um conjunto de boas práticas fundamentadas em ataques e defesas reais. Essa iniciativa faz parte do Programa de Privacidade de Segurança da Informação (PPSI), por meio do Centro de Excelência em Segurança da Informação (CEPS GOV.BR). Inscreva-se!;Gestores públicos e servidores técnicos que atuam em atividades que envolvam privacidade, segurança da informação, segurança cibernética, tecnologia da informação e comunicações, bem como, interessados no tema. Curso aberto, gratuito e com certificado, qualquer pessoa pode se inscrever.;Módulo 1 – FundamentosMódulo 2 - Fundamentação e estruturação dos controlesMódulo 3 - Gestão de Segurança da InformaçãoMódulo 4 - Frameworks de SegurançaMódulo 5 - Visão Geral do CIS Controls;17/06/2024;;
518;Fundamentos da transformação digital: mapeamento e automação de processos;https://www.escolavirtual.gov.br/curso/518;TI - Governo e Transformação Digital;Enap;Secretaria de Governo Digital;20;30;Curso Aberto;Este curso aborda em seu conteúdo os princípios da gestão de negócios e os fundamentos da gestão de processos com foco na melhoria de processos e na transformação digital. Além disso, você conhecerá como mapear processos aplicando a Business Process Model and Notation (BPMN) e quais são as ferramentas mais utilizadas para realizar o design da automação de processos. O curso atende ao Programa de Desenvolvimento de Capacidades para Transformação Digital no Poder Executivo federal. Quer saber mais? Inscreva-se.;Gestores, analistas em TI, analistas de processos, gerentes de projetos, gerentes de tecnologia, arquiteto de sistemas ou servidores públicos que atuam na área de gestão de processos. Curso aberto, gratuito e com certificado, qualquer pessoa pode se inscrever.;"Módulo 1: Os fundamentos da gestão de processos com foco na transformação digital;Módulo 2: Mapeamento de processos e design de automação.";07/06/2021;;
1305;Fundamentos da Visão Computacional - IA do Azure;https://www.escolavirtual.gov.br/curso/1305;TI - Governo e Transformação Digital;Enap;Microsoft;5;10;Curso Aberto;Este curso oferece conceitos e fundamentos da Visão Computacional, que é uma área da IA onde os sistemas de software são projetados para perceber o mundo visualmente, por meio de câmeras, imagens e vídeos. Ficou interessado? Inscreva-se!;Qualquer cidadão interessado na temática. O curso é aberto, gratuito e oferece certificado.;Módulo 1 - Fundamentos da Visão ComputacionalMódulo 2 - Conceitos básicos do reconhecimento facialMódulo 3 - Princípios básicos do Reconhecimento Óptico de Caracteres;23/12/2024;;
916;Fundamentos de Segurança da Informação na Transformação Digital;https://www.escolavirtual.gov.br/curso/916;TI - Governo e Transformação Digital;Enap;Secretaria de Governo Digital;25;30;Curso Aberto;Hoje, órgãos públicos estão passando por uma profunda transformação digital e a Segurança da Informação é muito importante nesse processo. Você conhece os impactos que elas trazem à administração? Sabia que existem ferramentas que você pode utilizar no planejamento dessas inovações? Inscreva-se e venha conhecer aspectos como privacidade, prevenção de riscos, tratamento de incidentes e funcionamento da Segurança Digital de forma transformadora. Vamos lá?;Agentes públicos e profissionais interessados em segurança da informação, a fim de compreender as medidas de segurança técnicas e administrativas no contexto da transformação digital da administração. Curso aberto, gratuito e com certificado, qualquer pessoa pode se inscrever.;"Módulo 1: Contextualizando Segurança da Informação na Transformação Digital;Módulo 2: A Privacidade e Segurança na Transformação Digital;Módulo 3: Prevenindo Riscos Sistêmicos;Módulo 4: Tratamento de Incidentes;Módulo 5: Panorama da Segurança Digital no Futuro da Administração Pública;Módulo 6: Segurança da Informação na Prática: Casos Reais na Administração Pública.";08/03/2023;;
807;Gamificação aplicada à Transformação Digital na Administração Pública;https://www.escolavirtual.gov.br/curso/807;TI - Governo e Transformação Digital;Enap;Secretaria de Governo Digital;25;30;Curso Aberto;Que tal usar toda potencialidade que a gamificação pode oferecer? Melhorar o desempenho dos membros da equipe, engajar consumidores no uso de seus produtos e treinar novas habilidades? Se você deseja conhecer estas informações sobre como fazer isso e muito mais, desmistificando os principais conceitos associados ao tema, faça já sua inscrição neste curso! Venha ser EV.G!;Agentes públicos que atuam nos órgãos e entidades do Sistema de Administração dos Recursos de Tecnologia da Informação (SISP). Curso aberto, gratuito e com certificado, qualquer pessoa pode se inscrever.;"Módulo 1: Conceitos Fundamentais de Gamificação;Módulo 2: Motivação e Engajamento na Gamificação;Módulo 3: Elementos da Gamificação;Módulo 4: Elementos para Modelagem de um Ambiente Gamificado;Módulo 5: Caso Prático de Aplicação da Gamificação em Serviços Públicos.";25/11/2022;;
808;Gerenciamento de Continuidade de Negócios na Administração Pública;https://www.escolavirtual.gov.br/curso/808;TI - Governo e Transformação Digital;Enap;Secretaria de Governo Digital;25;30;Curso Aberto;A gestão de crises é um conjunto de práticas que têm como objetivo lidar com problemas inesperados, internos ou externos, que podem causar prejuízos estratégicos, financeiros e operacionais, além de danos à imagem e reputação de uma organização, seja ela pública ou privada. Se você deseja conhecer essas e outras informações imprescindíveis sobre a gestão de crises, faça já sua inscrição neste curso! Venha ser EV.G!;Agentes públicos que atuam nos órgãos e entidades do Sistema de Administração dos Recursos de Tecnologia da Informação (SISP). Curso aberto, gratuito e com certificado, qualquer pessoa pode se inscrever.;"Módulo 1: Por que estudar Gestão de Crises e Continuidade de Negócios?;Módulo 2: O Processo de Gerenciamento de Emergências e Crises;Módulo 3: Como fazer um Plano de Continuidade de Negócios?;Módulo 4: Avaliando a Maturidade da Gestão de Continuidade de Negócios;Módulo 5: O Gerenciamento de Continuidade de Negócios na Transformação Digital da Administração Pública.";13/12/2022;;
809;Gerenciamento de Portfólio de Projetos de Transformação Digital;https://www.escolavirtual.gov.br/curso/809;TI - Governo e Transformação Digital;Enap;Secretaria de Governo Digital;25;30;Curso Aberto;Que tal ter a experiência de aprender novas ferramentas e assimilar conceitos e técnicas essenciais para ajudar você a organizar e alcançar resultados em projetos de transformação digital que estejam em andamento no seu ambiente de trabalho? Então, matricule-se neste curso e faça parte da transformação digital você também!;Agentes públicos que atuam nos órgãos e entidades do Sistema de Administração dos Recursos de Tecnologia da Informação (SISP). Curso aberto, gratuito e com certificado, qualquer pessoa pode se inscrever.;"Módulo 1: O que é o Gerenciamento de Portfólio de Projetos;Módulo 2: Aplicando a Gestão de Portfólio nos Contextos de Transformação Digital;Módulo 3: O Kit de Ferramentas para o Gerenciamento de um Portfólio de Transformação Digital;Módulo 4: Estudo de Casos de Gestão de Portfólio de Transformação Digital.";05/04/2023;;
535;Gerenciamento de serviços de TIC focado na Administração Pública;https://www.escolavirtual.gov.br/curso/535;TI - Governo e Transformação Digital;Enap;Secretaria de Governo Digital;25;30;Curso Aberto;A tecnologia se encontra em todos os contextos e por isso surge a necessidade de novos conhecimentos dos recursos tecnológicos como um todo, especialmente na administração pública. Você conhece o gerenciamento de serviços de TI? Se inscreva e venha conhecer a Integração das dimensões para o gerenciamento de serviços, que vai além de informações tecnológicas e é muito importante para o gerenciamento de sistema de valor, cadeia de valor, governança e melhoria contínua.;Agentes públicos, especialmente aqueles que são interessados na utilização dos recursos tecnológicos como estratégias na Administração Pública. Curso aberto, gratuito e com certificado, qualquer pessoa pode se inscrever.;"Módulo 1: Desenvolvendo uma Visão Sobre Gerenciamento de Serviços;Módulo 2: Gerando Valor Público Mediante Serviços;Módulo 3: Dimensionando a Organização para o Gerenciamento de Serviços;Módulo 4: Estruturando o Sistema de Valor de Governança e de Melhoria Contínua em Serviços;Módulo 5: Identificando Boas Práticas de Gerenciamento de Serviços na Administração Pública.";04/08/2022;;
1160;Gerenciar Dados com o Microsoft 365;https://www.escolavirtual.gov.br/curso/1160;TI - Governo e Transformação Digital;Enap;Microsoft;4;30;Curso Aberto;Aprender a gerenciar dados usando o Microsoft 365 é uma habilidade essencial que permitirá que os alunos assumam qualquer projeto com confiança. Este curso mostrará aos alunos como coletar, organizar e distribuir dados usando ferramentas de dados, incluindo Forms, Power Automate, Excel e Power BI. Ficou interessado? Inscreva-se!;Servidores públicos e todo cidadão interessado na temática. Curso aberto, gratuito e com certificado, qualquer pessoa pode se inscrever.;Introdução ao FormsComo desenvolver processos com o Power AutomateComo analisar dados no ExcelComo utilizar o Power BI Desktop;03/06/2024;;
1162;Gerenciar Projetos com o Microsoft 365;https://www.escolavirtual.gov.br/curso/1162;TI - Governo e Transformação Digital;Enap;Microsoft;4;30;Curso Aberto;O gerenciamento de projetos pode ser complicado, mas há diversas ferramentas disponíveis no Microsoft 365 que podem auxiliar na melhoria de eficiência e no gerenciamento de parcerias com as partes interessadas. Após este curso, os alunos terão condições de gerenciar seus projetos usando as ferramentas de forma mais eficaz.;Servidores públicos e todo cidadão interessado na temática. Curso aberto, gratuito e com certificado, qualquer pessoa pode se inscrever.;Módulo único - Gerenciar Projetos com o Microsoft 365Introdução ao ListsComo usar o Microsoft PlannerComo se manter organizado com o Microsoft Project;10/06/2024;;
103;Gestão da Estratégia com BSC - Fundamentos;https://www.escolavirtual.gov.br/curso/103;TI - Governo e Transformação Digital;Enap;Controladoria Geral da União;20;30;Curso Aberto;Esse curso é uma boa oportunidade para conhecer alguns elementos teórico-conceituais e instrumentais de planejamento estratégico e de gestão. A compreensão e a utilização de conhecimentos relacionados ao planejamento estratégico e ao método Balanced Scorecard (BSC) possibilitam a atuação em ambientes dinâmicos que exigem percepção de contexto e proatividade.;Agentes públicos federais, municipais e estaduais que que tenham atuação na área de planejamento organizacional nos Poderes Executivo, Legislativo e Judiciário. Curso aberto, gratuito e com certificado, qualquer pessoa pode se inscrever.;1 Planejamento estratégico 1.1 Conceito e evolução nas organizações1.2 Planejamento em contexto de mudanças1.3 Fundamentos do planejamento estratégico1.4 Gestão estratégica como princípio1.5 Etapas do planejamento estratégico1.6 Plano estratégico 2 Balance Scorecard (BSC) 2.1 Método2.2 Perspectivas de desempenho2.3 Benefícios e potencialidades 3 Gestão do Plano 3.1 Comitê de Gestão Estratégica3.2 Monitoramento do Plano3.3 Avaliação e atualização do Plano;06/05/2014;;
1263;Governo Data-Driven: transformação orientada por dados em governos;https://www.escolavirtual.gov.br/curso/1263;TI - Governo e Transformação Digital;Enap;Enap - Escola Nacional de Administração Pública;4;30;Curso Aberto;Prepare-se para transformar o futuro do setor público! Neste curso, você vai explorar como dados podem revolucionar a gestão pública. Entenda os desafios da infraestrutura, da tomada de decisões informadas por dados e da governança tecnológica, e descubra o caminho para um governo ágil e adaptável. Não perca essa chance, inscreva-se!;Servidores públicos de qualquer esfera e poder. Curso aberto, gratuito e com certificado, qualquer pessoa pode se inscrever.;Módulo 1 - Rumo a um governo transformacional orientado por dadosMódulo 2 - Infraestrutura orientada por dadosMódulo 3 - Tomada de decisão orientada por dadosMódulo 4 - Governança tecnológicaMódulo 5 - Transformação rumo a um governo ágil e adaptável;17/10/2024;;
1333;Informação de Documentos e Mineração de Conhecimentos;https://www.escolavirtual.gov.br/curso/1333;TI - Governo e Transformação Digital;Enap;Microsoft;4;10;Curso Aberto;Explore como extrair informações de vários tipos de documentos usando a IA do Azure, uma solução para obter as informações de um documento sem ter que digitá-las, e como criar uma busca que nos retorne dados com a maior precisão possível por meio da mineração do conhecimento. Ficou interessado? Inscreva-se!;Servidores públicos e todo cidadão interessado na temática. Curso aberto, gratuito e com certificado, qualquer pessoa pode se inscrever.;Módulo 1: OCR - Extração de informação de documentosMódulo 2: Pesquisa e Mineração de dados;24/02/2025;;
679;Introdução à Gestão de Processos;https://www.escolavirtual.gov.br/curso/679;TI - Governo e Transformação Digital;Enap;Enap - Escola Nacional de Administração Pública;25;30;Curso Aberto;Já parou para pensar sobre os elementos básicos que compõem um processo? Conhece as similaridades e diferenças de metodologias utilizadas na gestão de processos? Esta é uma ótima oportunidade para se capacitar e entender na prática como identificar os níveis de hierarquia de um processo dentro de uma instituição. Que tal aprender a reconhecer as ferramentas que subsidiam o mapeamento de processos?;Agentes públicos, principalmente, do Poder Executivo. Curso aberto, qualquer pessoa pode se inscrever.;"Módulo 1: Visão Geral;Módulo 2: Gestão de Processos;Módulo 3: Ferramentas de Qualidade.";20/03/2022;;
338;Learning with Python;https://www.escolavirtual.gov.br/curso/338;TI - Governo e Transformação Digital;Enap;Enap - Escola Nacional de Administração Pública;20;30;Curso Aberto;This course dives into the basics of computer science in terms of variables, conditionals, loops, and functions using the programming syntax of Python. Learn how to apply this language to solve various problems and use its frameworks/libraries/packages for different contexts. Click here for a short tutorial that aims to facilitate access to the course for non-Portuguese speaking users.;Brazilian Civil servants. However, the course is open to all and anyone interested in the subject can enroll.;Module 1 - Variables, Operations, ConditionsModule 2 - Loops, FunctionsModule 3 - Basic Data StructuresModule 4 - Object-Oriented ProgrammingModule 5 - Uses and Applications of Libraries;21/09/2020;;
811;Metodologia Cost Model aplicada à Administração Pública;https://www.escolavirtual.gov.br/curso/811;TI - Governo e Transformação Digital;Enap;Secretaria de Governo Digital;25;30;Curso Aberto;Este curso propõe estudos sobre custos de serviços e produtos por meio de Processos de Transformação Digital. Você conhecerá como é feita a identificação de Centro de Custos na Administração Pública, verá os tipos e diferenças entre os referentes aos usuários e os órgãos públicos ofertantes, bem como a construção de indicadores para modelos de custeamento através de cases de sucesso.;Agentes públicos da Administração Pública. Curso aberto, gratuito e com certificado, qualquer pessoa pode se inscrever.;"Módulo 1: Metodologia Cost Model Aplicada à Administração Pública;Módulo 2: Identificação de Custos na Administração Pública;Módulo 3: Mensuração de Investimentos para Administração Pública.";08/12/2022;;
252;Mundo Conectado – Manual de Sobrevivência;https://www.escolavirtual.gov.br/curso/252;TI - Governo e Transformação Digital;Enap;Tribunal de Contas da União;10;30;Curso Aberto;Desenvolvido com foco na necessidade de conhecer tipo de conexão entre ferramentas, mecanismos de informação e recursos tecnológicos que são parte do cotidiano no âmbito pessoal e profissional. Traz dicas de boas práticas de segurança contra crimes virtuais, com medidas de prevenção a incidentes de segurança da informação, tanto em casa como no ambiente de trabalho.;Agentes públicos de qualquer esfera e Poder. Curso aberto, gratuito e com certificado, qualquer pessoa pode se inscrever.;"Desafios do mundo conectado em relação à segurança da informação;Razões e consequências por trás do SPAM;Medidas eficazes para evitar o aumento do SPAM por e-mails e SMS;Redução de quantidade de SPAMs que chega por e-mail na sua caixa institucional; Evitar ser um emissor de SPAM;Conceituar phishing;Identificar casos de phishing;Importância do tema e as abordagens dos golpistas; Dicas práticas para não cair em golpes de phishing no seu dia a dia;Compreender o conceito de engenharia social e suas consequências;A importância de sua atitude na proteção de informações;Exemplos de táticas utilizadas por engenheiros socais;Dicas gerais para se proteger desses ataques; A importância de se elaborar boas senhas;Exemplificar erros na elaboração de senhas;Criação de senhas seguras;A importância das redes sociais nos relacionamentos;Identificar os comportamentos indesejados nas redes sociais;Algumas dicas no uso das suas redes sociais;Riscos no uso dos seus dispositivos móveis;Precauções ao utilizar seus dispositivos móveis;Riscos nas compras pela internet;Dicas de prevenção ao realizar compras pela internet;Direitos como consumidor;Executar procedimentos adequados caso tenha caído em um golpe;A importância de fazer cópias de segurança;Formas de proteção de dados;Os cuidados a serem tomados no backup;";04/10/2019;;
293;Noções Básicas do Trabalho Remoto;https://www.escolavirtual.gov.br/curso/293;TI - Governo e Transformação Digital;Enap;Endeavor;10;30;Curso Aberto;"O trabalho remoto já é uma realidade, pensando nisso, a Enap e a Endeavor prepararam este curso para apresentar diversas estratégias e dicas que facilitam o seu dia a dia, a organização do trabalho individual e em equipe. Quer saber mais? Você pode ser inscrever neste curso gratuito e aberto na EVG, assistir o vídeo do GNPapo promovido pelo laboratório de inovação da Enap, disponível em ""Conteúdo Relacionado"".";Agentes públicos que atuam na gestão de equipes e interessados no tema. Curso aberto, gratuito e com certificado, qualquer pessoa pode se inscrever.;" Módulo 1 - Trabalho remoto: organização da equipe e criação de plano de ação; Módulo 2 - Condições para o trabalho remoto; Módulo 3 - Como trabalhar em casa; ";31/03/2020;;
367;Novas Tecnologias para a Transformação Digital;https://www.escolavirtual.gov.br/curso/367;TI - Governo e Transformação Digital;Enap;Secretaria de Governo Digital;30;30;Curso Aberto;O curso apresenta de forma simples termos como Transformação Digital, IoT, Blockchain e outros, trazendo exemplos para facilitar o entendimento de conceitos tão importantes para os dias atuais e contribuir no processo de Transformação Digital. Se interessou? Se inscreva e contribua para a Transformação Digital do Administração Pública.;Agentes públicos, em especial, analistas em TI, gestores e técnicos que atuam em atividades relacionada à TI e na promoção da Transformação Digital. Curso aberto, qualquer pessoa pode se inscrever;Módulo 1 – Pilares das Tecnologias DisruptivasMódulo 2 – Inteligência ArtificialMódulo 3 – Internet das Coisas - IoTMódulo 4 – BlockchainMódulo 5 – Computação em Nuvem - Cloud Computing;01/01/2021;;
366;O papel do DevOps na Transformação Digital dos Serviços Públicos;https://www.escolavirtual.gov.br/curso/366;TI - Governo e Transformação Digital;Enap;Ministério da Fazenda;20;30;Curso Aberto;Desenvolvido em 2020 pela Enap em parceria com a Secretaria de Governo Digital do Ministério da Economia, este curso fornecerá informações gerais sobre o que é a metodologia DevOps, como integrar serviços de software a infraestrutura de TI fomentando entregas rápidas e com qualidade, por meio da comunicação digital, a fim de alavancar a Transformação Digital dos serviços públicos. Quer saber mais? Se inscreva.;Agentes públicos da área de desenvolvimento de sistema e infraestrutura de Tecnologia da Informação (TI). Curso aberto, gratuito e com certificado, qualquer pessoa pode se inscrever.;Módulo 1 – DevOpsMódulo 2 – Planejamento e requisitos de um ambiente DevOpsMódulo 3 – Implantação e Ferramentas utilizadas no DevOps;29/12/2020;;
523;OKR Aplicado à Transformação Digital;https://www.escolavirtual.gov.br/curso/523;TI - Governo e Transformação Digital;Enap;Secretaria de Governo Digital;25;30;Curso Aberto;Que tal ter a oportunidade de conhecer como funciona a implementação e uso da metodologia OKR no processo de transformação digital, nas organizações públicas e privadas? Se você é um entusiasta dos serviços públicos digitais, embarque conosco para conhecer as novidades abordadas aqui e que vão transformar seus processos e modelos operacionais frente à digitalização, que é um movimento sem volta.;Servidores públicos que atuam nos órgãos e entidades que utilizam o Sistema de Administração dos Recursos de Tecnologia da Informação (SISP). Curso aberto, gratuito e com certificado, qualquer pessoa pode se inscrever.;"Módulo 1: Cultura e Agilidade Organizacional;Módulo 2: Medição do Desempenho Organizacional com Métricas Ágeis;Módulo 3: A Metodologia OKR;Módulo 4: OKR na Prática;Módulo 5: Metodologia OKR Aplicada à Transformação Digital no Governo.";02/05/2023;;
1156;Otimização de trabalho com o Microsoft 365;https://www.escolavirtual.gov.br/curso/1156;TI - Governo e Transformação Digital;Enap;Microsoft;5;30;Curso Aberto;Conhecer o básico é ótimo, mas saber como adaptar os produtos do Microsoft 365 às suas necessidades específicas do dia a dia é ainda melhor. Neste curso, os alunos obterão o conhecimento necessário para utilizar diversos produtos do Microsoft 365, para que se comuniquem com mais eficiência, engajem seu público e se mantenham organizados.;Servidores públicos e todo cidadão interessado na temática. Curso aberto, gratuito e com certificado, qualquer pessoa pode se inscrever.;Como personalizar seu OutlookComo estruturar suas anotações com o OneNoteComo criar apresentações avançadasComo criar um documento avançadoComo coordenar com o TeamsMala Direta;03/06/2024;;
343;Planejamento da Contratação de Soluções de TIC;https://www.escolavirtual.gov.br/curso/343;TI - Governo e Transformação Digital;Enap;Ministério da Fazenda;20;30;Curso Aberto;O curso abordará a importância do processo de contratação de soluções de TIC no contexto público, bem como o processo de contratação de TIC do Sistema de Administração dos Recursos de Tecnologia da Informação (SISP) do Poder Executivo Federal, refletindo sobre os gastos, as necessidades de serviços e a obrigatoriedade de planejar ações mais eficientes para o bom andamento das atividades públicas.;Gestores e técnicos que atuam no planejamento da contratação de soluções de TIC no âmbito do Sistema de Administração dos Recursos de Tecnologia da Informação (SISP). Curso aberto, gratuito e com certificado, qualquer pessoa pode se inscrever.;Módulo 1 - Conceitos Básicos sobre Contratação de TICMódulo 2 - Planejamento da Contratação de TICMódulo 3 - Gerenciamento de riscos das contratações de TICMódulo 4 - Aspectos importantes do PCTIC e Fase de Seleção do Fornecedor;16/10/2020;;
247;Portal Gov.Br;https://www.escolavirtual.gov.br/curso/247;TI - Governo e Transformação Digital;Enap;Ministério da Fazenda;15;30;Curso Aberto;O curso Portal Gov.Br apresenta o processo de migração dos sites governamentais federais para o gov.br, abordando a base legal, a plataforma tecnológica disponibilizada e os critérios básicos para produção e publicação de conteúdos.;Assessores de comunicação social e profissionais de tecnologia da informação. Curso aberto, gratuito e com certificado, qualquer pessoa pode se inscrever.;Módulo 1 - Processo de MigraçãoMódulo 2 - Publicação de ConteúdoMódulo 3 - Site Institucional;23/10/2019;;
1138;Primeiros passos com o Microsoft 365;https://www.escolavirtual.gov.br/curso/1138;TI - Governo e Transformação Digital;Enap;Microsoft;5;30;Curso Aberto;Neste curso, você conhecerá as principais ferramentas para edição de textos, planilhas e apresentaçoes do Microsoft 365 e compreenderá funcionalidades dessas ferramentas que auxiliarão no uso em ambiente de trabalho. Além disso, você aprenderá a aplicar recursos básicos e a utilizar outras ferramentas, como o OneNote e o Outlook. Inscreva-se para saber mais!;Servidores públicos e todo cidadão interessado na temática. Curso aberto, gratuito e com certificado, qualquer pessoa pode se inscrever.;Como criar um documento no WordComo criar uma planilha do ExcelIntrodução ao OneNoteComo se conectar usando o OutlookComo criar uma apresentação do PowerPoint;29/04/2024;;
1328;Processamento de Linguagem Natural;https://www.escolavirtual.gov.br/curso/1328;TI - Governo e Transformação Digital;Enap;Microsoft;4;10;Curso Aberto;Descubra como o Processamento de Linguagem Natural transforma a interação com aplicativos, permitindo que compreendam os usuários. Aprenda a usar ferramentas do Microsoft Azure, como análise de texto, tradução e reconhecimento de voz, para criar soluções avançadas com suporte a linguagens naturais. Inscreva-se agora e inicie sua jornada!;Curso aberto, qualquer pessoa pode se inscrever.;Módulo 1 - Análise de textoMódulo 2 - Reconhecimento de fala e sintetização de vozMódulo 3 - Automação de dispositivos inteligentes com texto;13/01/2025;;
553;Projeto de interface para Serviços Digitais;https://www.escolavirtual.gov.br/curso/553;TI - Governo e Transformação Digital;Enap;Secretaria de Governo Digital;20;30;Curso Aberto;Este curso integra o Programa de Transformação Digital do governo federal e trata dos princípios do design e de avaliação de interfaces de serviços digitais, além disso, aborda os principais problemas decorrentes e as limitações dos usuários. Quer saber mais sobre esse assunto? Inscreva-se!;Servidores públicos federais que atuam como profissionais de TIC, analistas e gestores públicos de negócio, profissionais da área jurídica e altos executivos. Curso aberto, gratuito e com certificado, qualquer pessoa pode se inscrever.;Módulo 1 – O contexto do projeto de interfaces.Módulo 2 – Limitações e usuários de interface.Módulo 3 – Princípios do design de interface.Módulo 4 – Avaliação de interface de serviços digitais.Módulo 5 – Boas práticas na comunicação de interfaces.;02/07/2021;;
395;Scrum no Contexto do Serviço Público;https://www.escolavirtual.gov.br/curso/395;TI - Governo e Transformação Digital;Enap;Secretaria de Governo Digital;15;30;Curso Aberto;A partir da compreensão de que o cenário brasileiro e as tendências em outros países apontam para o permanente aprimoramento do uso que se faz das novas tecnologias para a resolução de problemas concretos que melhorem a vida do cidadão, o curso se propõe a preparar servidores públicos para a aplicação do framework do Scrum no gerenciamento de projetos e na execução de ações públicas.;Agentes públicos que ocupam cargo de gestão. Curso aberto, gratuito e com certificado, qualquer pessoa pode se inscrever.;Módulo 1: Scrum: o que é e para que serve?Módulo 2: Os papéis na equipe do ScrumMódulo 3: O fluxo do ScrumMódulo 4: Aplicando o Scrum na Administração Pública;02/04/2021;;
1073;Segurança Cibernética: Controles 1 a 6 do CIS Controls;https://www.escolavirtual.gov.br/curso/1073;TI - Governo e Transformação Digital;Enap;Secretaria de Governo Digital;25;30;Curso Aberto;Diante dos desafios constantes em segurança cibernética, é vital para organizações adotarem estratégias eficazes. Este curso foca nos seis primeiros controles do CIS (Center for Internet Security), referência global em práticas defensivas, fornecendo insights e práticas consolidadas para prevenir ataques e garantir a confiabilidade da segurança cibernética em sua operação. Mantenha-se à frente das ameaças e fortaleça sua defesa online. Inscreva-se!;Gestores públicos e servidores técnicos que atuam em atividades que envolvam privacidade, segurança da informação, segurança cibernética, tecnologia da informação e comunicações, bem como, interessados no tema. Curso aberto, gratuito e com certificado, qualquer pessoa pode se inscrever.;"? Módulo 1: Inventário e Controle de Ativos Corporativos e de Software: Controles 1 e 2;? Módulo 2: Proteção de Dados e Configuração Segura de Ativos Corporativos e Software: Controle 3 e 4;? Módulo 3: Gestão de Contas e de Controle de Acesso: Controles 5 e 6. ";17/06/2024;;
1154;Segurança Cibernética: Controles 13 a 18 do CIS Controls;https://www.escolavirtual.gov.br/curso/1154;TI - Governo e Transformação Digital;Enap;Secretaria de Governo Digital;25;30;Curso Aberto;Este curso oferece estratégias práticas para proteger proativamente seus ativos mais críticos. Eleve a resiliência da sua infraestrutura digital e esteja preparado para enfrentar e mitigar as ameaças cibernéticas mais complexas. Essa iniciativa faz parte do Programa de Privacidade de Segurança da Informação (PPSI), por meio do Centro de Excelência em Segurança da Informação (CEPS GOV.BR).;Gestores públicos e servidores técnicos que atuam em atividades que envolvam privacidade, segurança da informação, segurança cibernética, tecnologia da informação e comunicações, bem como, interessados no tema. Curso aberto, gratuito e com certificado, qualquer pessoa pode se inscrever.;"Módulo 1: Defesa da rede e conscientização sobre segurança: Controles 13 e 14;Módulo 2: Gestão de Provedor de Serviços e Segurança de Aplicações: Controles 15 e 16;Módulo 3: Resposta a Incidentes e Testes de Invasão: Controles 17 e 18.";17/06/2024;;
1132;Segurança Cibernética: Controles 7 a 12 do CIS Controls;https://www.escolavirtual.gov.br/curso/1132;TI - Governo e Transformação Digital;Enap;Secretaria de Governo Digital;25;30;Curso Aberto;Prepare-se para mitigar riscos, detectar vulnerabilidades e responder a incidentes de segurança cibernética, fortalecendo sua infraestrutura digital e mantendo sua organização protegida contra ameaças emergentes. Essa iniciativa faz parte do Programa de Privacidade de Segurança da Informação (PPSI), por meio do Centro de Excelência em Segurança da Informação (CEPS GOV.BR).;Gestores públicos e servidores técnicos que atuam em atividades que envolvam privacidade, segurança da informação, segurança cibernética, tecnologia da informação e comunicações, bem como, interessados no tema. Curso aberto, gratuito e com certificado, qualquer pessoa pode se inscrever.;"Módulo 1: Gestão de Vulnerabilidades e de Registros de Auditoria: Controles 7 e 8;Módulo 2: Protegendo Contra Ameaças de Internet: Controles 9 e 10;Módulo 3: Recuperação de Dados e Gestão da Infraestrutura de Rede: Controles 11 e 12.";19/06/2024;;
378;Segurança da Informação no contexto da transformação digital;https://www.escolavirtual.gov.br/curso/378;TI - Governo e Transformação Digital;Enap;Secretaria de Governo Digital;20;30;Curso Aberto;O curso foi desenvolvido pela Enap em parceria com o Ministério da Economia SGD/ME e integra o Programa Transformação Digital Capacita.gov.br, atendendo ao Programa de Desenvolvimento de Capacidades para Transformação Digital no Poder Executivo federal, órgãos e entidades estaduais, distritais e municipais participantes da Rede Nacional de Governo Digital, denominada como rede.gov.br.;Gestores e/ou Analistas em TI ou servidores públicos. Curso aberto, qualquer pessoa pode se inscrever;"Módulo 1: Segurança da Informação e a Transformação Digital;Módulo 2: Política de Segurança da Informação;Módulo 3: Segurança de Dados;Módulo 4: Gestão de Riscos.";02/04/2021;;
1256;Segurança da Informação para Todos;https://www.escolavirtual.gov.br/curso/1256;TI - Governo e Transformação Digital;Enap;Secretaria de Governo Digital e Escola Superior de Redes/RNP;24;30;Curso Aberto;Diante dos golpes virtuais, de que modo você tem cuidado de sua privacidade? Como você pode apoiar a melhoria da segurança da organização onde trabalha? Este curso pretende, por meio de uma linguagem clara e intuitiva, ilustrar situações do cotidiano para que você compreenda os conceitos básicos de segurança da informação e privacidade, a forma como ocorrem os golpes e como se proteger deles.;Servidores públicos e todo cidadão interessado na temática. Curso aberto, gratuito e com certificado, qualquer pessoa pode se inscrever.;Módulo 1 - Privacidade, proteção e segurança da informaçãoMódulo 2 - O que são códigos maliciosos e como se protegerMódulo 3 - Blindando meus dispositivosMódulo 4 - Como cuidar dos dados pessoais e corporativosMódulo 5 - Meus dados, minha vida digitalMódulo 6 - Trabalho remoto: como trabalhar digitalmente;29/10/2024;;
1013;Serviços no Portal Gov.br: Conceitos e Gestão de Cadastros;https://www.escolavirtual.gov.br/curso/1013;TI - Governo e Transformação Digital;Enap;Secretaria de Governo Digital;25;30;Curso Aberto;Você já deve ter usado algum serviço disponível no Portal Gov.br, mas já parou para pensar em como esses serviços foram reunidos nesse local? A quais parâmetros legais tiveram de obedecer e quais critérios de qualidade estão envolvidos na sua prestação? Neste curso, você conhecerá os fundamentos, os conceitos e normativos relativos à prestação de serviços públicos no Portal Gov.br e compreenderá os procedimentos para realizar e gerenciar o cadastro de serviços do referido portal. Inscreva-se!;Servidores responsáveis pela gestão de serviços públicos digitais. Curso aberto, gratuito e com certificado, qualquer pessoa pode se inscrever.;"Módulo 1: Aspectos Gerais da Transformação Digital no Brasil;Módulo 2: A Carta de Serviços na Administração Pública Federal;Módulo 3: Os Serviços no Portal Gov.br;Módulo 4: A Gestão da Carta de Serviços ao Usuário;Módulo 5: O Controle de Qualidade do Serviço Prestado";07/11/2023;;
812;Soft Skills na Transformação Digital;https://www.escolavirtual.gov.br/curso/812;TI - Governo e Transformação Digital;Enap;Secretaria de Governo Digital;25;30;Curso Aberto;Hoje, o desenvolvimento do comportamento humano é muito importante para as pessoas. Saber lidar com os relacionamentos interpessoais faz parte desse desenvolvimento. Você conhece a importância da comunicação para a Administração? Sabia que existem ferramentas que você pode utilizar para enfrentar os seus desafios? Inscreva-se e venha conhecer aspectos como desenvolvimento pessoal, liderança, conduta profissional e método de resolução de problemas de uma forma transformadora. Vamos lá?;Agentes públicos e profissionais interessados em aprender a desenvolver competências, habilidades e atitudes estratégias para enfrentar os desafios em seu ambiente de trabalho e utilizar a comunicação, a liderança, conduta profissional para a resolução de problemas no contexto da Transformação Digital. Curso aberto, gratuito e com certificado, qualquer pessoa pode se inscrever.;"Módulo 1: Contextualizando as Soft Skills na Transformação Digital do Governo;Módulo 2: As Soft Skills no Ambiente de Trabalho;Módulo 3: Comunicação na Transformação Digital;Módulo 4: Desenvolver para Transformar;Módulo 5: Caso Prático de Desenvolvimento de Soft Skills na Administração Pública.";22/12/2022;;
419;Transformação Digital no Serviço Público;https://www.escolavirtual.gov.br/curso/419;TI - Governo e Transformação Digital;Enap;Secretaria de Governo Digital;20;30;Curso Aberto;O curso foi desenvolvido pela Enap em parceria com SGD/ME e integra o Programa Transformação Digital Capacita.gov.br. O curso atenderá ao Programa de Desenvolvimento de Capacidades para Transformação Digital no Poder Executivo federal e dos órgãos e entidades estaduais, distritais e municipais participantes da Rede Nacional de Governo Digital, denominada como rede.gov.br.;Gestores, analistas de TI ou servidores públicos que atuam na gestão de recursos de TIC. Curso aberto, gratuito e com certificado, qualquer pessoa pode se inscrever.;Módulo 1: Contextualizando a transformação dos serviços digitaisMódulo 2: Planejamento e desenho da transformação dos serviços digitais;23/04/2021;;
859;Uso responsável das TICs;https://www.escolavirtual.gov.br/curso/859;TI - Governo e Transformação Digital;Enap;Fundação CEPERJ;10;30;Curso Aberto;A tecnologia se apresenta como uma peça fundamental para que as pessoas possam suprir suas necessidades de contatos com outras, tanto no âmbito pessoal quanto no profissional. Essa possibilidade ameniza os efeitos negativos do distanciamento social e seus respectivos impactos na economia.;Agentes públicos e demais interessados no tema. Curso aberto, gratuito e com certificado, qualquer pessoa pode se inscrever.;Módulo 1: Breve história da Internet.Módulo 2: Uso responsável das TIC's.Módulo 3: Encerramento.;12/08/2022;;
537;UX: Como Melhorar a Experiência do Usuário no Serviço Público Digital;https://www.escolavirtual.gov.br/curso/537;TI - Governo e Transformação Digital;Enap;Secretaria de Governo Digital;25;30;Curso Aberto;Hoje, inúmeros serviços são acessados pelos meios digitais, e é necessário unificar esses recursos. Você conhece o papel do design centrado no usuário? Sabia que é possível otimizar as interações entre pessoas e computadores? Inscreva-se e venha conhecer a Experiência do Usuário e sua aplicabilidade, que vai além das interfaces digitais e serve para todos os tipos de serviços, produtos e máquinas. Vamos lá?;Agentes públicos e profissionais interessados em Design Centrado no Usuário. Curso aberto, gratuito e com certificado, qualquer pessoa pode se inscrever.;"Módulo 1: Introdução à Experiência de Usuário;Módulo 2: A prática da Experiência do Usuário;Módulo 3: A Experiência do Usuário nos Serviços Públicos.";10/05/2022;;
1304;Visão Geral da IA no Azure;https://www.escolavirtual.gov.br/curso/1304;TI - Governo e Transformação Digital;Enap;Microsoft;4;10;Curso Aberto;Explore o poder da IA generativa, que cria conteúdos originais a partir de linguagem natural e oferece soluções transformadoras. Com o Microsoft Azure, você acessa serviços que tornam mais fácil começar sua jornada com IA. Pronto para descobrir novas possibilidades? Inscreva-se e saiba mais!;Qualquer cidadão interessado na temática. O curso é aberto, gratuito e oferece certificado.;Módulo 1 - O que é Inteligência ArtificialMódulo 2 - Princípios Básicos do Aprendizado de MáquinaMódulo 3 - Conceitos básicos dos Serviços de IA do Azure;23/12/2024;;
802;Visualização de Dados Aplicada à Transformação Digital;https://www.escolavirtual.gov.br/curso/802;TI - Governo e Transformação Digital;Enap;Secretaria de Governo Digital;25;30;Curso Aberto;Nos dias atuais o ambiente organizacional gera dados em enormes quantidades. Por isso, se faz necessário que as apresentações sejam mais dinâmicas para capturar a atenção dos usuários os guiando para uma tomada de decisão. O conhecimento sobre esse tema tem evoluído atualmente. Para que você se mantenha atualizado no tema, se matricule no curso e venha entender melhor o assunto!;Servidores Públicos do SISP. Curso aberto, gratuito e com certificado, qualquer pessoa pode se inscrever.;"Módulo 1: Data Visualization: Limites e Possibilidades;Módulo 2: Data Visualization e Data Storytelling;Módulo 3: Construção de Painéis para Análise de Dados;Módulo 4: Casos Reais de Painéis em Serviços Públicos.";21/12/2022;;
1464;Eixo 1 - Fundamentos para Governança de e Cultura de Dados Programa - Executivo de Dados e IA: Fundamentos e Estratégias no Setor Público;https://www.escolavirtual.gov.br/curso/1464/;TI - Inteligência Artifical;Enap;Enap - Escola Nacional de Administração Pública;135;365;Curso Aberto;Aborda governança e cultura de dados no setor público, promovendo uso ético, seguro e estratégico das informações para decisões transparentes e políticas públicas eficazes.;Executivos de Dados, gestores e líderes responsáveis pela governança, gestão e uso estratégico de dados e inteligência artificial na administração pública federal direta, autárquica e fundacional.;Fundamentos para Governança e Cultura de Dados;24/12/2025;;
1503;Eixo 1 - IA e Gestão de Projetos Programa - Gestão Estratégica de Tecnologia para Gestores de TIC;https://www.escolavirtual.gov.br/curso/1503/;TI - Inteligência Artifical;Enap;Enap - Escola Nacional de Administração Pública;16;365;Curso Aberto;O eixo busca aprofundar a compreensão das particularidades que diferenciam projetos de IA dos projetos tradicionais. A proposta é preparar a liderança para identificar e enfrentar desafios específicos, selecionar estratégias de gestão adequadas e utilizar aplicações e ferramentas de IA como apoio à tomada de decisão, promovendo maior eficiência, precisão e qualidade na execução de iniciativas tecnológicas.;Gestores de TIC em órgãos públicos que têm como atribuições, dentre outras coisas, liderar projetos tecnológicos completos com foco em Inteligência Artificial, abrangendo desde a concepção até a entrega e manutenção de sistemas, aplicações e soluções digitais.;Eixo 1 - IA e Gestão de Projetos;20/02/2026;;
1465;Eixo 2 - Aplicações Estratégicas em Dados e IA Programa - Executivo de Dados e IA: Fundamentos e Estratégias no Setor Público;https://www.escolavirtual.gov.br/curso/1465/;TI - Inteligência Artifical;Enap;Enap - Escola Nacional de Administração Pública;125;365;Curso Aberto;Desenvolve competências analíticas e tecnológicas para o uso de dados e inteligência artificial para formular e avaliar políticas públicas, fortalecendo decisões baseadas em evidências, ética, interoperabilidade e foco no cidadão.;Executivos de Dados, gestores e líderes responsáveis pela governança, gestão e uso estratégico de dados e inteligência artificial na administração pública federal direta, autárquica e fundacional.;Aplicações Estratégicas em Dados e IA;24/12/2025;;
1039;Como Produzir Cursos à Distância com Inteligência Artificial Generativa;https://www.escolavirtual.gov.br/curso/1039;TI - Inteligência Artifical;Enap;Enap - Escola Nacional de Administração Pública;25;30;Curso Aberto;Neste curso, você entenderá os conceitos fundamentais da Inteligência Artificial Generativa. Explorará como essa tecnologia pode criar uma série de recursos a partir de texto, discutindo suas possibilidades e desafios. Além disso, aprenderá como construir prompts eficazes e analisará o impacto da IA na construção de cursos à distância, focando em questões éticas e qualidade de conteúdo.;Servidores técnicos interessados nos impactos da inteligência artificial. Curso aberto, gratuito e com certificado, qualquer pessoa pode se inscrever.;"Módulo 1: Fundamentos e Possibilidades da Inteligência Artificial;Módulo 2: Usando IA Generativa na Produção de Cursos à Distância;Módulo 3: Ética e o Futuro na Produção de Cursos à Distância.";02/09/2025;;
1433;Eixo 1 - Análise e Consulta de Dados Programa - Engenharia de Dados e IA Aplicada para Gestores de TIC;https://www.escolavirtual.gov.br/curso/1433/;TI - Inteligência Artifical;Enap;Enap - Escola Nacional de Administração Pública;44;365;Curso Aberto;Desenvolva habilidades em programação Python e consultas SQL para processar grandes volumes de dados, automatizar tarefas e extrair informações estratégicas que apoiem decisões mais embasadas e ágeis.;Desenvolvida com foco em Gestores de TIC em órgãos públicos que têm como atribuições, dentre outras coisas, liderar projetos tecnológicos completos com foco em Inteligência Artificial, abrangendo desde a concepção até a entrega e manutenção de sistemas, aplicações e soluções digitais. Programa aberto, gratuito e com certificado. Qualquer pessoa pode se inscrever.;Eixo 1 - Análise e Consulta de Dados Programa - Engenharia de Dados e IA Aplicada para Gestores de TIC;24/09/2025;;
1423;Eixo 1 - Fundamentos e Consciência Crítica sobre o Uso da IA Programa IA na Prática: Ferramentas e Soluções no dia a dia do Agente Público;https://www.escolavirtual.gov.br/curso/1423;TI - Inteligência Artifical;Enap;Enap - Escola Nacional de Administração Pública;100;365;Curso Aberto;Você sabia que a Inteligência Artificial (IA) já está transformando a gestão pública? Neste eixo, você irá explorar ferramentas, integrar dados e desenvolver uma visão crítica que apoia o uso ético, seguro e responsável da IA no serviço público.;Desenvolvido com foco em Agentes públicos da Administração Pública Federal, em especial servidores que atuam em áreas administrativas, atendimento ao cidadão, gestão de processos e apoio técnico-operacional. Programa aberto, gratuito e com certificado. Qualquer pessoa pode se inscrever.;Fundamentos e Consciência Crítica sobre o Uso da IA;26/09/2025;;
1426;Eixo 1 - Visão Estratégica e Sistêmica de IA no Setor Público - Programa - IA Estratégica e Visão de Futuro para Altas Lideranças no Setor Público;https://www.escolavirtual.gov.br/curso/1426/;TI - Inteligência Artifical;Enap;Enap - Escola Nacional de Administração Pública;29;365;Curso Aberto;Explore os conceitos e princípios da Inteligência Artificial, identifique seu potencial e riscos, e desenvolva uma visão sistêmica que conecta tecnologia, políticas públicas e sociedade, preparando o caminho para decisões estratégicas.;Desenvolvido com foco em altas lideranças do serviço público federal. Programa aberto, gratuito e com certificado. Qualquer pessoa pode se inscrever.;Eixo 1 - Visão Estratégica e Sistêmica de IA no Setor Público;25/09/2025;;
1424;Eixo 2 - Aplicações Práticas da IA na Rotina Administrativa Programa IA na Prática: Ferramentas e Soluções no dia a dia do Agente Público;https://www.escolavirtual.gov.br/curso/1424;TI - Inteligência Artifical;Enap;Enap - Escola Nacional de Administração Pública;73;365;Curso Aberto;A Inteligência Artificial (IA) automatiza tarefas, agiliza fluxos e gera dados estratégicos. Neste eixo, você aprenderá a aplicar seus recursos na gestão pública para aumentar produtividade, otimizar recursos e melhorar os serviços prestados à sociedade.;Desenvolvido com foco em Agentes públicos da Administração Pública Federal, em especial servidores que atuam em áreas administrativas, atendimento ao cidadão, gestão de processos e apoio técnico-operacional. Programa aberto, gratuito e com certificado. Qualquer pessoa pode se inscrever.;Aplicações Práticas da IA na Rotina Administrativa;26/09/2025;;
1427;Eixo 2 - Prospecção de Cenários e Oportunidades com IA - Programa IA Estratégica e Visão de Futuro para Altas Lideranças no Setor Público;https://www.escolavirtual.gov.br/curso/1427/;TI - Inteligência Artifical;Enap;Enap - Escola Nacional de Administração Pública;13;365;Curso Aberto;Desenvolva o pensamento de futuro para analisar tendências e cenários, aplicando a IA de forma estratégica na gestão pública, identificando oportunidades que otimizam serviços e geram valor concreto para a sociedade.;Desenvolvido com foco em altas lideranças do serviço público federal. Programa aberto, gratuito e com certificado. Qualquer pessoa pode se inscrever.;Eixo 2 - Prospecção de Cenários e Oportunidades com IA;25/09/2025;;
1435;Eixo 3 - Engenharia de Dados Programa - Engenharia de Dados e IA Aplicada para Gestores de TIC;https://www.escolavirtual.gov.br/curso/1435/;TI - Inteligência Artifical;Enap;Enap - Escola Nacional de Administração Pública;24;365;Curso Aberto;Estruture, integre e transforme dados em soluções confiáveis, aplicando processos de ETL/ELT, governança e segurança, garantindo que informações se tornem ativos estratégicos para apoiar decisões e projetos tecnológicos.;Desenvolvida com foco em Gestores de TIC em órgãos públicos que têm como atribuições, dentre outras coisas, liderar projetos tecnológicos completos com foco em Inteligência Artificial, abrangendo desde a concepção até a entrega e manutenção de sistemas, aplicações e soluções digitais. Programa aberto, gratuito e com certificado. Qualquer pessoa pode se inscrever.;Eixo 3 - Engenharia de Dados Engenharia de Dados e IA Aplicada para Gestores de TIC;24/09/2025;;
1428;Eixo 3 - Formulação de Políticas Públicas e otimização de serviços em IA - Programa IA Estratégica e Visão de Futuro para Altas Lideranças no Setor Público;https://www.escolavirtual.gov.br/curso/1428/;TI - Inteligência Artifical;Enap;Enap - Escola Nacional de Administração Pública;40;365;Curso Aberto;Transforme sua visão estratégica em políticas públicas, liderando com ética e gerindo riscos na aplicação da IA. Utilize análises de tendências, estudos de caso e estratégias de governança para aprimorar serviços, implementar soluções inovadoras e gerar valor real à sociedade.;Desenvolvido com foco em altas lideranças do serviço público federal. Programa aberto, gratuito e com certificado. Qualquer pessoa pode se inscrever.;Eixo 3 - Formulação de Políticas Públicas e otimização de serviços em IA;25/09/2025;;
1436;Eixo 4 - Inteligência Artificial, Machine Learning e Aplicações Éticas Programa - Engenharia de Dados e IA Aplicada para Gestores de TIC;https://www.escolavirtual.gov.br/curso/1436;TI - Inteligência Artifical;Enap;Enap - Escola Nacional de Administração Pública;32;365;Curso Aberto;Aprenda a implementar e supervisionar projetos de IA e Machine Learning, transformando dados em insights estratégicos e soluções inovadoras, sempre considerando aspectos éticos, transparência, privacidade e impactos sociais.;Desenvolvida com foco em Gestores de TIC em órgãos públicos que têm como atribuições, dentre outras coisas, liderar projetos tecnológicos completos com foco em Inteligência Artificial, abrangendo desde a concepção até a entrega e manutenção de sistemas, aplicações e soluções digitais. Programa aberto, gratuito e com certificado. Qualquer pessoa pode se inscrever.;Eixo 4 - Inteligência Artificial, Machine Learning e Aplicações Éticas Engenharia de Dados e IA Aplicada para Gestores de TIC;24/09/2025;;
1374;Github Copilot;https://www.escolavirtual.gov.br/curso/1374;TI - Inteligência Artifical;Enap;Microsoft;8;10;Curso Aberto;Saiba mais sobre o GitHub Copilot, uma ferramenta com recursos de Inteligência Artificial generativa que ajuda na colaboração, no desenvolvimento, nos testes, e até mesmo na entrega de produtos e aplicações, aumentando a produtividade de desenvolvedores e programadores. Ficou interessado(a)? Inscreva-se!;Qualquer cidadão interessado na temática. O curso é aberto, gratuito e oferece certificado.;Módulo Único - GitHUB CopilotAula 01: Apresentando o GITHUB CopilotAula 02: Configurando o Github Copilot para trabalhar com o Visual Studio CodeAula 03: Apresentando a engenharia de PromptsAula 04: Fundamentos e melhores práticas da engenharia de PromptsAula 05: LLMs - Grandes modelos de linguagensAula 06: Como usar GITHUB Copilot em projetos JavascriptAula 07: Aprendizados sobre o GITHUB Copilot;08/05/2025;;
1395;IA - Aplicações no Governo Federal;https://www.escolavirtual.gov.br/curso/1395;TI - Inteligência Artifical;Enap;Serviço Federal de Processamento de Dados;8;30;Curso Aberto;Este curso apresenta uma visão abrangente sobre conceitos e aplicações práticas de inteligência artificial (IA) no setor público. Pretende instrumentalizar participantes a compreenderem aplicações práticas de IA no contexto governamental para otimizar processos, melhorar a tomada de decisões e promover a inovação nos serviços públicos.;Agentes públicos e demais interessados na área de inteligência artificial. Curso aberto, gratuito e com certificado.;Módulo 1 - Visão Computacional e BiometriaMódulo 2 - Inteligência Artificial AntifraudeMódulo 3 - OtimizaçãoMódulo 4 - Modelagem PreditivaMódulo 5 - Processamento de Linguagem NaturalMódulo 6 - IA GenerativaMódulo 7 - Large Language Model;21/07/2025;;
1498;Liderança Estratégica com IA na Administração Pública;https://www.escolavirtual.gov.br/curso/1498;TI - Inteligência Artifical;Enap;Secretaria de Governo Digital;30;30;Curso Aberto;Explore como a Inteligência Artificial está redesenhando a gestão pública. Neste curso, você vai descobrir o potencial prático da IA para solucionar desafios reais, otimizar recursos e guiar decisões estratégicas — sempre com ética, responsabilidade e foco no que realmente importa: resultados para a sociedade. Quer saber mais? Inscreva-se!;Líderes, gestores públicos e demais pessoas interessadas no tema. Curso aberto, gratuito e com certificado. Qualquer pessoa pode se inscrever.;Módulo 1: Liderança Pública e IA: Contexto e PotencialidadesMódulo 2: Inteligência Artificial: Ferramenta Estratégica para Líderes e GestoresMódulo 3: Produtividade com IA na Gestão PúblicaMódulo 4: Liderança e Gestão de Equipes com o uso da IAMódulo 5: Planejamento e Aplicação de IA na Administração Pública;19/02/2026;;
3366;Inteligência Artificial I - Conhecendo as redes neurais artificiais - Turma 2026B;https://aprendamais.mec.gov.br/course/view.php?id=3366;TI - Inteligência Artifical;MEC;MEC;40;;;;;;;;
3367;Inteligência Artificial II - Aprofundando o estudo das redes neurais artificiais - Turma 2026B;https://aprendamais.mec.gov.br/course/view.php?id=3367;TI - Inteligência Artifical;MEC;MEC;40;;;;;;;;
1437;Entenda como a IA afeta você e o seu governo;https://www.escolavirtual.gov.br/curso/1437;TI - Inteligência Artifical;Enap;Apolitical;4;30;Curso Aberto;Neste curso, você aprenderá o que é inteligência artificial, o que ela pode e não pode fazer e por que ela é importante. O objetivo é fornecer ferramentas práticas para identificar riscos, explorar oportunidades e adotar uma mentalidade responsável em relação à IA, para que você possa aplicar novas visões em seu trabalho com confiança.;Servidores e gestores públicos, e demais interessados na área de inteligência artificial. Curso aberto, gratuito e com certificado.;Módulo 1 - Módulo 1: O que é IA?Módulo 2 - Identificar riscos, prevenir danosMódulo 3 - Como pode a IA ajudar no seu cargo?Módulo 4 - Desenvolva uma mentalidade de IA;09/10/2025;;
1419;FluêncIA Educadores;https://www.escolavirtual.gov.br/curso/1419;TI - Inteligência Artifical;Enap;Microsoft;3;10;Curso Aberto;Aprenda a aplicar IA na educação de forma prática e acessível. Descubra como usar ferramentas inteligentes para planejar aulas, personalizar o ensino, criar materiais didáticos e otimizar tarefas administrativas, promovendo inovação e inclusão em ambientes educacionais.;Empreendedores, profissionais liberais e demais interessados. Curso aberto, gratuito e com certificado.;Módulo 1 - O Papel da Inteligência Artificial no ensino superiorMódulo 2 - Explore novas formas de ensino com IAMódulo 3 - Prepare-se para o futuro com IAMódulo 4 - Aceleradores de aprendizado: casos de uso da IA para melhorar suas aulas;05/09/2025;;
1400;FluêncIA Empreendedores;https://www.escolavirtual.gov.br/curso/1400;TI - Inteligência Artifical;Enap;Microsoft;3;10;Curso Aberto;Neste curso, você verá como impulsionar a produtividade em pequenas e médias empresas por meio da utilização de inteligência artificial, com diversas demonstrações práticas do uso do Copilot e aplicativos do Office 365. O curso oferece exemplos reais de aplicação da IA em situações empresariais, mostrando como essas tecnologias podem trazer benefícios perceptíveis. Quer saber mais? Inscreva-se!;Empreendedores, profissionais liberais e demais interessados. Curso aberto, gratuito e com certificado.;Módulo único - FluêncIA EmpreendedoresAula 1 - Ia para alavancar o seu negócioAula 2 - Aprenda a escrever bons promptsAula 3 - Prompts: casos de usoAula 4 - Ia no seu smartphoneAula 5 - Como resumir e-mails no outlookAula 6 - Como resumir documentosAula 7 - Como criar e gerir seu fluxo de caixaAula 8 - Como gerar uma campanha de marketing em mídias sociaisAula 9 - Continue a acelerar o crescimento da sua empresa;28/08/2025;;
1422;FluêncIA Estudantes;https://www.escolavirtual.gov.br/curso/1422;TI - Inteligência Artifical;Enap;Microsoft;2;10;Curso Aberto;Explore como a IA pode apoiar seus estudos e sua trajetória profissional. Aprenda a usar ferramentas inteligentes para organizar tarefas, melhorar a escrita, estudar com mais eficiência e se preparar para oportunidades acadêmicas e de carreira.;Estudantes, empreendedores, profissionais liberais e demais interessados. Curso aberto, gratuito e com certificado.;Módulo único - FluêncIA EstudantesAula 1: O que é o Copilot e como acessá-loAula 2: Como a Daniella aprende com seu assistente de IAAula 3: Como fazer pesquisa acadêmica com IAAula 4: Prepare-se para provas e outras avaliações com IAAula 5: Como o Rafael organiza seus estudos com a ajuda da IAAula 6: Planeje e organize seus estudos com a ajuda da IAAula 7: Como a Manoela se desafia no estudo acadêmico com IAAula 8: Análise de textos e artigos com IAAula 9: Como o Guilherme simula sua prática profissional com IAAula 10: Simule práticas da sua profissão com IAAula 11: Como o João Pedro aprende a resolver problemas com o auxílio da IAAula 12: Como fazer uma pesquisa de mercado com IAAula 13: Aprenda ou melhore seus idiomas com IA;10/09/2025;;
1446;IA e clima: contrapartidas e transformação;https://www.escolavirtual.gov.br/curso/1446;TI - Inteligência Artifical;Enap;Apolitical;4;30;Curso Aberto;Neste curso, você aprenderá como a inteligência artificial pode ajudar a combater as mudanças climáticas. O foco é mostrar oportunidades e riscos, da construção de cidades resilientes à transição energética, abordando também os custos ambientais da IA e como governos podem responder de forma responsável. Um curso da Apolitical com conteúdo de Stanford Online.;Servidores públicos interessados no impacto da IA no meio ambiente que trabalham com políticas climáticas, adaptação, transição energética ou conservação da natureza e demais interessados. Curso aberto, gratuito e com certificado.;Módulo 1 - A ligação entre IA e o climaMódulo 2 - Tomando medidas para reduzir a pegada ambiental da IAMódulo 3 - O papel da IA na aceleração das soluções climáticasMódulo 4 - Próximas etapas;06/11/2025;;
1442;IA e o futuro dos sistemas de saúde;https://www.escolavirtual.gov.br/curso/1442;TI - Inteligência Artifical;Enap;Apolitical;5;30;Curso Aberto;Neste, você aprenderá os fundamentos da inteligência artificial e suas aplicações na área da saúde, bem como ferramentas para avaliar oportunidades e riscos, analisar soluções de forma responsável e compreender o grau de preparação do seu sistema para a integração da IA, ajudando você a tomar decisões informadas para o futuro da área da saúde.;Servidores e gestores públicos, e demais interessados na área de inteligência artificial. Curso aberto, gratuito e com certificado.;Módulo 1 - Noções básicas sobre IA na área da saúdeMódulo 2 - Explorando Aplicações de IA na SaúdeMódulo 3 - Lidando com riscos e considerações éticasMódulo 4 - Regulamentação da IA na área da saúdeMódulo 5 - Identificação, avaliação e implementação de sistemas de IA;10/10/2025;;
1449;IA para Profissionais da Justiça;https://www.escolavirtual.gov.br/curso/1449;TI - Inteligência Artifical;Enap;Microsoft;2;30;Curso Aberto;Neste curso, você conhecerá maneiras práticas de integrar ferramentas de IA ao seu dia a dia para otimizar processos, automatizar tarefas e aumentar a eficiência. Serão apresentados exemplos reais de aplicação da IA na prática jurídica, incluindo tribunais, estudos de caso e audiências públicas, mostrando benefícios concretos do uso da tecnologia. Quer saber mais? Inscreva-se!;Profissionais da justiça, advogados e servidores do judiciário. Curso aberto, gratuito e com certificado.;Módulo único - IA para Profissionais da Justiça;24/11/2025;;
1447;IA para profissionais do direito;https://www.escolavirtual.gov.br/curso/1447;TI - Inteligência Artifical;Enap;Microsoft;2;30;Curso Aberto;Neste curso, você aprenderá a integrar ferramentas de IA ao seu dia a dia jurídico para otimizar processos, automatizar tarefas e elevar sua produtividade e eficiência. Quer saber mais? Inscreva-se!;Profissionais da justiça, advogados e servidores do judiciário. Curso aberto, gratuito e com certificado.;Módulo único - IA para profissionais do direito;21/11/2025;;
1432;Liderança em IA no governo;https://www.escolavirtual.gov.br/curso/1432;TI - Inteligência Artifical;Enap;Apolitical;4;30;Curso Aberto;Neste curso, você aprenderá como construir a confiança, as habilidades e a cultura necessárias para preparar sua organização para a IA. O objetivo é fornecer estratégias práticas para ajudar sua força de trabalho a se sentir confiante, segura e informada, ao mesmo tempo em que promove a inovação para que você possa explorar o potencial da IA de forma responsável e eficaz.;Servidores e gestores públicos, e demais interessados na área de inteligência artificial. Curso aberto, gratuito e com certificado.;Módulo 1 - Por que formar uma força de trabalho preparada para a IA?Módulo 2 - Construindo confiança, competência e segurançaMódulo 3 - Influenciando para baixo e para cimaMódulo 4 - Levando isso adiante;09/10/2025;;
1088;A História da IA;https://www.escolavirtual.gov.br/curso/1088;TI - Inteligência Artifical;Enap;Microsoft;2;30;Curso Aberto;A inteligência artificial (IA) representa a capacidade de uma máquina em reproduzir habilidades semelhantes às humanas, englobando aspectos como raciocínio, aprendizagem, planejamento e criatividade.Neste curso você irá aprender sobre a história da inteligência artificial. O nosso foco é apresentar essa temática tão atual e despertar o seu interesse nas diversas aplicações que a IA possui. Ficou interessado? Inscreva-se!;Servidores públicos e todo cidadão interessado na temática. Curso aberto, gratuito e com certificado, qualquer pessoa pode se inscrever.;Módulo único: A História da IA1 - O que é um sistema inteligente?2 - Sistemas Inteligentes3 - Machine Learning (Aprendizado de Máquina)4 - Onde estão os dados?5 - Deep Learning (Aprendizado Profundo)6 - Padrões de Análises de Dados7 - Robôs e Internet das Coisas8 - Processamento de Linguagem Natural9 - Aprendizado Supervisionado e Não Supervisionado10 - Algoritmos;29/02/2024;;
797;Automação de Processos através da RPA para Transformação Digital;https://www.escolavirtual.gov.br/curso/797;TI - Inteligência Artifical;Enap;Secretaria de Governo Digital;25;30;Curso Aberto;Você sabia que a Hiperautomação pode nos ajudar na execução de tarefas repetitivas? Sim! Por meio de tecnologias inovadoras da automação 4.0 na elaboração de robôs: a Inteligência Artificial e a Inteligência Computacional. Neste curso, você verá como a Transformação Digital e o Valor Público agregado ao Governo Digital podem contribuir, e muito, no seu dia a dia. Inscreva-se já!;Agentes públicos que atuam no Sistema de Administração dos Recursos de Tecnologia da Informação. Agentes públicos em atividades no setor de TI da Administração Pública. Curso aberto, gratuito e com certificado, qualquer pessoa pode se inscrever.;"Módulo 1: Introdução à Automação de Processos por RPA;Módulo 2: Aplicando a RPA para Automatizar Processos;Módulo 3: Casos Práticos da Hiperautomação para Transformação Digital no Governo.";19/12/2022;;
810;Desvendando a Inteligência Artificial na Administração Pública;https://www.escolavirtual.gov.br/curso/810;TI - Inteligência Artifical;Enap;Secretaria de Governo Digital;25;30;Curso Aberto;Você sabia que Inteligência Artificial é um dos mais importantes pilares da transformação digital nas organizações? Descubra como essa tecnologia pode ser aplicada da melhor maneira na administração pública.;Servidores públicos responsáveis pela execução de atividades relacionadas a processos de trabalho que podem se beneficiar de conceitos, soluções e possíveis aplicações de IA. Curso aberto, gratuito e com certificado, qualquer pessoa pode se inscrever.;"Módulo 1: Contextualizando a Inteligência Artificial;Módulo 2: Explorando Oportunidades e Limitações na Implementação de IA na Administração Pública;Módulo 3: Aplicando Inteligência Artificial na Administração Pública.";16/10/2024;;
1090;Ética em IA;https://www.escolavirtual.gov.br/curso/1090;TI - Inteligência Artifical;Enap;Microsoft;2;30;Curso Aberto;A ética em Inteligência Artificial (IA) é um tema crucial e em constante evolução, à medida que a IA se torna cada vez mais presente em nossas vidas, influenciando desde escolhas simples do dia a dia até decisões complexas em áreas como saúde, finanças e educação. A discussão sobre ética em IA abrange uma variedade de questões inter-relacionadas, desde a transparência e responsabilidade na tomada de decisões algorítmicas até preocupações sobre viés e discriminação algorítmica, privacidade e segurança dos dados, e o impacto da automação no emprego e na sociedade como um todo.;Servidores públicos e todo cidadão interessado na temática. Curso aberto, gratuito e com certificado, qualquer pessoa pode se inscrever.;Módulo único: Ética em IA1 - Introdução a ética em IA2 - Uso da IA com Ética e responsabilidade Social3 - A História da IA e seus Recursos de Acessibilidade4 - IA Responsável5 - O uso ética da IA generativa;01/03/2024;;
1219;Ética en IA;https://www.escolavirtual.gov.br/curso/1219;TI - Inteligência Artifical;Enap;Microsoft;2;10;Curso Aberto;La ética en la Inteligencia Artificial (IA) es esencial y está en evolución constante, dado su creciente impacto en la vida cotidiana y en áreas como salud, finanzas y educación. El debate ético de la IA incluye temas como la transparencia en decisiones algorítmicas, el sesgo y la discriminación, la privacidad de los datos y el efecto de la automatización en el empleo y la sociedad.;Servidores públicos y todos los ciudadanos interesados ??en el tema. Curso abierto, gratuito y certificado, cualquiera puede inscribirse.;- Clase 1: Introducción a la Ética en IA- Clase 2: Uso de IA con ética y responsabilidad social- Clase 3: La historia de la IA y sus recursos de accesibilidad- Clase 4: IA responsable- Clase 5: El uso ético de la IA generativa;05/09/2024;;
1167;IA Generativo da Microsoft - Copilot;https://www.escolavirtual.gov.br/curso/1167;TI - Inteligência Artifical;Enap;Microsoft;2;30;Curso Aberto;O Copilot da Microsoft tem o intuito de nos fornecer ferramentas de Inteligência Artificial com as quais possamos usar a nossa criatividade e aumentem a nossa produtividade. Assim, passamos de meros expectadores para os pilotos. Logo, a IA passar a ser o copiloto em nossas atividades. Quer saber mais? Inscreva-se!;Servidores públicos e todo cidadão interessado na temática. Curso aberto, gratuito e com certificado, qualquer pessoa pode se inscrever.;Módulo único: IA Generativo da Microsoft - Copilot Tópicos:1 - Nova Era da Inteligência Artificial2 - O que é o Copilot para Microsoft 365?3 - Integração do Copilot nas Aplicações do Microsoft 3654 - Usando o Microsoft Copilot no Bing e no Teams5 - Usando o Microsoft Copilot no Outlook6 - Usando o Microsoft Copilot no Word7 - Usando o Microsoft Copilot no Power Point8 - Usando o Microsoft Copilot no Excel;01/07/2024;;
1091;Inteligência Artificial Generativa;https://www.escolavirtual.gov.br/curso/1091;TI - Inteligência Artifical;Enap;Microsoft;2;30;Curso Aberto;A inteligência artificial generativa é um ramo da IA dedicado à criação de conteúdo, distinguindo-se daquelas mais voltadas para classificação ou identificação de informações a partir de dados prévios. As diversas subcategorias da IA têm suas próprias funcionalidades, seja em veículos autônomos, previsões climáticas ou assistentes virtuais, como os populares chatbots.A IA generativa, por sua vez, concentra-se principalmente na geração de novo conteúdo, seja em forma de texto ou imagens. Ficou interessado? Inscreva-se!;Servidores públicos e todo cidadão interessado na temática. Curso aberto, gratuito e com certificado, qualquer pessoa pode se inscrever.;Módulo único: Inteligência Artificial Generativa1 - O que é a Inteligência Artificial Generativa?2 - Diferança entre IA e IA Generativa3 - Geração de Linguagem Natural4 - Conversão de textos para imagens com uso de IA Generativa5 - A IA e o Futuro de Mercado de Trabalho;29/02/2024;;
1177;Inteligencia artificial generativa - ESPAÑOL;https://www.escolavirtual.gov.br/curso/1177;TI - Inteligência Artifical;Enap;Microsoft;2;10;Curso Aberto;La inteligencia artificial generativa, a diferencia de otras ramas de IA que se enfocan en clasificar o identificar información, se dedica a la creación de contenidos nuevos, como texto o imágenes. Cada subcategoría de IA tiene su propia funcionalidad, como en vehículos autónomos, previsiones meteorológicas o asistentes virtuales, como chatbots. ¿Te interesa? ¡Suscríbete!;Servidores públicos y todos los ciudadanos interesados ??en el tema. Curso abierto, gratuito y certificado, cualquiera puede inscribirse.;- Lección 1: ¿Qué es la Inteligencia Artificial Generativa?- Lección 2: Diferencia entre IA e IA generativa- Lección 3: Generación del lenguaje natural- Lección 4: Conversión de textos a imágenes mediante IA generativa- Lección 5: IA y el futuro del merca;13/08/2024;;
377;Inteligência Artificial no Contexto do Serviço Público;https://www.escolavirtual.gov.br/curso/377;TI - Inteligência Artifical;Enap;Ministério da Fazenda;20;30;Curso Aberto;Este curso traz conceitos, sugestões de tecnologias e experiências de aplicação de Inteligência Artificial (IA). Por meio do conteúdo do curso, busca-se difundir a cultura da concepção digital como estratégia para criação de soluções eficazes para os diversos contextos, principalmente no serviço público. Saiba mais, faça sua inscrição!;Pessoas que atuam na área da tecnologia da informação. Curso aberto, gratuito e com certificado, qualquer pessoa pode se inscrever.;Módulo 1 – Contextualização e conceitos sobre Inteligência ArtificialMódulo 2 – Principais tecnologias para a utilização da Inteligência ArtificialMódulo 3 – Resolução de problemas nas organizações públicas com a utilização da Inteligência Artificial;24/12/2020;;
861;Inteligência Artificial para simplificar o dia a dia;https://www.escolavirtual.gov.br/curso/861;TI - Inteligência Artifical;Enap;Enap - Escola Nacional de Administração Pública;4;30;Curso Aberto;Os sistemas de inteligência artificial já são uma realidade na concepção de tarefas criativas e inovadoras. Neste curso, você irá conhecer os modelos de geração de texto, como o GPT-3, e de geração de imagem, como o DALL-E2 e compreender sobre as possibilidades de co-criação de instrumentos de inteligência artificial para a simplificação de tarefas do dia a dia, com eficiência, e para o aumento da produtividade.;Agentes públicos e demais interessados no tema. Curso aberto, gratuito e com certificado, qualquer pessoa pode se inscrever.;Módulo 1: A Inteligência artificial para tarefas criativas já é realidadeMódulo 2 - Os modelos de tecnologias de geração de texto: utilizando o GPT-3.Módulo 3 - As tecnologias de geração de imagem: como o DALL-E 2 tem revolucionado as aplicações práticas da tecnologia artísticaMódulo 4 - O futuro da co-criação entre homem-máquina.;09/08/2022;;
534;Internet das coisas (IoT) aplicada para resolução de desafios;https://www.escolavirtual.gov.br/curso/534;TI - Inteligência Artifical;Enap;Secretaria de Governo Digital;25;30;Curso Aberto;Se você gosta de ficar por dentro das novidades do universo da tecnologia, venha aprender mais sobre tecnologias emergentes como Big Data e Inteligência Artificial aliadas à Internet das Coisas. Neste curso, você conhecerá o histórico da Internet das Coisas e os conceitos-chave que permitirão compreender seu contexto de aplicação.;Servidores públicos que atuam nos órgãos e entidades do Sistema de Administração dos Recursos de Tecnologia da Informação (SISP). Curso aberto, gratuito e com certificado, qualquer pessoa pode se inscrever.;"Módulo 1: Histórico e conceitos relacionados à IoT;Módulo 2: Conexão, segurança e privacidade na IoT;Módulo 3: Novas tecnologias aliadas à IoT;Módulo 4: A utilização da IoT na solução de problemas da administração pública.";12/04/2022;;
1213;La evolución de las búsquedas online;https://www.escolavirtual.gov.br/curso/1213;TI - Inteligência Artifical;Enap;Microsoft;2;30;Curso Aberto;La herramienta de búsqueda online es esencial para encontrar fuentes fiables y actualizadas en nuestras investigaciones. Ofrece funciones avanzadas para filtrar y personalizar resultados según nuestras necesidades, permitiendo explorar diversos tipos de contenido como imágenes, vídeos, mapas y libros. ¿Te interesa? ¡Inscríbete!;Servidores públicos y todos los ciudadanos interesados ??en el tema. Curso abierto, gratuito y certificado, cualquiera puede inscribirse.;Módulo único - La evolución de las búsquedas onlineLección 1: ¿Qué es la búsqueda en línea?Lección 2: ¿Cómo funcionan las búsquedas en Internet?Lección 3: ¿Qué cambia en las búsquedas online con recursos de IA?Lección 4: Cómo buscar en línea usando Bing ChatLección 5: Consejos finales sobre búsquedas online;29/08/2024;;
1544;Como escrever bons prompts com Copilot;https://www.escolavirtual.gov.br/curso/1544;TI - Inteligência Artifical;Enap;Microsoft;2;;;Aprenda a escrever prompts eficazes e extraia o melhor da inteligência artificial com o Copilot! O curso apresenta técnicas práticas de engenharia de prompts aplicadas ao Microsoft Copilot, ensinando como formular instruções claras e precisas para obter resultados de alta qualidade em textos, análises, códigos e outros conteúdos. Destinado a profissionais e servidores que desejam usar o Copilot com mais eficácia e produtividade no trabalho.;Qualquer cidadão interessado na temática. O curso é aberto, gratuito e oferece certificado.;Módulo único: Como escrever bons prompts com Copilot.Aula 1: Introdução à Engenharia de PromptAula 2: Explorando o Copilot ChatAula 3: Padrão de PersonaAula 4: Padrão de entrevistaAula 5: Árvore de pensamentoAula 6: Linha de raciocínioAula 7: Técnica de refinamentoAula 8: Projeto Final;;;
365; IA para Otimização de Processos e Automação Inteligente no Serviço Público;https://www.escolavirtual.gov.br/programa/365;TI - Inteligência Artifical;Enap;Enap - Escola Nacional de Administração Pública;78;;;Aplique a inteligência artificial nas rotinas administrativas do serviço público com eficiência e responsabilidade! Este eixo do Programa de IA para Otimização de Processos capacita servidores a identificar e utilizar ferramentas de IA em tarefas cotidianas da administração, com foco em ganhos rápidos de produtividade, qualidade dos processos e uso ético e legal da tecnologia.;Servidores públicos que atuam em órgãos, entidades ou instituições da administração pública federal, desempenhando funções de interesse público em nome do Estado.;Aplicações Práticas da IA na Rotina Administrativa;;;
AP18;Fundamentos de IA para servidores públicos: Oportunidades, riscos e estratégias;https://apolitical.co/pt-BR/courses/ai-fundamentals-for-public-servants;TI - Inteligência Artifical;Apolitical;Equipe Apolitical;5h;Autoinstrucional;Curso aberto;Navegar no cenário em rápida evolução da IA pode parecer assustador. Mas, como servidores públicos, compreender as implicações sociais e econômicas dessa tecnologia - e adaptar-se a elas - nunca foi tão importante.A boa notícia é que você não precisa ter formação em tecnologia para compreender bem a IA. Este curso individualizado inclui palestras e conteúdo educacional do corpo docente de Stanford, instrutores e bolsistas do Stanford Institute for Human-Centered Artificial Intelligence que o ajudarão a entender as oportunidades e o impacto da IA no governo. Você também encontrará insights da Apolitical e de nossa rede de servidores públicos. Você começará conhecendo a tecnologia - como ela funciona, seus recursos e riscos. Você analisará os regulamentos atuais de IA e será desafiado a considerar como eles podem mudar. Você será apresentado à IA centrada no ser humano como uma estrutura de como os governos e a sociedade podem aproveitar a tecnologia para obter resultados melhores e mais éticos. Por fim, você analisará casos de uso de setores importantes e considerará como os aprendizados podem ser aplicados a iniciativas futuras.;Servidores públicos, gestores e equipes;Navegar no cenário em rápida evolução da IA pode parecer assustador. Mas, como servidores públicos, compreender as implicações sociais e econômicas dessa tecnologia - e adaptar-se a elas - nunca foi tão importante.A boa notícia é que você não precisa ter formação em tecnologia para compreender bem a IA. Este curso individualizado inclui palestras e conteúdo educacional do corpo docente de Stanford, instrutores e bolsistas do Stanford Institute for Human-Centered Artificial Intelligence que o ajudarão a entender as oportunidades e o impacto da IA no governo. Você também encontrará insights da Apolitical e de nossa rede de servidores públicos. Você começará conhecendo a tecnologia - como ela funciona, seus recursos e riscos. Você analisará os regulamentos atuais de IA e será desafiado a considerar como eles podem mudar. Você será apresentado à IA centrada no ser humano como uma estrutura de como os governos e a sociedade podem aproveitar a tecnologia para obter resultados melhores e mais éticos. Por fim, você analisará casos de uso de setores importantes e considerará como os aprendizados podem ser aplicados a iniciativas futuras.;Não informado;;
1557;Criando Agentes com Copilot Studio para Microsoft 365;https://www.escolavirtual.gov.br/curso/1557;TI - Inteligência Artifical;Enap;Microsoft;1h;;Curso aberto;Módulo único – Criando Agentes com Copilot Studio para Microsoft 365;Servidores públicos;Módulo único – Criando Agentes com Copilot Studio para Microsoft 365;;;
1043;Introdução ao Processamento de Linguagem Natural;https://www.escolavirtual.gov.br/curso/1043;TI - Inteligência Artifical;Enap;Enap - Escola Nacional de Administração Pública;25;;;Domine os fundamentos do Processamento de Linguagem Natural e suas aplicações! O curso aborda a introdução ao PLN, a preparação de dados, as principais aplicações e implementações em Python e R. Destinado a cientistas de dados, analistas e desenvolvedores que desejam aplicar técnicas de PLN para automatizar a análise de textos, extrair informações de documentos e desenvolver soluções de linguagem natural no setor público e privado.;Agentes públicos que atuam ou tenham interesse em atuar com tomada de decisão baseada em dados, principalmente aquelas pessoas que realizam análise de dados, das áreas de tecnologia da informação, de ciência de dados, de transformação governamental, de inovação pública e outras correlatas. Curso aberto, gratuito e com certificado, qualquer pessoa pode se inscrever.;"Módulo 1: Introdução ao PLN;Módulo 2: Preparação de Dados para PLN;Módulo 3: Aplicações para PLN;Módulo 4: Aplicações em Python para PLN;Módulo 5: Aplicações em R para PLN.";;;
1049;Soluções Preditivas Baseadas em Dados com o Uso do R e do Python;https://www.escolavirtual.gov.br/curso/1049;TI - Inteligência Artifical;Enap;Enap - Escola Nacional de Administração Pública;25;;;Desenvolva soluções preditivas com aprendizado de máquina usando R e Python! O curso aborda os principais tipos de aprendizado de máquina, critérios para seleção de técnicas e algoritmos e o desenvolvimento prático de soluções preditivas. Destinado a cientistas de dados, analistas e profissionais de tecnologia que desejam aplicar machine learning para geração de predições e suporte à tomada de decisão baseada em dados.;Agentes públicos que atuam ou tenham interesse em atuar na tomada de decisão baseada em dados, principalmente aquelas pessoas que realizam análise de dados, nas áreas de tecnologia da informação, de ciência de dados, de transformação governamental, de inovação pública e outras correlatas. Curso aberto, gratuito e com certificado, qualquer pessoa pode se inscrever.;"Módulo 1: Identificando os Principais Tipos de Aprendizado de Máquina;Módulo 2: Selecionando Técnicas e Algoritmos;Módulo 3: Desenvolvendo Soluções Preditivas.";;;
AP2;AI Fundamentals for Public Servants: Opportunities, Risks and Strategies;https://apolitical.co/microcourses/en/ai-fundamentals-for-public-servants-opportunities-risks-and-strategies/;TI - Inteligência Artifical;Apolitical;Stanford HAI e Apolitical;4;Autoinstrucional;Curso aberto;Fundamentos de IA para o setor público.;Servidores públicos e gestores;Fundamentos de IA, riscos, oportunidades e estratégias de adoção;Não informado;;
FGV 19;Princípios da Ética na Era da Inteligência Artificial (curso gera declaração de finalização, não gera certificado);https://educacao-executiva.fgv.br/cursos/online/curta-media-duracao-online/principios-da-etica-na-era-da-inteligencia-artificial;TI - Inteligência Artifical;FGV;FGV EMAp;4;;;O curso Princípios da Ética na Era da Inteligência Artificial aborda os conceitos de governança, riscos, responsabilidade e as suas implicações socioeconômicas.;;O curso Princípios da Ética na Era da Inteligência Artificial aborda os conceitos de governança, riscos, responsabilidade e as suas implicações socioeconômicas.;;;
FGV 22;Engenharia de Prompts: Como Guiar a IA Generativa para Melhores Resultados (curso gera declaração de finalização, não gera certificado);https://educacao-executiva.fgv.br/cursos/online/curta-media-duracao-online/engenharia-de-prompts-como-guiar-ia-generativa-para-melhores-resultados;TI - Inteligência Artifical;FGV;FGV EAESP;2;;;O curso Engenharia de Prompts: Como Guiar a IA Generativa para Melhores Resultados, planeja interações com modelos de linguagem, organizando contexto, papéis, restrições e formato de saída para diferentes objetivos.;;O curso Engenharia de Prompts: Como Guiar a IA Generativa para Melhores Resultados, planeja interações com modelos de linguagem, organizando contexto, papéis, restrições e formato de saída para diferentes objetivos.;;;
500;Governo Aberto: Transparência e Dados Abertos;https://www.escolavirtual.gov.br/curso/500;Transparência, Controle e Participação;Enap;Secretaria Especial de Assuntos Federativos;10;30;Curso Aberto;Em 2011, o Brasil lançou, em conjunto com outros países e organizações da sociedade civil, a iniciativa multilateral internacional chamada Open Government Partnership (OGP), que significa Parceria para Governo Aberto. Você já conhece o conceito de governo aberto e as medidas que estão sendo implementadas para conferir transparência na gestão pública? Que tal conhecer essa iniciativa e refletir sobre como ela pode contribuir para uma gestão pública mais transparente? Faça sua inscrição neste curso.;Agentes públicos e cidadãos interessados no assunto. Curso aberto, gratuito e com certificado, qualquer pessoa pode se inscrever.;"Módulo 1 — O que é governo aberto;Módulo 2 — Os princípios de governo aberto;Módulo 3 — Implementando medidas de governo aberto.";20/05/2022;;
1058;A Responsabilização Administrativa na Lei Anticorrupção;https://www.escolavirtual.gov.br/curso/1058;Transparência, Controle e Participação;Enap;Controladoria Geral da União;30;30;Curso Aberto;Neste curso, você conhecerá os principais aspectos da Lei Anticorrupção (Lei nº 12.846/2013) relacionados ao processo de responsabilização administrativa de pessoas jurídicas devido à prática de atos lesivos contra a Administração Pública. Além disso, você compreenderá os procedimentos para implementação do programa de integridade e dos acordos de leniência. Quer saber mais? Inscreva-se.;Agentes públicos e cidadãos que tenham interesse na matéria. Curso aberto, gratuito e com certificado, qualquer pessoa pode se inscrever;Módulo 1 – Introdução: histórico, sujeitos e sistema de responsabilizaçãoMódulo 2 – Tipologia, sanções e prescriçãoMódulo 3 – Processo de ResponsabilizaçãoMódulo 4 – Programa de Integridade, Acordo de Leniência e Termo de Compromisso;45317;;
76;Acesso à Informação ;https://www.escolavirtual.gov.br/curso/76;Transparência, Controle e Participação;Enap;Controladoria Geral da União;20;;;O curso demonstra as bases normativas, conceituais e operacionais que podem ser utilizadas na aplicação da Lei de Acesso à Informação (LAI), oferecendo subsídios aos cidadãos e à administração pública em geral para a realização consciente e eficiente de atos relacionados a essa área.;Servidores e empregados públicos que tenham atuação no âmbito do Poder Executivo federal e desenvolvam atividades em ouvidorias ou em áreas que tratem de temas afins. Curso aberto, gratuito e com certificado, qualquer pessoa pode se inscrever.;O conteúdo aborda o direito de acesso à informação no Brasil, destacando a abrangência da Lei de Acesso à Informação, o exercício do direito ao acesso e os prazos e procedimentos para garantir esse direito. Também trata das negativas de acesso, explicando os fundamentos para a negação, as possibilidades de restrição e os procedimentos para proteção da informação. Por fim, aborda as informações classificadas e dados abertos, com ênfase nas diretrizes de classificação, no tratamento de informações classificadas, nas comissões de tratamento e no conceito de dados abertos.;;;
819;Admissibilidade Correcional ;https://www.escolavirtual.gov.br/curso/819;Transparência, Controle e Participação;Enap;Controladoria Geral da União;20;30;Curso Aberto;A apuração de denúncias de irregularidades ocorridas no âmbito da Administração Pública constitui dever da autoridade competente e é exercida por intermédio de unidades correcionais e agentes públicos designados para compor comissões processantes. Neste curso você irá compreender a fase de admissibilidade de notícias de irregularidades e saber quais providências e procedimentos investigativos podem ser utilizados pelas unidades correcionais.;Agentes Públicos. Curso aberto, gratuito e com certificado, qualquer pessoa pode se inscrever.;Módulo 1: Visão geral da admissibilidadeMódulo 2: Visão geral da matriz de responsabilizaçãoMódulo 3: Fato, Conduta e AgenteMódulo 4: Elementos de informações, elementos faltantes, tipificação e estrutura da nota técnicaMódulo 5: Procedimentos investigativosMódulo 6: Admissibilidade no ePAD;44719;;
412;Análise de Atos de Concentração Horizontal;https://www.escolavirtual.gov.br/curso/412;Transparência, Controle e Participação;Enap;Conselho Administrativo de Defesa Econômica - CADE;20;30;Curso Aberto;O curso desenvolvido pela Enap em parceria com o Conselho Administrativo de Defesa Econômica – CADE, visando maior disseminação da temática de Análise de Atos de Concentração Horizontal. Tem como objetivo geral, detalhar os conceitos básicos e metodologias utilizadas nessa temática.;Interessados que queiram compreender as etapas, técnicas e critérios adotados nas análises realizadas pela autoridade antitruste brasileira. Curso aberto, gratuito e com certificado, qualquer pessoa pode se inscrever.;Módulo 1: O que é um ato de concentraçãoMódulo 2: Mercado relevante e participação de mercadoMódulo 3: Efeitos UnilateraisMódulo 4: Condições para coordenação e efeitos sobre a eficiência do mercadoMódulo 5: Casos Concretos;17/05/2021;;
407;Análise de Condutas Unilaterais Restritivas à Concorrência;https://www.escolavirtual.gov.br/curso/407;Transparência, Controle e Participação;Enap;Conselho Administrativo de Defesa Econômica;20;30;Curso Aberto;O curso desenvolvido pela Enap em parceria com o Conselho Administrativo de Defesa Econômica – CADE, explica os conceitos básicos e metodologias utilizadas na análise de condutas unilaterais restritivas à concorrência.;Agentes de mercado que queiram compreender diversas condutas unilaterais que são foco de investigação pela autoridade antitruste brasileira, bem como novos servidores na Superintendência Geral, Departamento de Estudos Econômicos, Assessorias de Conselheiro e Presidência do Cade. Curso aberto, gratuito e com certificado, qualquer pessoa pode se inscrever.;"Módulo 1 – Conceitos fundamentais de condutas unilaterais;Módulo 2 – Principais condutas unilaterais - Parte 1;Módulo 3 – Principais condutas unilaterais - Parte 2.";44333;;
357;Análise de Impacto Regulatório: Conceitos Fundamentais;https://www.escolavirtual.gov.br/curso/357;Transparência, Controle e Participação;Enap;Ministério da Fazenda;10;30;Curso Aberto;Os pontos tratados no Decreto nº 10.411/2020, que regulamenta a Análise de Impacto Regulatório e a torna obrigatória a partir de 2021, integram o conteúdo deste curso, que visa colaborar com a implementação do decreto e esclarecer o processo de elaboração da AIR. O curso foi desenvolvido pelo Ministério da Economia e pela Casa Civil da Presidência da República para facilitar a compreensão dos participantes sobre o tema. Quer saber mais? Faça sua inscrição.;Servidoras e servidores integrantes do Governo Federal, especialmente os que trabalham em áreas ligadas a elaboração de normas. Servidores de outras esferas de governo ou pessoas do setor privado que tenham interesse na Análise de Impacto Regulatório também podem se beneficiar do curso. Curso aberto, gratuito e com certificado, qualquer pessoa pode se inscrever.;Módulo 1 - Política e análise regulatóriaMódulo 2 - Detalhando o decreto nº 10.411/2020Módulo 3 - O guia de AIR;29/10/2020;;
1031;Assembleias Cidadãs: inovação democrática na prática;https://www.escolavirtual.gov.br/curso/1031;Transparência, Controle e Participação;Enap;Câmara Municipal de São Paulo;30;30;Curso Aberto;"Neste curso você conhecerá o formato de participação social chamado ""Assembleias Cidadãs"". Serão apresentadas as experiências dessa metodologia no Brasil para encorajar lideranças públicas a incorporá-la entre as possibilidades de democracia deliberativa. Serão apresentados os principais conceitos, estágios e ferramentas utilizados em uma Assembleia Cidadã, seu planejamento, execução e avaliação de impacto.";Vereadores, assessores parlamentares, secretários e outros funcionários do Legislativo, gestores de organizações sociais, facilitadores de processos participativos. Servidores públicos de qualquer esfera e poder. Curso aberto, qualquer interessado pode se inscrever.;"Módulo 1: O que são e como funcionam as Assembleias Cidadãs;Módulo 2: Planejando uma Assembleia Cidadã;Módulo 3: Realizando a Assembleia Cidadã;Módulo 4: Resultados e Aprendizados da Assembleia Cidadã.";45279;;
302;Auditoria e Controle Para Estatais;https://www.escolavirtual.gov.br/curso/302;Transparência, Controle e Participação;Enap;Enap - Escola Nacional de Administração Pública;20;30;Curso Aberto;O curso tem o objetivo de informar sobre a história da Auditoria Interna ao longo dos anos, a evolução de seu papel dentro das organizações, bem como sua forma de trabalho, além de abordar uma estrutura modelo para o desenvolvimento, a implementação e a aplicação do controle interno, e a avaliação de sua eficácia.;Empregados públicos de estatais. Curso aberto, gratuito e com certificado, qualquer pessoa pode se inscrever.;Módulo 1 - Histórico e importância da auditoria interna modernaMódulo 2 - O papel da auditoria interna em uma organizaçãoMódulo 3 - Controle Interno – Estrutura IntegradaMódulo 4 - Como a auditoria interna trabalha;43969;;
661;Cadastro Integrado de Projetos de Investimento - Obrasgov.br;https://www.escolavirtual.gov.br/curso/661;Transparência, Controle e Participação;Enap;Secretaria de Gestão e Inovação (SEGES/MGI);30;30;Curso Aberto;Descubra como realizar as principais ações do Obrasgov.br! Neste curso, você irá conhecer o passo a passo para cadastro e gerenciamento de intervenções. Também verá os procedimentos relativos à execução financeira e física da intervenção, além de outros tópicos. Este curso irá lhe auxiliar a contribuir para uma Administração Pública mais transparente e eficiente!;Responsáveis pelo cadastro e gerenciamento de intervenções no sistema Obrasgov.br. Curso aberto, gratuito e com certificado, qualquer pessoa pode se inscrever.;"Módulo 1: Panorama do Obrasgov.br (Histórico e perfis de acesso);Módulo 2: Cadastro de Intervenções;Módulo 3: Projeto de Investimento em Infraestrutura, Permissões Especiais e Execução;Módulo 4: Execução da Intervenção;Módulo 5: Intervenções, Sub-rogação e Acesso Livre.";05/10/2023;;
821;Comissões Processantes;https://www.escolavirtual.gov.br/curso/821;Transparência, Controle e Participação;Enap;Controladoria Geral da União;10;30;Curso Aberto;Você sabe quais são os requisitos para a composição de uma comissão processante? Neste curso você entenderá como essas comissões são formadas, conforme o tipo de processo correcional instaurado, e conhecerá as hipóteses de suspeição e de impedimento dos seus membros, além de outras informações importantes. Esta ação integra o Programa de Capacitação para Corregedorias (CRG+).;Agentes públicos que atuam com a matéria correcional. Curso aberto, gratuito e com certificado. Qualquer pessoa pode se inscrever.;Módulo 1: Natureza jurídica e finalidade das comissõesMódulo 2: Atribuições, deveres e proibições dos membros de comissãoMódulo 3: Causas de impedimento e suspeição no PAD e PASMódulo 4: Causas de impedimento e suspeição no PARMódulo 5: Requisitos para membros de comissões;44721;;
428;Compliance Anticorrupção em Empresas Estatais;https://www.escolavirtual.gov.br/curso/428;Transparência, Controle e Participação;Enap;Enap - Escola Nacional de Administração Pública;25;30;Curso Aberto;A Lei Anticoprrupção, que foi aprovada em 2013, é o principal marco para a implementação do programa de compliance nas empresas estatais. Já o Decreto 8420, de 2015, define o que é compliance e tudo o que uma empresa estatal precisa ter para que seus funcionários não cometam desvios. Que tal realizar este curso e conhecer os principais pontos da lei anticorrupção e os pilares do programa de compliance na esfera pública? Inscreva-se!;Agentes públicos de qualquer esfera e Poder. Curso aberto, gratuito e com certificado, qualquer pessoa pode se inscrever.;Módulo 1: Aspectos gerais do compliance anticorrupção.Módulo 2: Os pilares de um Programa de Compliance.Módulo 3: Aspectos específicos do compliance nas empresas estatais.Módulo 4: Um olhar comportamental.;30/12/2022;;
820;Comunicações Processuais;https://www.escolavirtual.gov.br/curso/820;Transparência, Controle e Participação;Enap;Controladoria Geral da União;10;30;Curso Aberto;Você conhece as regras gerais, os instrumentos e as formas de comunicação em processos correcionais? Neste curso você compreenderá como deve ocorrer a condução dos atos processuais e conhecerá as formas de comunicação aplicadas às comissões e aos demais partícipes desses processos. Esta ação integra o Programa de Capacitação para Corregedorias (CRG+).;Agentes públicos que integram as comissões de processos disciplinares do Poder Executivo Federal. Curso aberto, gratuito e com certificado. Qualquer pessoa pode se inscrever.;Módulo 1: Introdução e comunicação processual inicialMódulo 2: Intimação e citaçãoMódulo 3: Formas de entrega da comunicação (parte 1)Módulo 4: Formas de entrega da comunicação (parte 2);09/06/2022;;
473;Conformidade Cooperativa Fiscal na Receita Federal;https://www.escolavirtual.gov.br/curso/473;Transparência, Controle e Participação;Enap;Secretaria Especial da Receita Federal do Brasil;30;30;Curso Exclusivo;Quer aprofundar o conhecimento sobre diversos aspectos a respeito da Conformidade Cooperativa Fiscal? O curso visa mostrar a relevância das ações neste tema adotadas por várias Administrações Tributárias pelo mundo e em como a Receita Federal está se inspirando nas melhores práticas internacionais no desenho do programa CONFIA. É um tema atual e essencial para promover a mudança de paradigma no relacionamento entre o Estado e o cidadão, de um modelo de comando e controle para um modelo de boa governança e cooperação.;Exclusivo para servidores da Receita Federal do Brasil. Para o usuário ter acesso ao curso é necessário que tenha o cadastro na EV.G com seu e-mail institucional (@rfb.gov.br ou @receita.fazenda.gov.br ou @receita.economia.gov.br).;Módulo 1 – Uma nova relação entre fisco e contribuinteMódulo 2 – Conformidade Cooperativa: Experiências internacionaisMódulo 3 – Os pilares da conformidade cooperativa fiscalMódulo 4 – Confia: O programa de conformidade cooperativa da Receita Federal;03/05/2022;;
1114;Conselho da Comunidade e Controle Social - Formação de Conselheiros;https://www.escolavirtual.gov.br/curso/1114;Transparência, Controle e Participação;Enap;Ministério da Justiça e Segurança Pública;40;60;Curso Aberto;O curso Conselho da Comunidade e Controle Social: Formação de Conselheiros foi desenvolvido obedecendo às diretrizes pedagógicas definidas pela Escola Nacional de Serviços Penais (ESPEN), escola de governo da União alocada na estrutura da Secretaria Nacional de Políticas Penais (SENAPPEN) e em paralelo à cooperação interinstitucional com a Universidade Federal de Santa Catarina em 2022.;O curso Conselho da Comunidade e Controle Social: Formação de Conselheiros destina-se aos conselheiros da comunidade, representantes da sociedade civil vinculados às atividades dos Conselhos da Comunidade e demais atores envolvidos na execução penal. Servidores públicos de qualquer esfera e Poder, bem como cidadãos em geral, estão autorizados a realizar o curso.;Módulo 1: Histórico dos Conselhos da ComunidadeMódulo 2: Panorama sobre a atuação dos Conselhos da ComunidadeMódulo 3: Participação social dentro e fora da execução penalMódulo 4: Orientações para instalação, organização e estruturação dos Conselhos da ComunidadeMódulo 5: Formas de atuação dos Conselhos da Comunidade Módulo 5: Formas de atuação dos Conselhos da Comunidade;20/03/2024;;
278;Controles na Administração Pública;https://www.escolavirtual.gov.br/curso/278;Transparência, Controle e Participação;Enap;Tribunal de Contas da União;30;30;Curso Aberto;Ao final deste curso, espera-se que o participante seja capaz de aplicar princípios do controle no contexto da gestão pública. O curso abordará os temas Prestação de Contas, Controles na Administração Pública, Controle Externo, Controle Interno e Controle Social. O participante é responsável pelo seu aprendizado, desenvolvendo-o de maneira autônoma e automotivacional!;Servidores públicos dos três poderes e esferas federal, estadual e municipal. Curso aberto, gratuito e com certificado, qualquer pessoa pode se inscrever.;" Aula 1 – Prestação de Contas;Aula 2 – Controles na Administração Pública;Aula 3 – Controle Externo;Aula 4 – Controle Interno;Aula 5 – Controle Social;";43889;;
1364;Desenvolvimento Urbano Integrado: a participação social construindo cidades melhores;https://www.escolavirtual.gov.br/curso/1364;Transparência, Controle e Participação;Enap;Ministério das Cidades;30;30;Curso Aberto;Neste curso, você verá como a participação social fortalece o desenvolvimento urbano e contribui para cidades mais justas e sustentáveis. Serão abordados os marcos legais e institucionais, a Política Nacional de Desenvolvimento Urbano, metodologias de construção participativa, além dos principais desafios e oportunidades da área. Quer saber mais? Inscreva-se!;Gestores públicos, membros de conselhos municipais, profissionais de planejamento urbano, líderes comunitários, estudantes e demais interessados na temática. Curso aberto, gratuito e com certificado.;Módulo 1: Introdução à Participação Social no Desenvolvimento Urbano, Marcos legais e institucionaisMódulo 2: Política Nacional de Desenvolvimento Urbano (PNDU)Módulo 3: Principais Mecanismos de Participação Social no âmbito do Ministério das Cidades.Módulo 4: Metodologias de Construção Participativa e sua Aplicação PráticaMódulo 5: Desafios e Oportunidades;03/03/2026;;
314;Elaboração de Relatórios de Auditoria;https://www.escolavirtual.gov.br/curso/314;Transparência, Controle e Participação;Enap;Controladoria Geral da União;24;30;Curso Aberto;Conheça um novo modelo de relatório para as atividades de auditoria da CGU e de instrumentos auxiliares de planejamento, possibilitando a sua proficiência nesses temas e, consequentemente, a melhoria da qualidade dos relatórios resultantes das atividades de auditoria.;Auditores da Controladoria-Geral da União (lotados no Órgão Central, em Brasília e nos estados). Curso aberto, gratuito e com certificado, qualquer pessoa pode se inscrever.;Módulo 1 - O relatório de auditoriaMódulo 2 - O planejamento do relatórioMódulo 3 - O desenvolvimento do relatórioMódulo 4 - Recomendações e planos de açãoMódulo 5 - A finalização dos relatórios de auditoria e os processos de garantia da qualidade;44012;;
1046;Fiscalização e Controle da Administração Pública Municipal;https://www.escolavirtual.gov.br/curso/1046;Transparência, Controle e Participação;Enap;Enap - Escola Nacional de Administração Pública;10;30;Curso Aberto;Descubra como a política está presente no dia a dia das cidades! Aprenda a fiscalizar e controlar a gestão pública municipal, garantindo serviços eficientes e transparência. Domine as ferramentas legislativas essenciais para monitorar ações do poder público e promover direitos fundamentais. Inscreva-se e contribua para uma administração mais justa e responsável na sua comunidade!;Vereadores e vereadoras brasileiros(as) de todo o país. Curso aberto, gratuito e com certificado, qualquer pessoa pode se inscrever.;Módulo 1: Aspectos Gerais da Fiscalização e Controle da Administração Pública Municipal.Módulo 2: Instrumentos Legislativos de Fiscalização e Controle da Administração Pública Municipal.;11/02/2025;;
856;Fundamentos de Transferências Voluntárias;https://www.escolavirtual.gov.br/curso/856;Transparência, Controle e Participação;Enap;Tribunal de Contas da União;35;60;Curso Aberto;Neste curso, você conhecerá os conceitos básicos relacionados às transferências voluntárias de recursos federais aos entes da federação (estados, Distrito Federal e municípios) e às organizações da sociedade civil. Além disso, compreenderá como ocorre a proposição, celebração, execução e prestação de contas dessas transferências. Faça sua inscrição para saber mais!;Servidores públicos de qualquer esfera e Poder, bem como cidadãos em geral. Curso aberto, gratuito e com certificado, qualquer pessoa pode se inscrever.;Módulo 1: Noções básicas sobre Transferências VoluntáriasMódulo 2: Proposição de transferências voluntáriasMódulo 3: Celebração de Transferências VoluntáriasMódulo 4: Execução de Transferências VoluntáriasMódulo 5: Prestação de Contas de Transferências VoluntáriasMódulo 6: Marco Regulatório das Organizações da Sociedades Civil e seu impacto na operação das Transferências VoluntáriasMódulo 7: Competência do TCU para fiscalização de transferências voluntárias e responsabilização de gestores;44816;;
119;Gestão em Ouvidoria;https://www.escolavirtual.gov.br/curso/119;Transparência, Controle e Participação;Enap;Ouvidoria-Geral da União;20;30;Curso Aberto;A Ouvidoria Pública atua no processo de interlocução entre o cidadão e a Administração Pública, a fim de que as manifestações decorrentes do exercício da cidadania provoquem a melhoria dos serviços públicos prestados. O objetivo desse curso é capacitar pessoas sobre fundamentos e atividades relacionadas à Ouvidoria Pública.;Agentes públicos que desenvolvam suas atividades em ouvidorias ou em áreas que tratem de temas afins. Curso aberto, gratuito e com certificado, qualquer pessoa pode se inscrever.;1 Fundamentos e atuação da Ouvidoria Pública 1.1 Conceito de Ouvidoria Pública1.2 Histórico das Ouvidorias Públicas no Brasil1.3 Público das Ouvidorias1.4 Funções do Ouvidor1.5 Requisitos para o bom funcionamento da Ouvidoria 2 Atendimento ao cidadão nas Ouvidorias Públicas 2.1 Importância2.2 Fluxo2.3 Acesso à Informação 3 Utilização de ferramentas gerenciais e tecnológicas 3.1 Planejamento3.2 Plano de Trabalho e Fluxo de Atendimento3.3 Relatórios gerenciais3.4 Ferramentas tecnológicas e manifestações de Ouvidoria;09/05/2017;;
214;Gestão em Ouvidoria para o Ministério Público;https://www.escolavirtual.gov.br/curso/214;Transparência, Controle e Participação;Enap;Controladoria Geral da União;20;30;Curso Aberto;O curso Gestão em Ouvidoria para o Ministério Público foi desenvolvido pela Enap, em parceria com a Ouvidoria-Geral da União (OGU) e a Ouvidoria Nacional do Ministério Público (ONMP), para integrar a Certificação em Ouvidoria no âmbito do Ministério Público brasileiro. Essa capacitação foi desenvolvida com foco nas necessidades e expectativas dos participantes quanto ao desenvolvimento das atividades em ouvidoria do Ministério Público, contribuindo para a formação de profissionais da área e demais interessados em aprender os fundamentos da Ouvidoria Pública e os aspectos relacionados à sua gestão.;Agentes que desenvolvam suas atividades em ouvidorias ou em áreas que tratem de temas afins no âmbito do Ministério Público. Curso aberto, gratuito e com certificado, qualquer pessoa pode se inscrever.;1 Fundamentos e atuação da Ouvidoria Pública 1.1 O que é uma Ouvidoria Pública? 1.2 Bases constitucionais que garantem a participação dos cidadãos na gestão pública 1.3 Breve histórico das Ouvidorias Públicas no brasil: fatos relevantes e aspectos normativos 1.4 Quem é o público da Ouvidoria? 1.5 A função do Ouvidor 1.6 Requisitos para o bom funcionamento da Ouvidoria e alguns desafios a serem enfrentados 2 Atendimento ao cidadão nas Ouvidorias Públicas 2.1 A importância do atendimento nas Ouvidorias 2.2 O fluxo de atendimento 2.3 Pedidos de acesso à informação 3 A utilização de ferramentas gerenciais e tecnológicas nas Ouvidorias Públicas 3.1 Planejamento 3.2 Plano de Trabalho 3.3 Fluxo de Atendimento X Processo de Planejamento 3.4 Relatórios gerenciais: ferramenta de gestão e de cidadania 3.5 Ferramentas tecnológicas e manifestações de Ouvidoria 3.6 O Painel Resolveu?;28/02/2019;;
1261;Introdução ao Planejamento de Auditoria Baseado em Riscos;https://www.escolavirtual.gov.br/curso/1261;Transparência, Controle e Participação;Enap;Controladoria Geral da União;20;30;Curso Aberto;Neste curso, você vai explorar a metodologia de Planejamento de Auditoria Baseado em Riscos (PABR), passando por uma visão geral, as diferentes dimensões e etapas envolvidas, a execução das subetapas e o papel central do auditor nesse processo. Descubra como potencializar os resultados do seu trabalho de auditoria! Inscreva-se e saiba mais.;Servidores e profissionais que atuam na área de auditoria. Curso aberto e gratuito, qualquer pessoa pode se inscrever.;"Módulo 1: Introdução;Módulo 2: Visão Geral do PABR;Módulo 3: PABR 360°;Módulo 4: Execução das Subetapas do PABR;Módulo 5:Protagonismo do PABR.";45586;;
792;Papéis de Trabalho em Auditoria Interna Governamental;https://www.escolavirtual.gov.br/curso/792;Transparência, Controle e Participação;Enap;Controladoria Geral da União;16;30;Curso Aberto;O curso tem por objetivo apresentar aspectos teóricos e normativos sobre elaboração e gestão de papéis de trabalho, incluindo a exposição de modelos e de exemplos práticos, de forma a prover conhecimento e ferramentas apropriadas para a condução de trabalhos sistemáticos e disciplinados, que reforcem a independência e a objetividade como atributos essenciais da atividade de auditoria interna.;Servidores da CGU, auditores internos governamentais do Poder Executivo Federal, auditores governamentais (internos e externos) de outros poderes e esferas de governo, estudantes de áreas relacionadas ao tema. Curso aberto, qualquer pessoa pode se inscrever.;Módulo I – Papéis de Trabalho na Auditoria Interna GovernamentalMódulo II – Conceitos Básicos e Fundamentais sobre Papéis de TrabalhoMódulo III – Atributos dos Papéis de TrabalhoMódulo IV – Papéis de Trabalho e Relatórios de AuditoriaMódulo V – Revisão dos Papéis de TrabalhoMódulo VI - Organização, Armazenamento e Acesso aos Papéis de Trabalho;44677;;
884;Participação e Controle Social na Execução de Penas;https://www.escolavirtual.gov.br/curso/884;Transparência, Controle e Participação;Enap;Ministério dos Direitos Humanos e Cidadania;30;30;Curso Aberto;Neste curso, você entenderá como a sociedade participa e controla a execução das penas. Serão abordadas a evolução das normas nacionais e internacionais, a estrutura dos órgãos de controle e os mecanismos de participação social. Também vamos explorar o Sistema Nacional de Prevenção e Combate à Tortura e sua atuação em rede.;Integrantes dos Conselhos Penitenciários, dos Conselhos de Comunidades, dos Comitês e Mecanismos de Prevenção e Combate à Tortura. Curso aberto e gratuito, qualquer pessoa pode se inscrever.;Módulo 1 - Estado, Direito e PrisãoMódulo 2 - Participação social na execução de penas no BrasilMódulo 3 - Fortalecimento institucional e advocacia na prevenção à tortura;17/09/2024;;
501;PLATAFORMA +BRASIL - oportunidades de acesso aos recursos federais;https://www.escolavirtual.gov.br/curso/501;Transparência, Controle e Participação;Enap;Secretaria Especial de Assuntos Federativos;10;30;Curso Aberto;Você sabe onde e como identificar oportunidades de recursos para o seu município? Sabe como melhorar a capacidade de captação de recursos, como melhorar a gestão e receber mais recursos? Este curso pretende responder essas e outras questões sobre o assunto, destacando formas de captação de recursos. Inscreva-se!;Servidores públicos, especialmente aos que iniciam sua trajetória na gestão municipal. Curso aberto, gratuito e com certificado, qualquer pessoa pode se inscrever.;"Módulo 1 - Como identificar oportunidades de recursos;Módulo 2 - Formas de obter recursos e firmar parcerias;Módulo 3 - Operando a Plataforma + Brasil;Módulo 4 - Operando transferências especiais e fundos;Módulo 5 - Rede + Brasil – Você não está sozinho;Módulo 6 - Como melhorar a capacidade de captação de recursos do seu município.";11/01/2022;;
1325;Recuperação de Ativos e Combate à Corrupção e à Lavagem de Dinheiro;https://www.escolavirtual.gov.br/curso/1325;Transparência, Controle e Participação;Enap;Ministério da Justiça e Segurança Pública;90;89;Curso Aberto;Este curso tem como objetivo principal explorar de forma integrada e racional as iniciativas de recuperação de ativos, combate à lavagem de dinheiro e à corrupção, promovendo a criação de uma comunidade de aprendizagem voltada para a prevenção e o combate a esses crimes. Você aprenderá práticas e técnicas para detectar, prevenir e combater esses ilícitos dentro das organizações, além de estratégias eficazes para a recuperação de ativos, contribuindo para a integridade pública e a transparência.;Agentes públicos e membros da Sociedade Civil. Curso aberto, gratuito e com certificado, qualquer pessoa pode se inscrever.;"Módulo 1: Lavagem de Dinheiro;Módulo 2: Corrupção;Módulo 3: Cooperação Jurídica Internacional;Módulo 4: Origem e Produção da Inteligência Financeira;Módulo 5: Suborno Transnacional;Módulo 6: Recuperação de Ativos";22/01/2025;;
120;Resolução de Conflitos Aplicada ao Contexto das Ouvidorias;https://www.escolavirtual.gov.br/curso/120;Transparência, Controle e Participação;Enap;Ouvidoria-Geral da União;20;30;Curso Aberto;Os conflitos e divergências fazem parte da humanidade. Todavia, as maneiras de solucionar os desacordos podem ser diferentes. Nesse curso, você conhecerá algumas formas de mediar e solucionar conflitos no âmbito das Ouvidorias Públicas.;Agentes públicos que integrem o Poder Executivo federal que desenvolvam atividades em ouvidorias ou em áreas que tratem de temas afins. Curso aberto, gratuito e com certificado, qualquer pessoa pode se inscrever.;1 Resolução de conflitos na ouvidoria 1.1 Diálogo como instrumento para resolução de conflitos1.2 Modalidades de resolução de conflito1.3 Processos autocompositivos1.4 Experiências de solução consensual de conflitos entre estado e cidadão no Brasil 2 Ouvidoria Pública 2.1 Resolução de conflitos com o público interno e externo2.2 Facilitador de resolução de conflitos2.3 Ouvidoria como espaço de excelência para resolução de conflitos2.4 Resolução consensual de conflitos3 Técnicas de resolução pacífica de conflitos aplicáveis às Ouvidorias Públicas;42899;;
875;Serviços públicos e defesa do usuário;https://www.escolavirtual.gov.br/curso/875;Transparência, Controle e Participação;Enap;Controladoria Geral da União;20;30;Curso Aberto;O Código de defesa dos direitos dos usuários de serviços públicos é um importante instrumento para garantir a prestação do serviço público adequado. Neste curso, você conhecerá os principais direitos apresentados nessa lei e compreenderá como a simplificação de serviços, as ouvidorias e a participação dos cidadãos contribuem para a proteção e defesa dos direitos dos usuários e para o aprimoramento dos serviços públicos. Faça sua inscrição!;Ouvidores e colaboradores de ouvidorias. Curso aberto, gratuito e com certificado, qualquer pessoa pode se inscrever.;"Módulo 1: Serviços Públicos e o Código de Defesa dos Usuários;Módulo 2: Os direitos dos usuários e a simplificação de serviços;Módulo 3: As Ouvidorias como mecanismos de tutela de direitos;Módulo 4: Transparência de serviços públicos;Módulo 5: Avaliação e governança participativa de serviços públicos.";44826;;
886;Suborno Transnacional;https://www.escolavirtual.gov.br/curso/886;Transparência, Controle e Participação;Enap;Controladoria Geral da União;40;60;Curso Aberto;O Suborno transnacional ocorre quando o cidadão de um determinado país ou agentes da empresa sediada naquele país oferecem vantagens indevidas para agentes públicos de outro país. Neste curso, você conhecerá a origem histórica, o conceito, as convenções internacionais e a legislação brasileira de combate ao suborno transnacional, bem como suas formas de detecção pelas autoridades tributárias e os respectivos procedimentos para a realização de denúncias.;"Servidores da área de fiscalização tributária ou que trabalhem em órgãos envolvidos na prevenção e combate à lavagem de dinheiro, ou nas representações diplomáticas do Brasil; funcionários de entidades que prestam assistência ao desenvolvimento econômico (APEX e Bancos de desenvolvimento); servidores que trabalham na entidade defesa da concorrência (CADE), contadores e advogados do setor privado. Demais servidores públicos de qualquer esfera e Poder, bem como cidadãos em geral interessados no tema. Curso aberto, gratuito e com certificado, qualquer pessoa pode se inscrever.";"Módulo 1: Introdução: origem histórica, conceito, convenções e legislação brasileira;Módulo 2: Suborno transnacional e autoridades tributárias;Módulo 3: Unidades de inteligência financeira;Módulo 4: Representações brasileiras no exterior;Módulo 5: Crédito à exportação e assistência para o desenvolvimento.Módulo 6: Autoridades de defesa da concorrência.Módulo 7: Suborno transnacional e consultores especializados (advogados e contadores).";06/01/2023;;
312;Técnicas de Auditoria Interna Governamental;https://www.escolavirtual.gov.br/curso/312;Transparência, Controle e Participação;Enap;Controladoria Geral da União;24;30;Curso Aberto;Conhecer e saber aplicar as técnicas de auditoria é fundamental para o auditor. Este curso tem a finalidade de contribuir para o aperfeiçoamento do trabalho de auditores, por meio da apresentação de conceitos e procedimentos das técnicas utilizadas na auditoria, conforme estabelecido no Manual de Orientações Técnicas da Atividade de Auditoria Interna Governamental do Poder Executivo Federal (MOT).;Agentes públicos que atuam na atividade de auditoria interna governamental. Curso aberto, gratuito e com certificado, qualquer pessoa pode se inscrever.;Módulo 1 - Considerações iniciais referentes às técnicas de auditoriaMódulo 2 - Técnicas de obtenção da evidência documentalMódulo 3 - Técnicas de obtenção da evidência físicaMódulo 4 - Técnica de obtenção da evidência testemunhalMódulo 5 - Técnicas de obtenção da evidência analítica - parte 1Módulo 6 - Técnicas de obtenção da evidência analítica - parte 2Módulo 7 - Considerações finais referentes às técnicas de auditoria;44012;;
218;Tratamento de Denúncias em Ouvidoria para Ministério Público;https://www.escolavirtual.gov.br/curso/218;Transparência, Controle e Participação;Enap;Controladoria Geral da União;20;30;Curso Aberto;Essa capacitação foi elaborada com o objetivo de estimular a construção de competências relacionadas ao recebimento e tratamento das denúncias pelas ouvidorias do Ministério Público brasileiro, contribuindo para a qualificação dos servidores públicos que trabalham no combate à corrupção, bem como para aprimoramento da Administração Pública.;Ouvidores, servidores e colaboradores que desenvolvam suas atividades em ouvidoria ou em áreas que tratem de temas afins no âmbito do Ministério Público brasileiro. Curso aberto, gratuito e com certificado, qualquer pessoa pode se inscrever.;Módulo 1 - Ouvidorias Públicas e Denúncias Módulo 2 - Recebimento de Denúncias pela OuvidoriaMódulo 3 - Análise Preliminar e Órgãos Apuratórios;29/03/2019;;
1443;Introdução ao Exercício do Controle Social;https://www.escolavirtual.gov.br/curso/1443;Transparência, Controle e Participação ;Enap;Secretaria de Desenvolvimento Social do Distrito Federal;40;;;Exerça o controle social com conhecimento e comprometimento! O curso aborda a participação e o controle social na assistência social no Brasil, a política de assistência social e o SUAS e o financiamento da política e o papel dos conselhos. Destinado a conselheiros, lideranças comunitárias e cidadãos que desejam compreender e exercer o controle social sobre as políticas e os recursos da assistência social no seu município.;Trabalhadores, gestores e conselheiros da política de assistência social. Curso aberto, gratuito e com certificado.;Módulo 1 - Participação e Controle da Assistência Social no BrasilMódulo 2 - A Política de Assistência Social e o Sistema Único de Assistência Social (SUAS)Módulo 3 - O Financiamento da Política e o Exercício do Controle Social;;;
238;Atividade Correcional - Visão Geral;https://www.escolavirtual.gov.br/curso/238;Transparência, Controle e Participação ;Enap;Controladoria Geral da União;25;30;Curso Aberto;O curso Atividade Correcional – Visão Geral foi desenvolvido pela Enap em parceria com a Controladoria-Geral da União - CGU - e integra o Programa de Capacitação para Corregedorias (CRG+), que pretende disseminar o conhecimento das corregedorias e alcançar servidores e empregados públicos em todo o país. O curso tem como foco a difusão de conhecimentos básicos, aproximando a atividade correcional de servidores públicos e cidadãos. Além de esclarecer o funcionamento e o papel das corregedorias, busca também prevenir infrações correcionais a partir da discussão de casos práticos.;Agentes públicos federais, estaduais, distritais e municipais. Curso aberto, gratuito e com certificado, qualquer pessoa pode se inscrever.;" O que é a atividade correcional; O procedimento correcional; Sanções; Lei anticorrupção; Os procedimentos de responsabilização de entes privados; Articulação e Caso de sucesso: SISCOR. Casos práticos: Observância de normas e regulamentos; Inassiduidade, impontualidade e ausência desautorizada do ambiente de trabalho; Dano ou extravio de bem público; Falta de urbanidade; Assédio moral e assédio sexual; Acumulação indevida de cargos públicos; Conflito de interesses entre a função pública e atos da vida privada; Nepotismo; Irregularidades ou fraudes em licitações ou contratos; Favorecimento próprio ou de terceiros; Concessão irregular de benefícios, licenças ou autorizações; Vantagem indevida; Desproporção entre patrimônio e renda. Canais de denúncia: Elementos para uma denúncia bem fundamentada; Canais; Sistemas e cadastros correcionais; Transparência ativa e passiva de dados correcionais. ";43713;;
512;Atuação Gerencial das Ouvidorias para Melhoria da Gestão Pública;https://www.escolavirtual.gov.br/curso/512;Transparência, Controle e Participação ;Enap;Controladoria Geral da União;20;30;Curso Aberto;O curso Atuação Gerencial das Ouvidorias para Melhoria da Gestão Pública foi elaborado pela Controladoria-Geral da União e foi desenvolvido com foco no aprimoramento da capacidade gerencial das ouvidorias para melhoria da gestão e proteção aos direitos dos usuários de serviços públicos.;Agentes públicos que desenvolvam suas atividades em ouvidorias ou em áreas que tratam de temas afins. Curso aberto, gratuito e com certificado, qualquer pessoa pode se inscrever.;Módulo 1: Desenvolvimento da Capacidade Gerencial pela OuvidoriaMódulo 2: Tratamento e Acompanhamento das Demandas de OuvidoriaMódulo 3: Emissão de Relatórios e Elaboração do Plano Anual de Ouvidoria;44358;;
513;Compliance Concorrencial;https://www.escolavirtual.gov.br/curso/513;Transparência, Controle e Participação ;Enap;Conselho Administrativo de Defesa Econômica;22;30;Curso Aberto;Curso desenvolvido em 2021 pela Enap em parceria com o Conselho Administrativo de Defesa Econômica (CADE) e apresenta os principais aspectos da implementação de um Programa de compliance concorrencial, contribuindo para a promoção da cultura da concorrência nas organizações.;Empresas do setor privado que queiram diminuir os riscos de cometerem irregularidade concorrencial, estudantes e profissionais de compliance, servidores públicos de qualquer esfera e Poder, bem como cidadãos em geral. Curso aberto, gratuito e com certificado, qualquer pessoa pode se inscrever.;Módulo 1 – Introdução ao compliance concorrencialMódulo 2 – Mapeamento de riscos concorrenciais de uma organizaçãoMódulo 3 – Implementação do programa de compliance na estrutura de uma organizaçãoMódulo 4 – Ações preventivas no compliance concorrencialMódulo 5 – Sistema de monitoramento de desviosMódulo 6 – Medidas disciplinares e ações de mitigação das consequências das violações à ordem econômicaMódulo 7 – Aperfeiçoamento contínuo do programa de compliance concorrencial;44340;;
370;Fundamentos da Integridade Pública: Prevenindo a Corrupção;https://www.escolavirtual.gov.br/curso/370;Transparência, Controle e Participação ;Enap;Tribunal de Contas da União;25;30;Curso Aberto;Este curso apresenta uma abordagem introdutória sobre a integridade pública dividida em 11 aulas que tratam de temas como: integridade e integridade pública, riscos para a integridade, programa e plano de integridade.;Servidores públicos. Curso aberto, gratuito e com certificado, qualquer pessoa pode se inscrever.;Integridade PúblicaRiscos para a integridadeEstruturas de integridade;44277;;
132;Proteção ao Denunciante e Tratamento de Denúncias em Ouvidoria;https://www.escolavirtual.gov.br/curso/132;Transparência, Controle e Participação ;Enap;Ouvidoria-Geral da União;20;30;Curso Aberto;O curso Proteção ao Denunciante e Tratamento de Denúncias em Ouvidoria foi desenvolvido com o objetivo de estimular a construção de competências relacionadas ao recebimento e tratamento das denúncias pelas ouvidorias públicas na União, Estados, Distrito Federal e Municípios, contribuindo para a qualificação dos servidores públicos que trabalham no combate à corrupção, bem como para aprimoramento da Administração Pública.;Agentes públicos que desenvolvam suas atividades em ouvidorias ou em áreas que tratem de temas afins. Curso aberto, gratuito e com certificado, qualquer pessoa pode se inscrever.;"Módulo 1 1.1 - Quem é o denunciante e por que devemos protegê-lo? Módulo 2 2.1 - A construção do sistema de proteção ao denunciante no Brasil; Módulo 3 3.1 - Recebimento de denúncias e proteção à identidade; Módulo 44.1 - Análise prévia e habilitação de denúncias.";31/07/2018;;
